episode,reward,best_fitness,reward_ma10,best_fitness_ma10
1,21.534324122778287,2.4018848688904988e-08,21.534324122778287,2.4018848688904988e-08
2,5.231053210281175,0.3511998781148628,13.38268866652973,0.17559995106685575
3,5.634473145882887,0.20588932875767132,10.79995015964745,0.1856964102971276
4,9.145297436221682,0.005871444313379282,10.386286978791007,0.14074016880119053
5,7.698001750491199,0.01752720988164402,9.848629933131047,0.11609757701728123
6,5.419241923200025,0.2306362883517378,9.110398598142543,0.13518736223969066
7,36.549969778666224,4.8971836934403366e-15,13.030337338217354,0.11587488191973554
8,2.748154802563336,3.207280331073184,11.745064521260602,0.5023005630639166
9,6.3545964524160645,0.0861655651611288,11.14612362472232,0.4560633410747179
10,10.982759905054625,0.0005187304753771295,11.12978725275555,0.4105088800147839
11,17.392383695426687,1.6763259760969558e-06,10.71559321002039,0.41050904524549664
12,2.8496790611417246,2.7546838725264,10.477455795106446,0.6508574446866503
13,4.316644855454616,0.674516734566379,10.345672966063619,0.697720185267521
14,4.110332064993597,1.0272459139939527,9.842176428940808,0.7998576322355785
15,3.1214932633283063,2.357885924438648,9.38452558022452,1.0338935036912789
16,4.214398957847881,1.0541082600975304,9.264041283689306,1.1162407008658581
17,6.081418490085536,0.13414004159577006,6.2171861548312375,1.1296547050254346
18,8.217913072513094,0.009006914239035184,6.764161981826213,0.8098273633420199
19,3.9259278204869994,0.5151973430980108,6.521295118633306,0.852730541135708
20,14.077047789427263,2.39508868815041e-05,6.8307239070705705,0.8526810631768583
21,1.8669390822764105,4.436989871776101,5.278179445755542,1.2963798827218709
22,12.34579691446104,9.9832492911503e-05,6.227791231087474,1.0209214787185217
23,4.366008333042998,0.5470425781467916,6.232727578846313,1.0081740630765632
24,24.343795083264816,1.84228002181067e-09,8.256073880673435,0.9054494718613959
25,5.563227039407598,0.21262519913127104,8.500247258281362,0.6909233993306583
26,6.728014989265054,0.06259242350612002,8.75160886142308,0.5917718156715173
27,5.587325963694595,0.19715600303473535,8.702199608783987,0.5980734118154138
28,3.5700969368132727,0.8716025538472756,8.237417995214004,0.6843329757762378
29,7.00732541277984,0.04020487811099836,8.545557754443287,0.6368337292775366
30,1.9928613444169947,6.039860354797777,7.337139109942261,1.2408173696686262
31,10.270578261129764,0.0011878255476763394,8.177503027827598,0.7972371650457837
32,10.422790170475153,0.0017062217558403473,7.985202353429008,0.7973978039720765
33,2.543907832546841,3.543076996017941,7.802992303379392,1.0970012457591918
34,22.332923208443617,9.292940125773313e-09,7.601905115897273,1.0970012465042576
35,21.42136948558351,2.995202906926324e-08,9.187719360514865,1.0757387295863332
36,9.438681237945875,0.001485122583462791,9.458785985382946,1.0696279994940674
37,3.4626146718329878,2.020853172143906,9.246314856196786,1.2519977164049845
38,6.030053868499571,0.13312050993816055,9.492310549365415,1.178149512014073
39,21.959291782657747,1.3660551809594819e-08,10.987507186353206,1.1741290255690284
40,18.02389136994742,3.3580992501039953e-07,12.590610188906249,0.5701430236702433
41,2.7678573673806546,2.315901097142363,11.840338099531339,0.801614350829712
42,14.347819966079456,2.555843313989268e-05,12.232841079091768,0.8014462844974422
43,24.4070542708793,1.423273395707831e-09,14.419155722925016,0.44713858503797504
44,39.76323496229462,1.4392596012694102e-16,16.162186898310114,0.4471385841086811
45,9.45411986144934,0.0008000556030890549,14.965461935896695,0.4472185866737871
46,21.003366570552284,3.0755621570363025e-08,16.121930469157338,0.447070077491003
47,21.74723814820438,1.271510362922168e-08,17.95039281679448,0.2449847615481228
48,16.02815677881527,4.578713624439996e-06,18.95020310782605,0.23167316842566915
49,11.104315398105541,0.0006871638155438987,17.864705469370826,0.23174188344116836
50,30.95080538487003,1.6820863031578234e-12,19.157396870863085,0.23174184986034407
51,15.42050438626437,9.606161867781807e-06,20.42266157275146,0.00015270076229458935
52,14.85912601892881,1.5149802876736054e-05,20.473792178036394,0.0001516598992682737
53,19.3209390292898,1.2293387594829336e-07,19.965180653877443,0.00015167205032852896
54,14.673554585785364,1.5792931555033135e-05,17.456212616226516,0.00015325134348401787
55,43.46617273026644,4.7972877000365825e-18,20.857417903108228,7.324578317511286e-05
56,15.141991428839962,1.2023961910631763e-05,20.271280388936994,7.444510380401899e-05
57,48.11709874501561,8.327242467029236e-20,22.908266448618114,7.444383229365609e-05
58,12.338118062316834,0.00020294643808604744,22.539262576968277,9.428060473981684e-05
59,50.087562649935386,9.27673771714231e-21,26.437587302151258,2.5564223185426965e-05
60,43.42560618234939,4.77819277951682e-18,27.6850673818992,2.5564223017218816e-05
61,37.47980316642765,3.555564975553539e-15,29.890997259915526,2.4603606830796192e-05
62,49.465989486728205,1.7605456723478995e-20,33.35168360669546,2.308862654312259e-05
63,12.644652323661392,0.00014067964103021204,32.684054936132625,3.714429725854896e-05
64,44.79752383280535,2.4524121826211506e-18,35.69645186083462,3.5565004103045895e-05
65,29.092030974308003,1.0970925908297197e-11,34.25903768523878,3.5565005200138005e-05
66,36.84707666177265,5.254900025010372e-15,36.429546208532045,3.436260900960032e-05
67,44.53176619237334,2.497515578026666e-18,36.071012953267825,3.436260900960056e-05
68,16.619485417889553,2.874022439165781e-06,36.49914968882509,1.4355367444912392e-05
69,56.82312565232172,1.4380362575558085e-23,37.17270598906372,1.4355367444912392e-05
70,15.255422293153579,1.346667899510254e-05,34.355687600144144,1.570203534442217e-05
71,41.618790477290574,4.585409783689297e-17,34.769586331230435,1.57020353440712e-05
72,16.67219224736775,1.7655099270706654e-06,31.49020660729439,1.5878586336778263e-05
73,42.48086182941018,1.7926681311730852e-17,34.47382755786927,1.8106222337588525e-06
74,17.11306233065334,1.4910527701695127e-06,31.705381407654066,1.9597275107755587e-06
75,36.56291603557205,3.511383304094591e-15,32.452469913780476,1.959726414034106e-06
76,48.86107916866344,3.0792563429183235e-20,33.65387016446955,1.9597264135086188e-06
77,50.81652268376744,3.434060630948754e-21,34.28234581360896,1.9597264135083697e-06
78,36.665905016117556,4.448935695961216e-15,36.28698777343176,1.6723241700366853e-06
79,20.933792544669757,3.17995043840844e-08,32.69805446266657,1.6755041204750936e-06
80,41.17486579489825,7.852123499496081e-17,35.289998812841034,3.2883622097269174e-07
81,24.35217628409792,1.3465754767279202e-09,33.56333739352177,3.2897087851577914e-07
82,55.052853696470294,6.475760966292005e-23,37.40140353843202,1.524198858087126e-07
83,28.52352391741902,1.858405349151589e-11,36.00566974723291,1.5242174421226911e-07
84,52.35820732198669,1.3106137795749588e-21,39.53018424636625,3.3164671953179672e-09
85,55.46819562303318,2.3652297924629174e-23,41.42071220511236,3.3164668441796392e-09
86,44.790031261408394,1.841733527635869e-18,41.01360741438685,3.316466844360734e-09
87,15.639771473836346,1.1668925310254468e-05,37.49593229339374,1.1702089978698073e-06
88,21.05599207676953,3.169653817637748e-08,35.93494099945894,1.1733786512425513e-06
89,48.91439615745141,1.6808661507867046e-20,38.733001360737106,1.1701987008041447e-06
90,14.268035911403214,2.695770171763521e-05,36.0423183723876,3.865968872559814e-06
91,45.931218197205844,8.530190713513779e-19,38.2002225636984,3.8658342150122265e-06
92,43.40445898363336,8.76013914669976e-18,37.035383092414705,3.865834215013102e-06
93,38.314433562030445,8.420456383653663e-16,38.01447405687585,3.865832356691958e-06
94,45.953760804980135,4.793475433004248e-19,37.37402940517519,3.865832356692005e-06
95,41.65720556176811,5.6104292350789e-17,35.99293039904868,3.865832356697617e-06
96,14.094265627131993,2.607128149205743e-05,32.923353835621036,6.472960505903175e-06
97,53.53077667811346,3.8685459138367023e-22,36.71245435604875,5.3060679748777286e-06
98,36.32008976451466,6.373534525881906e-15,38.23886412482326,5.302898321697444e-06
99,43.912359909735926,4.403836388351465e-18,37.738660500051715,5.302898321697883e-06
100,49.30839168426428,1.6572409936648474e-20,41.24269607733782,2.607128149934363e-06
101,45.63114418614103,8.199966776117388e-19,41.21268867623134,2.6071281499343594e-06
102,46.220262648020736,6.68008611224037e-19,41.494269042670076,2.60712814993355e-06
103,49.0262546669135,2.906683185167473e-20,42.56545115315838,2.607128149849349e-06
104,44.03659630851788,3.973731796230321e-18,42.373734703512156,2.607128149849698e-06
105,38.56067419600321,6.683960244901227e-16,42.06408156693566,2.6071281499109275e-06
106,49.458756561866565,1.5347680223279377e-20,45.60053066040912,7.051857497622049e-16
107,53.10752082299568,4.2836572680994585e-22,45.558205074897344,7.051857539133186e-16
108,39.01867147027771,6.909364682088329e-16,45.82806324547365,1.3692594814601114e-16
109,47.5590138732795,1.260842720729995e-19,46.192728641828,1.3649817293438333e-16
110,21.76584537710593,1.350686658295645e-08,43.43847401111218,1.3506867947921608e-09
111,40.778397335698486,5.324628801983513e-17,42.95319932606792,1.3506868000347898e-09
112,33.056036688867295,2.3531482968265243e-13,41.636776730152576,1.350710331450957e-09
113,46.38770568508419,5.046074438687794e-19,41.37292183196965,1.350710331498511e-09
114,49.771905176693636,1.4578523947899064e-20,41.94645271878722,1.3507103311025958e-09
115,35.354282839606846,2.0489690142272934e-14,41.62581358314759,1.3507123132320076e-09
116,53.12741983744925,4.5848745361165e-22,41.99267991070585,1.3507123132305187e-09
117,39.66063009157244,1.5266735702109897e-16,40.64799083756353,1.3507123284972116e-09
118,46.18214163059792,3.7870841182035056e-19,41.36433785359555,1.3507122594414357e-09
119,38.36771209874833,8.977639802017294e-16,40.44520767614243,1.3507123492052253e-09
120,53.829170056368696,1.6429105866825895e-22,43.651540144068704,2.569090959673262e-14
121,53.17686340149903,5.242695683563041e-22,44.89138675064876,2.568558502035759e-14
122,48.22027697927498,5.908931526545726e-20,46.40781077968953,2.1541079610238746e-15
123,43.191908599063666,1.0356597453340603e-17,46.08823107108748,2.155093160024822e-15
124,49.720991495028905,5.632912674476545e-21,46.083139702921,2.1550922654636945e-15
125,46.452105202076645,4.341208814998268e-19,47.19292193916799,1.0616666332455094e-16
126,34.28654918632596,3.906525009579896e-14,45.308834874055655,4.012691627055701e-15
127,38.30667191697651,1.380019166839928e-15,45.17343905659605,4.135426808037585e-15
128,33.5577788029371,1.623112407845978e-13,43.911002773829985,2.0366513015656184e-14
129,46.70306972853017,2.3788840173734395e-19,44.744538536808165,2.0276760406476184e-14
130,41.226951740107864,7.208780053533963e-17,43.48431670518208,2.028396917010061e-14
131,51.142145180081116,1.2322159760070357e-21,43.28084488304029,2.0283969240895254e-14
132,50.52504247511515,4.1851843823482896e-21,43.511321432624314,2.0283963750482162e-14
133,54.2126925537866,9.060043869600428e-23,44.613399828096604,2.0282928099796874e-14
134,45.07664660648449,1.146266834294413e-18,44.14896533924216,2.0283042163189034e-14
135,51.21069400501586,2.2649087340341265e-21,44.62482421953608,2.0282998977591762e-14
136,50.37043625963963,4.087432427075028e-21,46.23321292686745,1.6376474376755105e-14
137,44.66910494315906,1.8961825140103307e-18,46.86945622948571,1.6238662078322512e-14
138,50.0035194783362,9.380548167086587e-21,48.51403029702562,7.538937917550696e-18
139,45.445295839285755,6.874388305823793e-19,48.38825290810117,7.5838929604352e-18
140,50.79186459515585,4.0076067858987666e-21,49.34474419360597,3.7551366757982685e-19
141,47.36433091007503,1.449230188688642e-19,48.96696276660536,3.898827478691126e-19
142,52.4838653705832,7.450815742533002e-22,49.162845056152165,3.895387375883031e-19
143,52.846681669166436,2.160122470317052e-22,49.02624396769015,3.895512787691367e-19
144,52.0996121276974,9.145916781856042e-22,49.72854051981145,2.7501605450751393e-19
145,44.338646773580905,3.827598729546093e-18,49.04133579666795,6.575494365887199e-19
146,52.47993885227549,8.236630939909147e-22,49.25228605593154,6.572230596554115e-19
147,52.222604538062896,1.0267782681438702e-21,50.007636015421916,4.677074860811928e-19
148,50.20699019519532,1.0542722785384626e-20,50.027983087107835,4.6782370354302255e-19
149,49.9824500300018,1.0369667414247284e-20,50.481698506179434,4.0011678722620933e-19
150,44.131802355704295,2.750802388962406e-18,49.81569228223428,6.747962654438601e-19
151,53.58713954205126,3.1451655449825335e-22,50.4379731454319,6.603354152124235e-19
152,44.79226877202256,1.389624226994518e-18,49.66881348557584,7.992233297544499e-19
153,51.4661996764316,2.7839963770631746e-21,49.530765286302355,7.994801281674531e-19
154,44.97682288980669,1.1940402160312842e-18,48.818486362513276,9.18792690602763e-19
155,43.88076637246346,3.520769534545211e-18,48.77269832240153,8.881097711026748e-19
156,43.454108039797994,7.2607961306037e-18,47.87011524115379,1.6141070178536458e-18
157,49.170315626447476,1.563214634698261e-20,47.56488634999224,1.6155675546615295e-18
158,48.68133200124515,3.9355386180310195e-20,47.41232053059723,1.6184488210010222e-18
159,36.46620622073012,4.266078454393349e-15,46.06069614967005,4.2822525729359447e-16
160,44.49973810272127,3.11047849775626e-18,46.097489724371755,4.2826122490447393e-16
161,41.08024048353759,6.316047205840044e-17,44.84679981852039,4.3457724065865853e-16
162,36.46920650344162,1.1730319246006564e-14,44.0144935916623,1.6074702028366155e-15
163,46.37259325315781,3.627898559779504e-19,43.505132949334914,1.6075062034225754e-15
164,37.378103615356174,3.5446050408704014e-15,42.74526102188986,1.9618473034880126e-15
165,46.39069933676449,4.919884672772409e-19,42.99625431831997,1.961544425381286e-15
166,40.54092069005011,1.2534108761954473e-16,42.70493558334518,1.9733524545301796e-15
167,45.33130272225154,7.328231827328448e-19,42.32103429292558,1.9734241736338184e-15
168,51.082102148057636,3.5082890885818856e-21,42.56111130760684,1.9734205889241092e-15
169,30.14271919100544,3.443748273302043e-12,41.928762604634365,3.4592164007368906e-13
170,47.391557003809346,7.407010531612183e-20,42.21794449474318,3.4592133643284984e-13
171,35.411265231488116,2.5209784918393963e-14,41.65104696953823,3.4843599887748334e-13
172,49.33531908153571,1.4324658847198538e-20,42.93765822734764,3.4726296838534853e-13
173,46.30036482636569,3.502010720914238e-19,42.93043538466843,3.4726296712647016e-13
174,54.02546613252725,2.1513792880053735e-22,44.59517163638553,3.46908506643897e-13
175,49.91004973394443,1.2560030711066916e-20,44.94710667610353,3.4690845870105334e-13
176,52.50158069272797,1.0058618565722373e-21,46.14317267637132,3.4689592469287753e-13
177,46.34633847096553,3.409958502635222e-19,46.24467625124272,3.468958855101443e-13
178,45.55184783243703,8.158956827526518e-19,45.691650819680646,3.468959667488837e-13
179,43.997580415814014,3.3403028172893372e-18,47.07713694216151,2.5214734489611022e-15
180,51.606419700054,9.685651626387698e-22,47.498623211785976,2.5214661388070863e-15
181,51.72747670628095,1.2939854579831594e-21,49.13024435926526,4.877763662361195e-19
182,46.8528479033686,2.2058976438180193e-19,48.88199724144854,5.084028767895799e-19
183,48.02174839247304,7.316870918105855e-20,49.05413559805929,4.806996404985434e-19
184,40.1647654872821,1.0284212385068875e-16,47.668065533534765,1.0764890511774539e-17
185,41.73156197212327,3.1865969158970385e-17,46.850216757352655,1.395023142460047e-17
186,49.55134867824167,1.148993194346065e-20,46.55519355590401,1.395127983160916e-17
187,46.82138814328846,3.550868015800803e-19,46.60269852313631,1.395268892674082e-17
188,46.97099810366291,3.2257028069204426e-19,46.744613550258904,1.3903356386534756e-17
189,50.87959598312727,4.247796860786247e-21,47.432815106990226,1.35697508844919e-17
190,51.64404965259724,1.5710277284639614e-21,47.43657810224455,1.3569811130748482e-17
191,49.63220085975505,1.0966124357073285e-20,47.22705051759196,1.357077834463839e-17
192,46.99408998185908,1.339916415030615e-19,47.24117472544101,1.3562118532350513e-17
193,35.32018348291908,1.98110672104551e-14,45.97101823448561,1.994661522706942e-15
194,45.21334555032516,1.269760008073121e-18,46.47587624078992,1.984504286322681e-15
195,47.19707942376433,1.4867195825950275e-19,47.02242798595402,1.9813325566026097e-15
196,45.70554899315872,6.912137908060614e-19,46.63784801744573,1.981400528988496e-15
197,39.14971396382407,4.461865828053971e-16,45.870680599499295,2.0259836785888773e-15
198,53.3734404534977,3.5403044511004723e-22,46.510924834482765,2.0259514569638533e-15
199,53.638422767145656,1.4940478641090578e-22,46.78680751288461,2.0259510471246457e-15
200,41.414885486421824,4.814133872141655e-17,45.763891096267066,2.0307650238940144e-15
201,49.951945010708926,8.346099997014569e-21,45.79586551136246,2.0307647618915786e-15
202,50.171542262720116,7.678521528656241e-21,46.11361073944856,2.030752130579581e-15
203,42.934378391962994,1.1619436858426562e-17,46.87503023035295,5.080735321991362e-17
204,53.84746818009936,1.6364403650734285e-22,47.73844249333037,5.068039358350995e-17
205,48.88773844834766,2.881849837482706e-20,47.9075083957887,5.066840823752149e-17
206,40.24735017301624,2.2889858316197775e-16,47.36168851377445,7.348914517463865e-17
207,48.508100422920386,3.633630104288436e-20,48.297527159684094,2.887412052420322e-17
208,52.323339719765315,7.921151908815451e-22,48.19251708631085,2.88741643326778e-17
209,46.15714763218751,4.980310516746824e-19,47.444389572815034,2.892395249736663e-17
210,53.088842211853716,3.432474485876929e-22,48.61178524535823,2.4109852949969833e-17
211,23.10658088057704,5.4501131608314715e-09,45.92724883234503,5.450113401921656e-10
212,45.60502775084576,8.403772925683975e-19,45.470597381157596,5.450113402754354e-10
213,39.72680091575626,2.22414231271185e-16,45.14983963353693,5.450113613549148e-10
214,38.88336974904611,6.792993235185057e-16,43.653429790431595,5.450114292848308e-10
215,57.76262284366848,2.0261476862823915e-24,44.54091822996368,5.45011429281949e-10
216,52.99686748815458,1.8164217090663803e-22,45.81586996147751,5.45011406392109e-10
217,38.77819081390307,6.330536023543507e-16,44.842879000575785,5.450114696938356e-10
218,39.78532943908172,2.485803817789373e-16,43.589077972507425,5.450114945517946e-10
219,32.21289984294276,5.836608483104721e-13,42.19465319358295,5.450698605868227e-10
220,46.642007553968895,1.9150392697724293e-19,41.54996972779447,5.450698606059386e-10
221,56.60543472750218,1.087855266527034e-23,44.89985511248698,5.854452279251615e-14
222,42.6970629087006,1.3311875618414439e-17,44.60905862827247,5.854576994234874e-14
223,41.757033464345454,3.818580600800563e-17,44.81208188313139,5.852734709982243e-14
224,41.77551982851294,4.8114920733314764e-17,45.101296891078064,5.84642286595439e-14
225,49.05704949466836,2.280363242575747e-20,44.23073955617806,5.846423093970453e-14
226,50.61747278900444,7.008289877046156e-21,43.992800086263046,5.846423162236929e-14
227,54.63221302709893,7.599230751032309e-23,45.57820230758263,5.840092626973308e-14
228,54.48968569506844,1.1767189775932462e-22,47.0486379331813,5.837606824332238e-14
229,53.086273617838195,5.658712647091794e-22,49.135975310670844,9.983468862303753e-18
230,27.299569865563818,6.509932721516881e-11,47.201731541830334,6.5099426858353515e-12
231,44.61661964668355,1.793200403572282e-18,46.00285003374847,6.509942865154303e-12
232,48.15202150075924,4.477978857776273e-20,46.54834589295434,6.50994153844472e-12
233,50.13721988642094,5.535306733973348e-21,47.38636453516189,6.50993772041765e-12
234,58.912071224979066,1.6626951838386864e-24,49.1000196748085,6.509932908925744e-12
235,46.95752646985768,9.928983272777711e-20,48.89006737232743,6.509932916574364e-12
236,50.4187796981288,3.8758325254904434e-21,48.87019806323987,6.5099329162611175e-12
237,50.40902391106051,8.057352221786458e-21,48.44787915163602,6.509932917059253e-12
238,51.98606261577515,9.31349322512151e-22,48.1975168437067,6.5099329171406205e-12
239,46.12380931274516,7.545053131037474e-19,47.50127041319739,6.509932992534566e-12
240,50.56196025964365,3.346824265098748e-21,49.82750945260537,2.7135236657456142e-19
241,58.05820546805431,3.1298531169515345e-24,51.17166803474245,9.203263920264491e-20
242,47.846987140509846,8.857357623805729e-20,51.14116459871751,9.641201796867438e-20
243,49.4819516687803,1.608059347943898e-20,51.07563777695345,9.746654664322094e-20
244,57.20450471406229,8.187414121874468e-24,50.90488112586177,9.746719911511476e-20
245,56.82745478284437,8.273723259724196e-24,51.89187395716044,8.753904321466302e-20
246,45.349162803329776,1.1093976077483537e-18,51.384912267680534,1.9809122073694936e-19
247,54.97091828331149,7.470726382148457e-23,51.84110170490563,1.9729295624115282e-19
248,51.14300577821369,3.071899284707989e-21,51.75679602114949,1.975070112373724e-19
249,49.37934780862219,1.6086995586036827e-20,52.0823498707372,1.2366517948560137e-19
250,46.31262035334634,3.64839282608628e-19,51.65741588010745,1.598144253199543e-19
251,47.01635169994887,1.579529614456721e-19,50.553230503296916,1.756094084792098e-19
252,52.67560104201801,5.703029959082735e-22,51.03609189344773,1.6680908115499492e-19
253,52.73558112468374,7.3937994541510085e-22,51.36145483903808,1.652749598015925e-19
254,53.96662470416117,2.305131912725738e-22,51.03766683804797,1.6529719237930757e-19
255,46.00572298695246,4.462727177285758e-19,49.95549365845877,2.099236367798392e-19
256,50.77340464052683,3.618091994216369e-21,50.49791784217849,9.934568520442545e-20
257,49.60636560193389,9.503733737752415e-21,49.96146257404072,1.0028858785181854e-19
258,50.70152438044294,3.76190052377145e-21,49.917314434263645,1.0035758797572488e-19
259,47.70378171577534,1.0348700159321564e-19,49.749757824978964,1.0909758857644277e-19
260,53.66206818464989,2.246714133948294e-22,50.484702608109316,7.263612745691946e-20
261,53.04518520946326,5.5360292061958925e-22,51.08758595906076,5.689619160441421e-20
262,49.76461106991527,1.1475899942242968e-20,50.796486961850476,5.798675129904767e-20
263,51.8815208809204,1.8590731427581835e-21,50.71108093747414,5.809872061878198e-20
264,50.51425490920555,3.6752641838217384e-21,50.36584395797858,5.844319571803691e-20
265,51.01370730556914,3.316655656420574e-21,50.86664238984025,1.4147589510821373e-20
266,53.52654775795727,2.423705247960258e-22,51.1419567015833,1.3810017363879338e-20
267,55.45445080896831,3.187088043910758e-23,51.72676522228674,1.286283107814801e-20
268,49.462455907182274,9.946781693167727e-21,51.60285837496067,1.3481319195087638e-20
269,49.73019326185842,8.707102752477742e-21,51.805499529568976,4.0033293110138485e-21
270,50.56727404721308,7.42400956671395e-21,51.496020115825296,4.7232631263457604e-21
271,53.792473230490764,1.0571035058583457e-22,51.57074891792804,4.6784738693423844e-21
272,54.53566982571557,1.182636849952075e-22,52.04785479350808,3.5427102436176094e-21
273,55.726408529038686,3.423288492426312e-23,52.43234355831991,3.3602262178342175e-21
274,50.08800152690447,1.0529617421863793e-20,52.3897182200898,4.045661541638423e-21
275,53.01552156084276,4.4022542441230545e-22,52.589899645617166,3.758018518437596e-21
276,54.127471319005394,1.4328871189957816e-22,52.64999200172197,3.748110337147951e-21
277,53.68359775950174,3.337158836778541e-22,52.47290669677532,3.7782948374718254e-21
278,49.69812602276643,8.238318846983399e-21,52.49647370833374,3.6074485528533924e-21
279,54.31801240871978,1.1770382874302472e-22,52.955255623019866,2.748508660479921e-21
280,52.20083909025508,6.509873954273993e-22,53.118612127324056,2.071206443351266e-21
281,50.750367231227585,6.323539056777293e-21,52.81440152739775,2.6929893139704118e-21
282,52.769362153292306,7.455240493307353e-22,52.63777076015542,2.7557153504039646e-21
283,54.08379282907676,1.44404505372739e-22,52.473509190159234,2.7667325124488126e-21
284,44.87579397934511,2.1328211532169034e-18,51.9522884354033,2.1499588609195277e-19
285,53.368185560004456,4.386683977914633e-22,51.987554835319465,2.1499573038929072e-19
286,49.711149202970645,1.7846789902922876e-20,51.54592262371599,2.167660805083931e-19
287,58.86059737085665,1.6678539651205633e-24,52.06362258485149,2.1673287570542178e-19
288,53.477627631159216,2.974876110975144e-22,52.441572745690756,2.1593879258183315e-19
289,50.10233781254123,4.859348844818608e-21,52.0200052860729,2.1641295708344073e-19
290,53.01109367410742,5.693707281379447e-22,52.101030744458136,2.1640479541671178e-19
291,48.14190389733721,7.508123244741104e-20,51.8401844110691,2.2328056475577516e-19
292,53.06128854681895,4.594110791143862e-22,51.86937705042176,2.2325195345875353e-19
293,50.228518682698024,8.156361074576985e-21,51.4838496357839,2.2405314911567397e-19
294,49.66078885440267,2.0314449632384342e-20,51.96234912328964,1.2802478757222027e-20
295,40.98998291973797,9.595539628324229e-17,50.724528859263,9.608298240241672e-18
296,53.646493650988425,2.0400398253764663e-22,51.118063304064776,9.606533961649633e-18
297,51.04083187227289,3.785741052616135e-21,50.33608675420639,9.606912368969498e-18
298,52.336891604888535,7.428280476225969e-22,50.22201315157933,9.60695690301315e-18
299,58.24895359271406,2.6131346124475025e-24,51.03667472959661,9.60647122944213e-18
300,46.420035741649095,3.6048123733414583e-19,50.377568936350784,9.64246241610273e-18
301,53.243474318436,1.782323482238187e-22,50.887725978460665,9.634972116092813e-18
302,59.2145055449443,5.387605151564455e-25,51.5030476782732,9.63492622886095e-18
303,50.90247587972519,3.73266139515734e-21,51.57044339797591,9.63448385889301e-18
304,51.88240954131991,9.522719432896342e-22,51.79260546666764,9.6325476411241e-18
305,54.40888972657915,1.4734875774519385e-22,53.134496147351754,3.7022747675646577e-20
306,51.26414483027404,2.097494556942495e-21,52.896261265280316,3.721209673308707e-20
307,42.42020730706154,2.154228260965652e-17,52.034198808759186,2.1910617835934772e-18
308,46.404774194672754,3.0502030714387733e-19,51.4409870677376,2.2214895315031027e-18
309,44.26789548154649,1.9462458175244833e-18,50.042881256620845,2.41611385194209e-18
310,49.7656415152162,1.2209286721057638e-20,50.37744183397756,2.381286656880781e-18
311,39.708408613150674,1.384627964495916e-16,49.02393526344902,1.6227548478605118e-17
312,51.18002888323298,2.540882164567568e-21,48.220487597277895,1.6227802512945524e-17
313,48.65389166375788,5.0350097331206264e-20,47.99562917568117,1.6232464256539128e-17
314,43.31135677286841,9.55063559751842e-18,47.13852389883601,1.7187432589096643e-17
315,52.03313913659053,1.0046582044425993e-21,46.90094883983715,1.718751832004131e-17
316,53.31959457997554,3.5512464436129684e-22,47.10649381480731,1.7187344083050054e-17
317,55.814265270070095,4.927974562705641e-23,48.44589961110816,1.5033120750058964e-17
318,50.032457373520934,5.658205985539605e-21,48.808667928992975,1.5003184539943133e-17
319,18.763329078955238,2.245555468586441e-07,46.25821128873385,2.2455554700672972e-08
320,60.49914183572497,3.2632727209724663e-25,47.33156132078473,2.245555470067175e-08
321,44.394679028465674,3.5146559998697426e-18,47.80018836231623,2.2455554687176935e-08
322,54.53748264123758,1.08744097742718e-22,48.135933738116684,2.2455554687176693e-08
323,48.40253197997768,4.95429244708408e-20,48.11079776973867,2.2455554687176614e-08
324,50.23424848282286,8.540391309373725e-21,48.803086940734104,2.2455554686222405e-08
325,37.5107741781197,1.6874474069802871e-15,47.35085044488703,2.2455554854967045e-08
326,52.90735445018322,2.715036999336146e-22,47.309626431907795,2.2455554854967035e-08
327,54.64632382073744,1.4242281919070118e-22,47.19283228697453,2.245555485496704e-08
328,47.86797255913136,5.3126213911938675e-20,46.976383805535576,2.245555485497179e-08
329,48.20804502477196,3.1222576968762485e-20,49.92085540011725,1.691105018083762e-16
330,49.95105478464787,5.581045465517069e-21,48.86604669500953,1.6911105988029002e-16
331,46.2824914369933,4.536126465128602e-19,49.05482793586229,1.6880495554495433e-16
332,51.19995256260009,3.381861102416645e-21,48.721074927998544,1.688052828566548e-16
333,54.21342464068139,1.2487340018949275e-22,49.302164194068915,1.6880034105154773e-16
334,49.287276735100264,2.1834205042647876e-20,49.20746701929666,1.6880167043292107e-16
335,56.78030370621604,1.2478224234976732e-23,51.13441997210629,5.693098271476918e-20
336,53.96785541941155,2.039552108899604e-22,51.24047006902913,5.69242278658648e-20
337,38.58881550758468,7.165482957081589e-16,49.634719237713846,7.171173955639984e-17
338,53.489515036995535,1.4500824534713541e-22,50.19687348550027,7.170644143583318e-17
339,46.884944951250425,1.837979207483576e-19,50.064563478148116,7.172169897021114e-17
340,52.13743194007559,8.3288215845725065e-22,50.283201193690886,7.172122415388044e-17
341,53.329224621671834,2.6599069029416775e-22,50.98787451215874,7.167588948829819e-17
342,48.30542560760378,3.982370163929914e-20,50.698421816659106,7.167953367235188e-17
343,57.34201442112606,9.25516237110347e-24,51.01128079470357,7.167952211052808e-17
344,51.02028020942161,3.642783846486769e-21,51.18458114213571,7.167770296840847e-17
345,54.05386621252113,2.0387836417877418e-22,50.91193739276623,7.167772210842247e-17
346,54.05861909026099,1.503191929121616e-22,50.921013759851164,7.167771674482067e-17
347,47.86508981718517,7.263782528826875e-20,51.848641190811215,3.0150956533597284e-20
348,51.04459623935016,3.2375179141716612e-21,51.60414931104667,3.046020750047974e-20
349,48.92911243007511,3.155321195450283e-20,51.80856605892914,1.5235736621094262e-20
350,52.43425256936118,6.574674733490772e-22,51.8382481218577,1.5218195152583446e-20
351,48.55227810906796,4.5843002554836787e-20,51.36055347059731,1.9775896339037708e-20
352,46.71400107501778,1.303351906184551e-19,51.201411017338714,2.88270452369533e-20
353,52.611463230913216,6.438269034516536e-22,50.72835589831743,2.889050241106136e-20
354,31.822576415610694,4.502769669520496e-13,48.80858551893634,4.502772522142899e-14
355,49.992312317427135,1.0190429432083085e-20,48.40243012942694,4.50277262200841e-14
356,53.21983492859648,3.1578359030445766e-22,48.31855171326049,4.502772623663054e-14
357,53.644018397819785,3.109159261606184e-22,48.89644457132395,4.5027719003939596e-14
358,49.85577552958288,7.01478621283597e-21,48.77756250034722,4.502771938166643e-14
359,49.62933748433353,1.5242397474968484e-20,48.84758500577306,4.502771775058499e-14
360,50.13896141799068,7.777613905734806e-21,48.618055890636015,4.502771846259963e-14
361,44.74845736401994,1.025398718808192e-18,48.23767381613121,4.5027816418171254e-14
362,58.12149373480039,3.6731424092438884e-24,49.37842308210947,4.50278033850195e-14
363,40.313247312897815,1.215379788633227e-16,48.14860149030794,4.503995711852315e-14
364,51.53002514799073,8.632807481128064e-22,50.11934636354594,1.2260509646256348e-17
365,52.30195892630932,1.1923902038575305e-21,50.350311024434156,1.2259609842333527e-17
366,50.29160607821142,5.279255659930917e-21,50.05748813939565,1.226010618954049e-17
367,47.64653036042363,5.7771426252842e-20,49.457739335656036,1.226585224057316e-17
368,52.39014890493299,7.758708128191939e-22,49.71117667319104,1.2265228349033156e-17
369,52.89575686917267,4.250214378231042e-22,50.03781861167495,1.2263746611429443e-17
370,51.90258726798351,1.3534606374554499e-21,50.21418119667424,1.2263104196102617e-17
371,50.857220103948286,5.3251435943174265e-21,50.825057470667076,1.2161096838581227e-17
372,42.47463100399782,2.1981954547435202e-17,49.26037119758682,1.4359291926010503e-17
373,49.15997090603948,2.7664906702513866e-20,50.14504355690099,2.2082605303484875e-18
374,47.80872172061383,3.1763996651896865e-20,49.772913214163296,2.211350601938866e-18
375,53.252802164998684,3.697030925361245e-22,49.867997538032235,2.211268333227734e-18
376,47.29329573391637,7.606448517350792e-20,49.56816650360273,2.2183468561790915e-18
377,48.18157946228509,2.751388688516525e-20,49.621671413788874,2.215321102242324e-18
378,58.6254286261594,1.1022991035241146e-24,50.24519938591152,2.215243625390952e-18
379,51.765496512849154,1.9873770147245923e-21,50.13217335027916,2.2153998609486424e-18
380,50.4335446412275,5.774291514328495e-21,49.98526908760356,2.2158419440363297e-18
381,47.74726591202531,5.696169862328608e-20,49.67427366841126,2.2210055995392267e-18
382,55.44259451943284,3.388442021540483e-23,50.97107001995477,2.2813533237727813e-20
383,48.990430022066285,2.3935603525621638e-20,50.95411593155744,2.244060292003859e-20
384,56.137089553201704,1.2130768648355168e-23,51.786952714816245,1.926541633171374e-20
385,54.219303316016685,5.75812922261269e-23,51.883602829918026,1.9234204151682743e-20
386,43.313037864117504,7.483077218701021e-18,51.48557704293815,7.599354775044341e-19
387,53.8383904484555,2.178339582340544e-22,52.05125814155518,7.57205872211741e-19
388,44.89439714426053,2.1422671037212165e-18,50.67815499336531,9.714324723539524e-19
389,58.61559625774443,1.6920876771905993e-24,51.363164967854836,9.712339038612475e-19
390,45.0181383051004,9.72406719925613e-19,50.82162433424212,1.067897146702376e-18
391,44.9176022075022,1.6482109423529893e-18,50.53865796378981,1.2270220710753462e-18
392,59.06499604811444,1.2527926509610498e-24,50.90089811665796,1.2270188079125898e-18
393,59.46322112339392,6.666963667554699e-25,51.94817722679073,1.2246253142296643e-18
394,49.62407396820111,1.2629311791145565e-20,51.29687566829067,1.225887032331914e-18
395,56.895149883573175,7.713375648560714e-24,51.56446032504632,1.2258820455402564e-18
396,40.183144804843856,1.3475877932201743e-16,51.25147101911896,1.3953452255871898e-17
397,48.130217964216996,4.965444446728478e-20,50.68065377069511,1.3958395916922802e-17
398,52.21777238296046,5.618444014929333e-22,51.412991294565096,1.3744225390990831e-17
399,55.79791477998785,2.808299107608459e-23,51.131223146789445,1.3744228030081167e-17
400,47.13545712614787,1.319489996348927e-19,51.342955028894195,1.3660182258052101e-17
401,42.54658392158883,1.6710612460231253e-17,51.10585320030285,1.516642240983992e-17
402,44.28029273934401,1.5228435827243856e-18,49.62738286942581,1.5318706642833096e-17
403,55.90250175778,2.642992176275639e-23,49.27131093286442,1.5318709219155635e-17
404,59.66727407245447,5.812273565752302e-25,50.275630943289755,1.5317446346099263e-17
405,55.23097206959615,6.621833991340892e-23,50.10921316189205,1.5317452196595685e-17
406,51.763020507383196,1.3886569998893889e-21,51.26720073214598,1.8417131300939306e-18
407,35.39601687203129,2.6497806296935207e-14,49.99378062292741,2.6516173773791678e-15
408,55.80906771578609,3.660868495698626e-23,50.35291015620997,2.6516173248555962e-15
409,52.92396174316339,5.359142652918813e-22,50.06551485252753,2.6516173756387237e-15
410,46.99737316052541,1.9536355856548445e-19,50.05170645596529,2.6516237170946166e-15
411,47.064067557239525,2.2891467495242466e-19,50.503454819530354,2.649975547316089e-15
412,55.448268791111545,5.518164280201754e-23,51.6202524247071,2.6498232684759806e-15
413,50.24759545719874,8.086252519900412e-21,51.05476179464898,2.6498240744582405e-15
414,55.22349477707027,4.80808974747705e-23,50.61038386511056,2.649824079208207e-15
415,59.223824981475246,7.615365301256322e-25,51.00966915629847,2.6498240726625272e-15
416,45.85861500223771,4.371211748684317e-19,50.419228605783914,2.6498676459143145e-15
417,47.320629896142236,1.3299782954526e-19,51.61168990819501,1.0031600374785571e-19
418,53.33379216334661,3.362922463494566e-22,51.36416235295106,1.0034597210399494e-19
419,18.268632104653427,8.09665917754629e-07,47.89862938910007,8.096659177556319e-08
420,45.12640664627465,1.1151092908112654e-18,47.711532737675,8.096659177565517e-08
421,57.169753008364175,1.110859354981357e-23,48.722101282787456,8.096659177563228e-08
422,50.4110299129681,6.794049472927242e-21,48.21837739497312,8.096659177563295e-08
423,50.97313709543644,3.854444425041296e-21,48.290931558796885,8.096659177563253e-08
424,46.38449845526393,1.972214086629273e-19,47.407031926616256,8.096659177565225e-08
425,48.140055993068785,5.076487258570736e-20,46.29865502777561,8.096659177565733e-08
426,54.54462451844944,1.2145074838345763e-22,47.16725597939678,8.096659177561362e-08
427,60.27865918648826,3.8248851289024923e-25,48.46305890843138,8.096659177560033e-08
428,43.62175511857326,4.86388978267833e-18,47.491855203954046,8.096659177608668e-08
429,53.87092401679655,1.5503898306619532e-22,51.052084395168364,6.237921829449711e-19
430,54.05777848376313,1.3944009064917145e-22,51.94522157891721,5.122951978729095e-19
431,45.22456786794978,4.51719741530696e-19,50.750703064875765,5.574660611666241e-19
432,50.3391756793517,6.219574495323732e-21,50.74351764151412,5.574086136688637e-19
433,44.49843513351637,1.855985324925776e-18,50.096047445322114,7.426217017189372e-19
434,53.515075692206295,3.6056911748992915e-22,50.809105169016355,7.229356177643934e-19
435,61.85452012405212,6.372308455513317e-26,52.18055158211469,7.17859136878131e-19
436,51.6641310430336,1.2785564912208857e-21,51.8925022345731,7.179748474524149e-19
437,47.55494395373668,9.294579475422448e-20,50.62013071129794,7.272693886789861e-19
438,35.888074792270935,1.2758529026100678e-14,49.84676267866771,1.276093783020479e-15
439,48.43648013844956,5.721471331401618e-20,49.30331829083302,1.276099488987912e-15
440,49.63797420204101,1.020603823054525e-20,48.8613378626608,1.2761004956477259e-15
441,36.166684544371066,7.48184381339925e-15,47.95554953030294,2.0242397050134978e-15
442,55.879302623400655,3.375595215003163e-23,48.50956222470782,2.0242390864316438e-15
443,55.61028141844576,2.9116168099491435e-23,49.62074685320077,2.024053490810768e-15
444,49.48447298044667,1.655489807782105e-20,49.217686582024804,2.024055110243664e-15
445,50.078665602922335,5.588184981895581e-21,48.04010112991183,2.0240556690557895e-15
446,52.03857319156503,9.146120593488126e-22,48.07754534476497,2.024055632661347e-15
447,57.72099878519928,3.7304816686066255e-24,49.094150827911236,2.0240463384549198e-15
448,52.232622464562304,7.145895152563305e-22,50.72860559514037,7.481935073038033e-16
449,53.97509792683949,1.474181138425494e-22,51.282467373979365,7.481878005742828e-16
450,51.48850347776473,2.9819688884627067e-21,51.46752030155174,7.481870781673491e-16
451,55.65901841373369,2.9589056073946724e-23,53.416753688487994,2.6997863294619106e-21
452,51.811080016934206,1.5524034215024272e-21,53.009931427841344,2.8516510763971506e-21
453,56.883271120250264,1.2853939699553977e-23,53.1372303980218,2.8500248535571565e-21
454,42.75379565476381,1.1231965460886853e-17,52.464162665453514,1.1243910811344604e-18
455,35.05592305341951,4.1966094055271425e-14,50.961888410503235,4.197733237789779e-15
456,45.52527347633357,7.778404476839125e-19,50.31055843898008,4.197810930373342e-15
457,45.08010893678605,1.2090788577037928e-18,49.046469454138766,4.197931837886063e-15
458,49.764783454020474,9.210009768919746e-21,48.79968555308457,4.197932687428089e-15
459,52.64526131019212,3.809568359609906e-22,48.666701891419834,4.19793271078196e-15
460,54.618872932306736,3.623856471801279e-23,48.979738836874034,4.197932416208929e-15
461,22.582546286639406,6.585024054431329e-09,45.67209162416461,6.585066033755462e-10
462,47.12535375325182,9.851859673742369e-20,45.20351899779638,6.585066033852428e-10
463,50.50355745888777,7.028577024164301e-21,44.565547631660124,6.585066033859444e-10
464,43.67002376571378,4.3307195592228505e-18,44.657170442755124,6.585066026958198e-10
465,43.85634516237018,5.08202978756035e-18,45.53721265365019,6.585024065946173e-10
466,51.55059048224604,1.8297369643824485e-21,46.13974435424144,6.585024065170162e-10
467,50.66099934858662,4.8262798068221866e-21,46.6978333954215,6.585024063965909e-10
468,45.403000529161325,7.940452193881591e-19,46.261655102935585,6.585024064750745e-10
469,53.458488555465465,3.5108790332799978e-22,46.34297782746292,6.585024064750714e-10
470,56.99966574567271,7.915501515274568e-24,46.58105710879951,6.585024064750686e-10
471,52.8897516307215,4.59980500678695e-22,49.611777643207716,1.0319816740609673e-18
472,51.946377877964586,1.4360327975022912e-21,50.093880055679,1.0222734176669754e-18
473,32.338033339087694,5.524882739874348e-13,48.27732764369899,5.524984896930345e-14
474,45.61734078521408,5.001715687922732e-19,48.47205934564902,5.5249465914504403e-14
475,50.080566224925825,1.3328350153677734e-20,49.09448145190458,5.524895904436067e-14
476,48.78732522650779,2.0664056196821403e-20,48.81815492633076,5.524896092779258e-14
477,44.677365309563754,2.4252807703074763e-18,48.21979152242847,5.524920297324164e-14
478,51.280784318368795,2.5008630245435693e-21,48.80756990134922,5.5249123818806007e-14
479,46.481992605097254,4.848825970467316e-19,48.109920306312404,5.524917227195693e-14
480,28.478630001242713,2.2459628772393695e-11,45.257816731869404,2.301212049510535e-12
481,55.14883447153474,4.558147622284573e-23,45.483725015950725,2.301212049469095e-12
482,42.878226338370624,1.1812202000475939e-17,44.576909861991325,2.3012132305456917e-12
483,56.57076257717941,1.3613743216875773e-23,47.0001827858005,2.2459644031483096e-12
484,23.799783614102658,2.233162196979551e-09,44.81842706868935,2.2556218405108622e-10
485,42.22608037054788,1.4208377703234072e-17,44.03297848325156,2.2556218547059115e-10
486,42.868499313226934,7.498505627194792e-18,43.44109589192348,2.2556218621837532e-10
487,44.08149007545511,5.22806287094355e-18,43.38150836851262,2.2556218649865353e-10
488,56.941035235833674,1.1420929195065e-23,43.947533460259095,2.2556218649840458e-10
489,54.613451736041874,1.028434321640286e-22,44.76067937335357,2.2556218644992667e-10
490,54.35216332416855,9.041864635096261e-23,47.34803270564615,2.233162235726963e-10
491,46.245682162414994,4.3018197319816412e-19,46.45771747473417,2.2331622361570993e-10
492,44.75444095652238,1.1458804476344676e-18,46.645338936549344,2.2331622254907775e-10
493,51.983943453205804,1.54969907534228e-21,46.18665702415199,2.233162225492314e-10
494,54.754364560907476,9.389647962031638e-23,49.28211511883247,2.851285690076772e-18
495,56.07606541670783,1.6620858380499062e-23,50.66711362344846,1.4304495818392027e-18
496,52.504629610443295,8.044535970780271e-22,51.6307266531701,6.806794644794313e-19
497,53.3241829037831,3.9144693624986676e-22,52.554995936002896,1.5791232207870124e-19
498,49.43263875062325,1.4943865009288225e-20,51.80415628748185,1.594055664867106e-19
499,50.64733383418719,6.703735896709442e-21,51.407544497296385,1.6006565573316515e-19
500,49.740473118931085,1.428231944324479e-20,50.946375476772644,1.6148484581285454e-19
501,50.260581595566315,9.091456087026905e-21,51.34786542008777,1.193757941017408e-19
502,52.811700587492766,4.25626503718617e-22,52.15359138318481,4.8303119886658966e-21
503,42.89607918179202,3.1955952338983965e-18,51.24480495604344,3.242348654709713e-19
504,50.9329828751732,4.674204601557524e-21,50.862666787470005,3.2469289628316505e-19
505,48.8161414215566,1.8404977394739413e-20,50.13667438795488,3.2653173193680095e-19
506,49.570976630192,1.3140865993809563e-20,49.84330908992975,3.2776537317647407e-19
507,49.688716075960315,1.1120179787377874e-20,49.479762407147476,3.288382464615869e-19
508,55.203344868748715,4.3819544810865097e-23,50.05683301896003,3.273482419151391e-19
509,52.95029836621177,6.996619576961714e-22,50.287129472162476,3.2674783452123785e-19
510,44.17602357306742,3.111921229194781e-18,49.73068451757611,6.365117254963915e-19
511,54.81488296512922,1.0039730016824104e-22,50.1861146545324,6.356126196177056e-19
512,46.3799588877964,2.236724948582059e-19,49.54294048456278,6.579373064531543e-19
513,55.159650829399126,5.646452562864681e-23,50.76929764932348,3.383834295158775e-19
514,57.469190121563656,4.538368282500929e-24,51.422918373962524,3.3791646289255e-19
515,47.967939331880956,7.95056488300524e-20,51.33809816499496,3.440265300360813e-19
516,58.09804009281718,3.001422937230521e-24,52.190804511257475,3.4271274357899405e-19
517,41.73524575209595,2.4014341233887173e-17,51.39545747887104,2.7430348489889738e-18
518,47.330089970021774,7.021163665426485e-20,50.60813198899835,2.750051630699919e-18
519,41.36625075365352,3.928309716215249e-17,49.44972722774252,6.678291380719398e-18
520,24.922234319388206,8.016333845155403e-10,47.5243483023746,8.016334481865329e-11
521,48.89833305073575,7.60740297379221e-21,46.93269331093525,8.016334481940398e-11
522,30.157529656620323,2.2628146101511826e-12,45.310450387817646,8.038962625805185e-11
523,43.95615735600704,3.1799512773066586e-18,44.19010104047844,8.038962657604135e-11
524,48.76753763419449,1.6438258384600597e-20,43.319935791741514,8.038962657768471e-11
525,54.35152607876201,7.732930278826626e-23,43.95829446642962,8.038962656974187e-11
526,51.550356893497884,1.5507955866452528e-21,43.303526146497695,8.038962656989665e-11
527,45.35669103865268,1.1407731116454155e-18,43.66567067515337,8.038962428253985e-11
528,55.36115548285614,2.878943189956064e-23,44.468777226436806,8.038962427552155e-11
529,53.71029673889615,2.7772800793532762e-22,45.703181824961064,8.038962034723961e-11
530,47.20071587123447,1.4145409243896696e-19,47.931029980145695,2.2628190983099676e-13
531,59.774503808606376,5.243897273173991e-25,49.01864705593275,2.2628190907030894e-13
532,54.994013988405456,5.952882018142822e-23,51.50229548911127,4.480611435314818e-19
533,55.45003930249937,3.170585011558714e-23,52.65168368376051,1.3006918638582758e-19
534,49.4607758509571,1.1117236744197814e-20,52.72100750543676,1.2953708422178728e-19
535,52.81580839351758,5.300550188942394e-22,52.567435736912316,1.295823567933979e-19
536,52.225765769407616,1.3797204981291178e-21,52.634976624503295,1.2956524928454629e-19
537,49.6087274598228,2.018259871294727e-20,53.06018026662031,1.7506197991299462e-20
538,55.787749851732165,1.211680645796828e-23,53.10283970350791,1.7504530728755303e-20
539,54.95405228083794,4.753540601287709e-23,53.227215257702085,1.7481511468563056e-20
540,49.888043986671086,1.5534599028413017e-20,53.49594806924574,4.8895621275076644e-21
541,50.42316289070294,5.9929316396374234e-21,52.5608139774554,5.488802852498674e-21
542,44.54600410990674,1.6361929990906483e-18,51.51601298960553,1.6910214987954534e-19
543,53.15079400008266,3.089898606815031e-22,51.28608845936386,1.6912987828060194e-19
544,52.9093820840058,5.141801623623459e-22,51.630949082668735,1.680695726224184e-19
545,48.93597073061943,4.021561170613353e-20,51.24296531637892,1.7203812829114234e-19
546,46.99747895366176,2.6836854125704865e-19,50.72013663480433,1.987370103670343e-19
547,54.86606788087392,6.847905229970643e-23,51.24587067690944,1.9672559840096956e-19
548,47.104267853330754,1.6055171516262804e-19,50.377522477069306,2.1277955823658655e-19
549,54.45353959302103,9.315428231201536e-23,50.327471208287605,2.1278412012421643e-19
550,50.109681327262955,6.6942323292796785e-21,50.349634942346796,2.1190008345430314e-19
551,51.504869624326666,1.0133898745302661e-21,50.45780561570917,2.1140212927779245e-19
552,52.685803873213416,3.6676738924506355e-22,51.27178559203984,4.781950610765207e-20
553,45.118789378060015,9.371242322050855e-19,50.46858512983757,1.4150103034209248e-19
554,44.44808744923249,2.8468640783602324e-18,49.62245566636024,4.2613602016187947e-19
555,54.857056648145075,8.55205822016497e-23,50.21456425811281,4.221230110494863e-19
556,53.102465922080334,5.784723265077506e-22,50.82506295495467,3.9534400415643215e-19
557,55.73014694309234,3.978071981834735e-23,50.91147086117651,3.953411343231841e-19
558,44.65044272453857,1.3017750426574654e-18,50.666088348297286,5.094634670726678e-19
559,54.29022346998314,1.3478900482016239e-22,50.64975673599349,5.094676305449186e-19
560,52.897954559465056,4.437490800557627e-22,50.92858405921371,5.088425822199962e-19
561,55.09541849350363,5.416019448915358e-23,51.2876389461314,5.087466592519921e-19
562,54.35054184270934,1.518843452362941e-22,51.45411274308101,5.087251709475912e-19
563,61.438495879298394,9.216222577692652e-26,53.08608339320483,4.150127569433053e-19
564,46.2780955731162,2.2486754628102186e-19,53.26908420559321,1.5281310373538423e-19
565,48.118373047918844,3.449715816246835e-20,52.59521584557059,1.562542674934109e-19
566,55.56688500051499,1.9723793792510146e-23,52.841657753414054,1.5619839264013936e-19
567,57.2027678514547,5.650196103398764e-24,52.98891984425029,1.561949795877679e-19
568,53.31981278806533,4.090640756155039e-22,53.85585685060296,2.605838172958288e-20
569,56.18597637623502,2.3676043280825722e-23,54.04543214122815,2.6047270433428938e-20
570,58.808183337896,1.856144368486088e-24,54.63645501907125,2.6003081139860222e-20
571,53.2202382234029,3.1946465721800316e-22,54.44893699206118,2.6029611586133105e-20
572,50.82458231665648,3.840146997900741e-21,54.096341039455886,2.6398437851399552e-20
573,38.22851329493446,6.724130144532759e-16,51.77534278101949,6.726769987396276e-17
574,47.70591899350675,6.078466269503589e-20,51.91812512305855,6.725129158560416e-17
575,50.498664268817485,6.050857446656495e-21,52.156154245148414,6.724844695553258e-17
576,52.02414531930461,8.802325280761699e-22,51.80188027702737,6.7248533006406e-17
577,57.09587011793149,6.451610159565731e-24,51.79119050367505,6.724853308654742e-17
578,51.03451368225327,3.3789443138254608e-21,51.562660593093845,6.724883007457124e-17
579,39.57986331616409,2.6519046094243925e-16,49.902049287086754,9.376787380121083e-17
580,54.73311818388947,1.12671386006214e-22,49.494542771686106,9.376788488273499e-17
581,58.06176457447873,3.945272274031514e-24,49.97869540679368,9.376785333079649e-17
582,52.9712127729315,5.021302199155908e-22,50.19335845242118,9.37675195291187e-17
583,56.293970833576324,1.930854296546358e-23,51.99990420628537,2.6526220014645418e-17
584,50.11509924206274,1.2717938465741199e-20,52.240822231140974,2.6521413342222485e-17
585,52.40635536967377,7.118277285946939e-22,52.4315913412266,2.6520879439250683e-17
586,52.37422157537651,6.828955537328659e-22,52.46659896683379,2.6520859705553248e-17
587,53.92456325510089,2.274305738647492e-22,52.14946828055073,2.652088180344962e-17
588,50.757659381695376,4.021550861104061e-21,52.12178285049494,2.6520946064104348e-17
589,45.79446778331815,8.816466501323222e-19,52.74324329721035,9.006463487365211e-20
590,53.75096647454552,2.7054450129899514e-22,52.64502812627595,9.008042218518139e-20
591,38.82902425271899,5.587941857957874e-16,50.72175409409998,5.596949860723669e-17
592,17.812988608246112,9.411659469705816e-07,47.20593167763143,9.411659475302761e-08
593,50.3873059296625,4.4211356512472516e-21,46.61526518724005,9.411659475302806e-08
594,56.48594972045217,1.4426355236459137e-23,47.25235023507899,9.411659475302677e-08
595,53.2394865584536,3.317707637167169e-22,47.33566335395698,9.411659475302673e-08
596,17.96898175571159,5.892955189211881e-07,43.89513937199049,1.5304614664514548e-07
597,57.12997772147108,6.291253790757895e-24,44.21568081862752,1.5304614664514546e-07
598,51.53527926554213,1.3470609047885636e-21,44.293442807012184,1.530461466451452e-07
599,53.04679171254829,6.314342893898426e-22,45.018675199935196,1.5304614664505707e-07
600,38.877004765311504,6.238505786643441e-16,43.53127902901179,1.5304614670744214e-07
601,50.162707785724834,1.0801710203131437e-20,44.66464738231238,1.530461466515638e-07
602,39.44609577195782,3.744305509604406e-16,46.827958098683546,5.892955199194868e-08
603,49.60603396406909,1.09965205814e-20,46.7498309021242,5.892955199194934e-08
604,15.209030932404895,1.6114777933812805e-05,42.622139023319484,1.6704073453732298e-06
605,48.65001931197014,3.203789272943352e-20,42.163192298671134,1.6704073453732328e-06
606,49.26944668389186,1.3870958581999363e-20,45.29323879148916,1.6114777934811155e-06
607,56.642105260185765,1.2262288247677222e-23,45.24445154536063,1.6114777934811155e-06
608,52.39658810573142,9.556934222311606e-22,45.33058242937956,1.6114777934811155e-06
609,14.157265171889351,4.2274676509283104e-05,41.44162977531367,5.8389454444094255e-06
610,51.11253464712142,2.9375103229824937e-21,42.665182763494656,5.838945444347041e-06
611,27.00007089166312,7.173966055481311e-11,40.3489190740885,5.838952618313096e-06
612,56.29944457146575,1.7909052370251392e-23,42.03425395403928,5.838952618275653e-06
613,49.28182055562799,2.0837228286251167e-20,42.00183261319517,5.8389526182756535e-06
614,39.42949590128265,5.050818903831458e-16,44.42387911008294,4.227474824944881e-06
615,49.63373382279662,1.384969739918284e-20,44.52225056116559,4.2274748249448796e-06
616,38.45965472133743,7.163988811029849e-16,43.44127136491015,4.227474825016518e-06
617,14.511677969460044,1.4108677617853573e-05,39.22822863583758,5.638342586801875e-06
618,15.588411773522669,6.528322758613432e-06,35.547411002616705,6.291174862663218e-06
619,28.77495185737439,1.371631055972032e-11,37.009179671165214,2.0637085833659637e-06
620,25.977988260657764,1.8546234372799278e-10,34.49572503251884,2.063727129600336e-06
621,14.060647883211939,4.4669983812962346e-05,33.201782731673724,6.530718336930515e-06
622,50.74184005982136,5.125295549605615e-21,32.646022280509285,6.530718336930515e-06
623,41.426560717070146,2.914755278385295e-17,31.8604962966535,6.530718336933427e-06
624,58.121842925095265,1.4886337251135438e-24,33.72973099903477,6.530718336882921e-06
625,46.624188104131974,2.264211744596885e-19,33.4287764271683,6.530718336882942e-06
626,57.48020184552009,7.269489344484798e-24,35.330831139586564,6.530718336811301e-06
627,58.70747973477824,1.9498215833349995e-24,39.75041131611838,5.1198505750259445e-06
628,55.863558210163575,2.698070379555145e-23,43.77792595978248,4.4670182991646015e-06
629,54.61482638737977,8.344067452953248e-23,46.36191341278301,4.467016927533544e-06
630,50.67522098693336,4.35569554328997e-21,48.83163668541057,4.466998381299173e-06
631,46.294409247159784,3.484466225835754e-19,52.05501282180536,2.9732022701312085e-18
632,49.006615888901386,2.1218670619504008e-20,51.88149040471336,2.9748116076381984e-18
633,49.74626878696469,1.4847766324757727e-20,52.713461211702814,6.154110588537937e-20
634,52.70166772050244,6.466490626264827e-22,52.17144369124353,6.16056219282695e-20
635,55.0066932371906,3.592158677343824e-23,53.0096942045494,3.896709664097799e-20
636,39.251033218764334,5.8016341285124e-16,51.18677734187382,5.805530765481606e-17
637,52.43690832584569,4.724409370639368e-22,50.55972020098057,5.805535470392761e-17
638,39.40951006680173,4.336985216356488e-16,48.91431538664438,1.0142520416942211e-16
639,50.57436340991916,5.952202929428191e-21,48.51026908889831,1.014257910456476e-16
640,51.61906739108636,2.1651574653357933e-21,48.604653729313625,1.014255719918398e-16
641,47.42664040986773,1.3413074448940888e-19,48.717876845584414,1.0140414040403037e-16
642,55.93409220259795,2.4502900239982535e-23,49.41062447695407,1.0140202098725844e-16
643,54.11990023447489,1.7946716975602711e-22,49.84798762170509,1.0140055415734295e-16
644,52.079560893609155,1.3009051458144366e-21,49.785776939015754,1.0140061958295128e-16
645,56.900693116898736,1.3578964028325364e-23,49.97517692698658,1.01400617348689e-16
646,45.984004868796276,6.545913298603524e-19,50.64847409198977,4.344973519655102e-17
647,52.772954696347256,1.941141300645103e-22,50.68207872903993,4.344970736387033e-17
648,43.58480497919518,2.7771636913525556e-18,51.099608220279265,3.5757156944069844e-19
649,51.18868800334992,2.808491872488604e-21,51.161040679622346,3.5725719833500446e-19
650,53.11758308789827,1.4672682644681818e-22,51.310892249303535,3.5705535527111563e-19
651,54.93554465288514,6.1441060345573e-23,52.061782673605286,3.4364842492820926e-19
652,51.657527100646405,2.232458245091832e-21,51.63412616341012,3.4386922046269446e-19
653,25.652586255826776,4.857579935570062e-10,48.78739476554531,4.85757996995519e-11
654,36.9071109905437,6.093490798333021e-15,47.270149775238764,4.857640904850164e-11
655,53.0066188817068,2.2963452129984976e-22,46.880742351719576,4.8576409048523245e-11
656,45.267624785489566,9.630204475727969e-19,46.8091043433889,4.857640907936616e-11
657,51.00562358216945,4.4304622060270254e-21,46.63237123197112,4.857640907978978e-11
658,22.194848104140526,6.542212965125809e-09,44.49337554446566,7.027977053146543e-10
659,31.89153967412565,5.717407267583038e-13,42.56366071154323,7.028548793870493e-10
660,57.407832689522934,6.104369563189827e-24,42.99268567170569,7.028548793870351e-10
661,46.775687780515696,2.8186331055411214e-19,42.176699984468755,7.028548794152154e-10
662,15.647395747196079,8.349987953405834e-06,38.57568684912372,8.357016502199983e-07
663,50.84526428758887,4.424181670790412e-21,41.094954652299926,8.356530744206432e-07
664,51.01790571953249,2.462631598050489e-21,42.50603412519881,8.356530738112942e-07
665,48.147919106963236,4.0874321104865295e-20,42.02016414772445,8.356530738112983e-07
666,48.670953421044295,3.684283457874539e-20,42.360497011279925,8.356530738112056e-07
667,49.9717853927035,1.0052677669240484e-20,42.257113192333335,8.356530738112064e-07
668,42.28084098844776,1.8531375731750905e-17,44.26571248076406,8.349988525165469e-07
669,54.849744364113214,4.662588223387733e-23,46.561532949762814,8.349987953424742e-07
670,49.929770135682865,1.506342533019218e-20,45.8137266943788,8.349987953424757e-07
671,43.75738532750639,3.4143419798022772e-18,45.51189644907787,8.349987953427891e-07
672,48.67708652606342,3.6644392849413704e-20,48.8148655269646,2.209212880223671e-18
673,52.68612856836331,4.411187539332418e-22,48.998951955042045,2.208814573931986e-18
674,50.79441566912029,2.685477606445342e-21,48.976602950000824,2.208836858532825e-18
675,50.80106817787528,3.577625960856522e-21,49.24191785709203,2.2051071890184245e-18
676,26.78181141404719,1.603669542939032e-10,47.05300365639232,1.6036697630813225e-11
677,55.35392735892193,7.091373676057213e-23,47.59121785301416,1.6036697629815047e-11
678,56.096766815386175,1.9505771618590658e-23,48.972810435708006,1.6036695776679426e-11
679,47.85542901749451,7.307221621310581e-20,48.27337890104613,1.6036695783981983e-11
680,54.31961641124799,1.7979458657511761e-22,48.712363528602644,1.603669578249362e-11
681,52.60253416995722,5.648992412080185e-22,49.59687841284773,1.603669544111591e-11
682,52.354537955642016,6.3382162926701795e-22,49.96462355580559,1.6036695437514856e-11
683,57.415313725127774,4.660529653711531e-24,50.437542071482035,1.603669543747121e-11
684,53.92497931750564,1.8763592536539148e-22,50.75059843632057,1.6036695437221427e-11
685,53.625411920889576,2.956936992640147e-22,51.033032810622004,1.6036695436893233e-11
686,45.17928889909992,1.0768921664610882e-18,52.87278055912727,1.1519213077939066e-19
687,54.699445581254366,9.416573932113644e-23,52.80733238136052,1.1519445597964671e-19
688,47.83847360483491,1.0404462167906661e-19,51.9815030603054,1.255969675703915e-19
689,47.186104458578804,2.67126267990921e-19,51.914570604413825,1.45002372748173e-19
690,54.253138933794666,1.233145243793856e-22,51.90792285666849,1.4499672474195347e-19
691,54.91712142937253,8.032643284441628e-23,52.13938158261002,1.449482674611171e-19
692,57.57983467743896,3.774292162338134e-24,52.66191125478972,1.448852627274066e-19
693,56.30989469712277,1.2388972177853894e-23,52.551369351989216,1.4488603557165906e-19
694,49.51196039959515,8.525805593968845e-21,52.110067460198174,1.4571985253851938e-19
695,50.614533560159586,4.735122484301098e-21,51.808979624125165,1.461637954170231e-19
696,53.995331002479126,2.250064485389409e-22,52.690583834463084,3.8497079415768163e-20
697,57.66072909841096,3.7055655297612356e-24,52.986712186178735,3.848803339838902e-20
698,52.630181364137925,3.4539188308936703e-22,53.46588296210905,2.8118110418791293e-20
699,56.067228241165324,1.4828928676323143e-23,54.3539953403677,1.406966512566833e-21
700,55.935252869897745,3.2192490717303356e-23,54.52220673397801,1.3978543092006247e-21
701,55.807303403267184,2.906304203586621e-23,54.611224931367474,1.3927279701197696e-21
702,52.937344884066306,4.811397909042079e-22,54.14697595203021,1.4404645199939564e-21
703,48.73337393747847,3.5680187242242564e-20,53.38932387606578,5.0072443470004274e-21
704,46.73846859043076,2.305345795098651e-19,53.11197469514933,2.720812173859005e-20
705,53.32264206125871,2.619781083092093e-22,53.38278554525925,2.6760807300990865e-20
706,49.913575643568336,9.392426258515303e-21,52.97461000936816,2.76775492819885e-20
707,47.10175037916818,2.584157884620199e-19,51.91871213744389,5.351875757163752e-20
708,52.00164988558886,1.5137009554785559e-21,51.85585898958899,5.3635588478876435e-20
709,54.39832754152424,1.5432126903700687e-22,51.688968919624884,5.3649537712912496e-20
710,56.440541849869675,1.0733246640408589e-23,51.739497817622066,5.3647391788504815e-20
711,57.18731582492158,7.17424259396615e-24,51.87749905978751,5.3645202908560617e-20
712,54.60186728594502,6.977943460401475e-23,52.043951299975376,5.3604066872930606e-20
713,54.51496393331165,1.111912308260995e-22,52.6221102995587,5.004716727178896e-20
714,48.71876004164253,3.057975636364143e-20,52.820139444679874,3.005168495716659e-20
715,55.3989481344342,5.0664552623797587e-23,53.027770051997436,3.003055360159805e-20
716,54.10925703127776,1.6670271032496074e-22,53.44733819076837,2.9107981246779007e-20
717,47.28639858528071,1.6194299058982539e-19,53.46580301137963,1.9460701459559562e-20
718,38.05957957344231,1.8977730706300395e-15,52.071595980164965,1.8979661639436797e-16
719,55.924071788624694,2.8817265382347876e-23,52.22417040487501,1.897966038439676e-16
720,58.95438089498243,1.1386442544624742e-24,52.47555430938629,1.897966028845074e-16
721,49.30396765052631,1.0388047860195731e-20,51.687219491946756,1.897976409718691e-16
722,45.72507471456098,6.364479275986616e-19,50.79954023480836,1.8986127878668552e-16
723,51.61185502275956,1.1389731353824077e-21,50.50922934375315,1.8986138156487597e-16
724,49.3185662301251,1.748909172233932e-20,50.569209962601406,1.8986007249841185e-16
725,51.73508129372365,1.5340176157208544e-21,50.20282327853035,1.898602208337182e-16
726,55.460728694823466,3.6674324127357644e-23,50.33797044488492,1.8986020783087955e-16
727,48.67445558764534,4.1959870605385587e-20,50.476776145121384,1.8984820951888112e-16
728,52.4656179402432,6.454802739116974e-22,51.91737998180148,7.096700390453615e-20
729,56.40384289034716,1.218512297375028e-23,51.965357091973715,7.096534069029526e-20
730,55.00546896585375,7.243515077275399e-23,51.570465899060856,7.09724703409471e-20
731,55.45256280093646,2.851273907748234e-23,52.185325414101875,6.993651682883527e-20
732,50.94814427728874,2.8844729190950962e-21,52.70763237037464,6.580171360878631e-21
733,51.067608671455424,2.176763969942541e-21,52.65320773524424,6.683950444334644e-21
734,17.347161753766336,1.6553245124353864e-06,49.45606728760835,1.6553245124354357e-07
735,56.28636348576239,1.0779869870808228e-23,49.91119550681223,1.6553245124354344e-07
736,53.37410828124629,2.4226803547587022e-22,49.70253346545451,1.6553245124354344e-07
737,50.59051402268236,6.223070026428904e-21,49.894139308958216,1.6553245124353986e-07
738,58.501973629960325,1.1370740010700612e-24,50.49777487792993,1.6553245124353978e-07
739,55.14505319890625,5.600588998654751e-23,50.37189590878583,1.655324512435398e-07
740,27.47586680145191,6.309051458260574e-11,47.61893569234565,1.6553876029499806e-07
741,53.26372707137378,3.7072276821579953e-22,47.40005211938937,1.655387602949981e-07
742,48.19153409946982,4.9206422815492334e-20,47.12439110160749,1.6553876029500272e-07
743,63.11727782468313,2.1557558598767604e-26,48.329358016930264,1.655387602950025e-07
744,43.442477104437614,6.807525801325061e-18,50.93888955199739,6.309052144624196e-12
745,54.37683506980439,8.660743670216024e-23,50.74793671040159,6.30905214463178e-12
746,44.998943240163186,8.452554229703814e-19,49.91042020629327,6.309052229133096e-12
747,54.47672068079044,1.2386051577484473e-22,50.29904087210408,6.309052228523174e-12
748,48.04916790931246,7.350170775174588e-20,49.2537603000393,6.309052235873231e-12
749,47.74730178135494,1.0397916228126385e-19,48.51398515828417,6.3090522462655454e-12
750,47.15084972975585,2.3062967044906066e-19,50.48148345111456,8.110679399871257e-19
751,52.33789299162713,8.783786075979894e-22,50.3889000431399,8.111187055710639e-19
752,51.6308831702135,1.2159433133035385e-21,50.73283495021427,8.063196576208449e-19
753,55.474388220697,4.1798891089035855e-23,49.96854598981565,8.06323835354198e-19
754,47.12156982917347,1.8643014055940573e-19,50.336455262289235,1.4421426927763251e-19
755,45.100394776332685,1.1473470215957262e-18,49.40881123294207,2.589403106935349e-19
756,52.03272445896112,1.4234829164395568e-21,50.11218935482186,1.7455711668814072e-19
757,53.7154457639969,2.9389314784644205e-22,50.03606186314251,1.7457411995134792e-19
758,41.635957324480536,4.572544116155399e-17,49.39474080465932,4.739768065331572e-18
759,44.417170699472734,2.351510662959514e-18,49.06172769647109,4.9645212153993975e-18
760,51.39323754412499,2.0899657390468264e-21,49.48596647790801,4.941667244928396e-18
761,47.63457275594689,6.662909596662989e-20,49.015634454339974,4.9482423166642995e-18
762,59.40577881493493,4.971288518960959e-25,49.79312401881212,4.9481207720458545e-18
763,59.52541925604682,5.977605219013119e-25,50.1982271223471,4.948116651932797e-18
764,50.38743763957925,7.131316179600822e-21,50.52481390338769,4.930186769494817e-18
765,48.676470766392235,1.5052239300929844e-20,50.88242150239365,4.816957291265337e-18
766,49.61704450403706,1.5739837433421326e-20,50.64085350690123,4.818388926717035e-18
767,46.870523970364594,1.984178851148423e-19,49.956361327538005,4.838201325913734e-18
768,55.618434939335785,4.329810016218137e-23,51.354609089023526,2.6566153956835207e-19
769,56.608651091568,1.355865438514997e-23,52.573757128233055,3.0511829137839214e-20
770,51.854761666122414,1.854913895179973e-21,52.6199095404328,3.0488323953452526e-20
771,56.771554569909156,1.2160038613160842e-23,53.53360772182903,2.3826630360650853e-20
772,50.622896887037065,4.486165767349089e-21,52.65531952903923,2.4275197224500575e-20
773,49.157715360835624,2.6985889930735492e-20,51.61854913951812,2.6973726441521938e-20
774,58.54580688475051,2.3164551683222084e-24,52.434386064035245,2.6260826469078684e-20
775,45.46436507956723,9.315384606799495e-19,52.11317549535274,1.1790944860698066e-19
776,55.88344883692591,2.1117045028899737e-23,52.73981592864163,1.163375765681414e-19
777,50.441780663535816,4.9842580272621446e-21,53.096941597958754,9.699421385938339e-20
778,53.40186108718182,4.649898904244059e-22,52.87528421274336,9.70363830384096e-20
779,50.20685644721853,5.883017593029566e-21,52.235104748308416,9.762332893227405e-20
780,53.90606427554816,1.524699749167825e-22,52.44023500925099,9.745308454024774e-20
781,52.584037886721106,7.787954582071994e-22,52.02148334093217,9.752974808220713e-20
782,49.40134424175992,1.8975352847980756e-20,51.89932807640446,9.897866679027029e-20
783,51.11114159140407,3.0205571634393848e-21,52.094670699461304,9.658213351354067e-20
784,49.6579256054945,7.49180442183656e-21,51.20588257153571,9.733108231020751e-20
785,52.50536695467257,8.442349540680655e-22,51.90998275904624,4.261659737619376e-21
786,55.71186541269976,2.8269073125416635e-23,51.892824416623625,4.262374940429028e-21
787,54.17696770541343,1.5912040142452177e-22,52.266343120811385,3.779861177845266e-21
788,49.739111320809904,1.1012090390598478e-20,51.90006814417419,4.834571227862673e-21
789,54.48978253929452,6.518594621166386e-23,52.3283607533818,4.252788063180882e-21
790,55.66603961805752,3.611521544605994e-23,52.50435828763274,4.241152587233811e-21
791,56.51617644689179,1.490384585738214e-23,52.8975721436498,4.164763425998829e-21
792,52.79274217629139,8.68243645260689e-22,53.23671193710295,2.354052505726822e-21
793,57.34497944185429,4.456659167399671e-24,53.86009572214796,2.052442455299624e-21
794,61.34094696858244,1.1474656275209714e-25,55.02839785845676,1.3032734877722429e-21
795,50.88472062762465,4.432412576899284e-21,54.86633322575197,1.6620912500553648e-21
796,51.64985046910557,2.3667436878336138e-21,54.46013173139255,1.8959387115261845e-21
797,54.72760951707468,4.1250015477422977e-23,54.51519591255868,1.8841516729314747e-21
798,48.42907970565203,5.070497267879382e-20,54.384192751042896,5.853439901751009e-21
799,49.39116915986781,1.4814593172025414e-20,53.87433141310022,7.328380624332383e-21
800,56.23885607597063,1.8424331565923702e-23,53.93161305889153,7.32661153594437e-21
801,45.55266374720529,8.526227616985694e-19,52.83526178892288,9.258739732121559e-20
802,50.097674738404876,9.991959877467307e-21,52.565755045134225,9.349976894443626e-20
803,50.69632605361406,2.6416299717279418e-21,51.9008897063102,9.376348627569229e-20
804,53.51096644475967,2.7271978651724824e-22,51.11789165392793,9.379074677968773e-20
805,52.83401810359979,4.827414240131866e-22,51.31282140152545,9.339577966439915e-20
806,47.70100798686909,7.925239041299922e-20,50.917937153301786,1.0108434433691569e-19
807,52.96291821979493,4.497921238730361e-22,50.741468023573816,1.0112519854775526e-19
808,53.15975913690755,2.8405542521943203e-22,51.21453596669937,9.608310682239783e-20
809,56.12450817142203,2.0031211123293145e-23,51.887869867854796,9.460365062630761e-20
810,51.50357360617669,1.7137513360337523e-21,51.41434162087539,9.477318332675439e-20
811,54.95031496762742,6.592561555961429e-23,52.35410674291761,9.517499718453405e-21
812,56.10318878061077,1.933390385764064e-23,52.9546581471382,8.520237121092439e-21
813,54.25347156924673,9.052698717808332e-23,53.310372698701464,8.265126822637452e-21
814,55.16494293801173,2.309806721925323e-23,53.475770348026664,8.240164650707652e-21
815,52.001261909776886,1.0110359237445036e-21,53.39249472864439,8.292994100680783e-21
816,51.6530096332977,1.6201126911179913e-21,53.787694893287245,5.297663284926599e-22
817,52.322897461173234,1.220295657273364e-21,53.72369281742507,6.068166818326928e-22
818,51.62114303847448,1.936575044712729e-21,53.569831207581764,7.720686437820224e-22
819,52.05536593070011,6.8928132450964095e-22,53.16291698350957,8.389936551206573e-22
820,51.953616397926396,1.052325606618359e-21,53.20792126268454,7.728510821791179e-22
821,55.406679941206136,3.120156846160898e-23,53.25355776004242,7.693786774693174e-22
822,57.0766565928713,5.5545038153284846e-24,53.35090454126846,7.680007374650861e-22
823,48.71038151507646,2.36525818798001e-20,52.79659553585144,3.1242062267272876e-21
824,55.20087836669065,2.416834673520632e-23,52.800189078719335,3.124313254678883e-21
825,53.20210116438123,3.9228761383896116e-22,52.920273004179776,3.062438423688328e-21
826,49.87942767267036,1.3302837987621792e-20,52.74291480811703,4.230710953338708e-21
827,59.43212885958355,8.65214685254653e-25,53.45383794795807,4.1087679090798986e-21
828,53.40587833037012,3.2622152422868493e-22,53.63231147714763,3.947732557031494e-21
829,52.85354855434977,5.692267977035456e-22,53.712129739512605,3.935727104350884e-21
830,55.5111313675472,4.119174357251977e-23,54.06788123647468,3.8346137180463e-21
831,52.29779079964351,1.0550112113963466e-21,53.75699232231841,3.9369946823397745e-21
832,45.52171032105423,1.10535389591179e-18,52.60149769513671,1.1447182882313724e-19
833,48.67816763154093,3.811190567460521e-20,52.59827630678315,1.1591776120261773e-19
834,47.272075008192054,1.606816391904791e-19,51.8053959709333,1.3198350828699213e-19
835,55.063442139450544,5.922331013246598e-23,51.99153006844023,1.3195020185662149e-19
836,53.941921674020556,1.8312424737034658e-22,52.39777946857525,1.3063823048259634e-19
837,55.14819078502608,7.144649522029283e-23,51.969385661119496,1.3064528861064985e-19
838,49.96668399607552,8.62452428703751e-21,51.62546622769004,1.3147511888693072e-19
839,47.91992781616648,5.663991260924168e-20,51.13210415387171,1.3708218746808453e-19
840,45.70472594171363,7.156789838328329e-19,50.15146361128835,2.0864596667701058e-19
841,56.30999708721923,1.764136611809222e-23,50.55268424004593,2.0854222969248277e-19
842,54.49146291116923,8.495925219027566e-23,51.44965949905743,9.801533602652279e-20
843,54.32049076734157,1.418423580584648e-22,52.01389181263748,9.42183296948681e-20
844,54.768134297531496,6.74214864609773e-23,52.76349774157143,7.815690792446631e-20
845,50.71847960789748,6.457222566764388e-21,52.329001488416125,7.879670785012948e-20
846,55.66710104510423,2.801080377542773e-23,52.5015194255245,7.878119650577001e-20
847,52.697386205430476,7.518665449347383e-22,52.25643896756493,7.884923851074144e-20
848,51.80053886234417,1.9610900379294135e-21,52.43982445419179,7.818289508583065e-20
849,49.24436979347102,1.8600162517463133e-20,52.57226865192225,7.437892007665278e-20
850,48.074984859374055,8.352181092232824e-20,52.809294543688296,1.1163202785602316e-20
851,51.61282056227578,8.56620311898594e-22,52.33957689119395,1.1247100680180366e-20
852,47.23781374699153,1.3291408613244636e-19,51.61421197477618,2.4530013368205974e-20
853,56.78668525245671,1.1965792792577717e-23,51.8608314232877,2.4517025711679385e-20
854,58.22658995650134,2.2085517186057307e-24,52.20667698918468,2.4510504418205146e-20
855,56.80029481951771,1.2814013655806667e-23,52.81485851034671,2.3866063562894292e-20
856,55.297781858562885,3.898786124281477e-23,52.77792659169256,2.3867161268641028e-20
857,59.83645490608531,6.090219198123834e-25,53.49183346175805,2.3792035516339532e-20
858,50.98856765208402,2.4291807261104755e-21,53.410636340732026,2.383884458515764e-20
859,38.00308557980311,6.693631207709348e-16,52.28650791936525,6.695829090542688e-17
860,58.81011488931098,9.527138016341206e-25,53.360020922358935,6.694993881960604e-17
861,41.84178595331175,3.0510813918500964e-17,52.38291746146253,7.000093454942494e-17
862,46.08701472031427,4.879767553639028e-19,52.2678375587948,7.00364408163481e-17
863,53.57802287034734,2.5582907622514033e-22,51.94697132058387,7.003646520267643e-17
864,52.82004867401226,5.5644543054333e-22,51.40631719233496,7.003652062636431e-17
865,44.90836588357442,1.8891177279687435e-18,50.217124298740636,7.022543111775981e-17
866,47.69415884270557,8.154586716043805e-20,49.456761997154906,7.023358180568974e-17
867,54.59689782636249,9.486396626024816e-23,48.93280628918262,7.023359123118417e-17
868,50.88152843499116,3.280539008893764e-21,48.92210236747333,7.023367636701245e-17
869,33.771359334713324,1.0588161087486867e-13,48.498929742964364,1.0591458451776786e-14
870,50.9481581720936,3.1224087483117844e-21,47.71273407124262,1.059145876392239e-14
871,44.19394862774449,3.45868751928288e-18,47.94795033868589,1.0588753551282468e-14
872,53.43685382298223,2.3829384867244685e-22,48.68293424895269,1.0588704777436316e-14
873,50.10507811524024,7.80052189228667e-21,48.335639773441976,1.05887055319056e-14
874,56.71578068371409,1.0072987530385525e-23,48.72521297441216,1.0588705477268353e-14
875,49.047100615916186,1.612144221355453e-20,49.13908644764634,1.0588518177639776e-14
876,50.60629610118133,5.734887463087429e-21,49.43030017349391,1.0588510596541808e-14
877,53.71218782150262,2.4778930313783076e-22,49.34182917300792,1.0588510611834342e-14
878,47.407682371568924,9.752965947206924e-20,48.9944445666657,1.058852003674639e-14
879,44.980145164814815,8.399227875608296e-19,50.11532314967585,4.42941538277236e-19
880,52.078870789177365,1.3625616074348888e-21,50.22839441138423,4.427655535631483e-19
881,54.60412807206187,7.137266025959321e-23,51.26941235581596,9.690393890088626e-20
882,48.400969388239034,5.338355127490649e-20,50.765823912341645,1.0221846464350967e-19
883,52.721115515632555,8.094420520904384e-22,51.02742765238088,1.0151935665949004e-19
884,47.411267152157315,1.0158637895446423e-19,50.096976299225204,1.1167698725618344e-19
885,56.325227432868,1.4032628991853072e-23,50.82478898092039,1.1006624629772717e-19
886,52.003308639952245,1.911584392543038e-21,50.96449023479747,1.096839159906727e-19
887,55.7923471648918,2.679132170459952e-23,51.17250616913639,1.0966181619252938e-19
888,50.56905150049298,5.081728306929676e-21,51.488643082028794,1.0041702307601545e-19
889,51.93988723789577,5.542336871267955e-22,52.18461728933689,1.648016768864516e-20
890,52.962659371308476,2.6072698147308074e-22,52.27299614755001,1.6369984226048982e-20
891,57.421227204392004,3.823280455529068e-24,52.55470606078302,1.6363229288068572e-20
892,50.85539521679872,4.5231959684013424e-21,52.80014864363899,1.147719375741806e-20
893,56.09281648286505,1.725243785061638e-23,53.13731874036224,1.1397974795994077e-20
894,44.72336650069051,2.329949412017233e-18,52.86852867521556,2.3423427810227093e-19
895,55.18616152152729,5.548805043630402e-23,52.75462208408148,2.342384236444154e-19
896,56.875286609260435,7.13682345134803e-24,53.241819881012304,2.3404797888750623e-19
897,50.679865650016225,6.804187735658999e-21,52.730571729524755,2.347257185289017e-19
898,50.15614086439531,8.921207287894979e-21,52.68928066591498,2.351096664269982e-19
899,42.44703712371113,1.6588603277540555e-17,51.73999565449651,1.893914570812341e-18
900,50.13187347346664,7.484909806450316e-21,51.45691706471233,1.8946369890948388e-18
901,54.709587866165,7.333165222191006e-23,51.18575313088963,1.8946439399320154e-18
902,46.72746448013198,2.225957576431517e-19,50.77296005722296,1.9164511960994902e-18
903,54.883377980797995,9.434611168716754e-23,50.652016207016246,1.916458905466874e-18
904,55.9604793477301,1.853075420757303e-23,51.77572749172022,1.6834658173405716e-18
905,47.54270938856663,1.0335055855326582e-19,51.011382278424136,1.6937953243908547e-18
906,55.6818202789463,1.4753728519419504e-23,50.89203564539273,1.693796086081361e-18
907,48.75384604385438,3.047525773142256e-20,50.699433684776544,1.6961631930809375e-18
908,54.90244166684432,7.98595346603838e-23,51.174063765021444,1.6952790583056143e-18
909,45.733873409068075,7.203569601511403e-19,51.50274739355714,1.0845442656667271e-19
910,52.48254509863025,7.196655696860904e-22,51.7378145560735,1.0777790214299629e-19
911,53.73222139639855,1.5309772372761424e-22,51.64007790909685,1.0778587875014688e-19
912,55.61561559516601,2.1231168510958538e-23,52.52889302060025,8.552842610268279e-20
913,57.98729731193631,3.0262571410549255e-24,52.83928495371409,8.551929411722817e-20
914,52.800848133584914,4.596262291409556e-22,52.52332183229957,8.556340366472151e-20
915,51.99390773304431,1.4802282275224756e-21,52.968441666747346,7.537637063214718e-20
916,51.30149819538524,1.957743184467218e-21,52.530409458391226,7.557066957774196e-20
917,52.8715710943613,6.475259677810684e-22,52.94218196344193,7.258789640137782e-20
918,55.820828120966986,2.5679298375731655e-23,53.03402060885419,7.258247837774935e-20
919,56.3380424827248,1.8446419531915456e-23,54.09443751621986,5.486270045885083e-22
920,59.68424408627146,6.644055318321606e-25,54.814607414983996,4.767268881730826e-22
921,50.4264883279917,4.091697190076168e-21,54.48403410814329,8.705868348079378e-22
922,56.63916482110213,9.051610865945608e-24,54.58638903073692,8.693688790434367e-22
923,50.033690273410066,8.679135151174574e-21,53.791028326884295,1.7369797684467886e-21
924,54.51810057607092,1.4362259567883685e-22,53.96275357113289,1.7053794051005765e-21
925,55.37192155198314,4.506847194672855e-23,54.300554953026776,1.5618634295430018e-21
926,51.208426435268436,2.1947024278605024e-21,54.2912477770151,1.5855593538823306e-21
927,55.10118059623777,6.16168420948334e-23,54.51420872720274,1.5269684413137069e-21
928,42.41114816531211,1.411728606625263e-17,53.17324073163725,1.4132530071367391e-18
929,23.432900608521965,4.522934090683775e-09,49.882726544216965,4.5229341048162864e-10
930,44.07203249183441,4.07376200030411e-18,48.32150538477327,4.5229341088900475e-10
931,53.64277386276117,2.2034878120451685e-22,48.64313393825021,4.5229341088861763e-10
932,53.71671566263046,3.739983226953023e-22,48.350889022403045,4.522934108886541e-10
933,55.95231667427053,2.590294295641428e-23,48.942751662489094,4.522934108877888e-10
934,50.04247332308189,9.066290932021299e-21,48.49518893719019,4.5229341088868106e-10
935,20.458306853117502,6.715674044045509e-08,45.00382746730362,7.167967454934186e-09
936,43.106034988433684,1.181913549482245e-17,44.19358832262015,7.167967456115879e-09
937,48.45242780711141,5.463378651149967e-20,43.52871304370751,7.167967456121336e-09
938,50.72918397978259,6.378858810569084e-21,44.36051662515457,7.167967454710247e-09
939,54.18497441352958,1.5235331806653584e-22,47.435724005655324,6.7156740456418855e-09
940,56.154881887986114,1.6542480135965658e-23,48.6440089452705,6.71567404523451e-09
941,50.08512174735995,1.1144879252199779e-20,48.28824373373037,6.715674045235601e-09
942,57.533724112211125,4.473581900114739e-24,48.66994457868844,6.715674045235565e-09
943,55.95088532883218,2.200358168903435e-23,48.669801444144596,6.715674045235565e-09
944,55.236930595095295,6.810069938624884e-23,49.18924717134594,6.715674045234665e-09
945,47.328330380166136,1.2517013726291428e-19,51.876249524050806,1.2016726630320809e-18
946,52.09247836982424,4.343526416329961e-22,52.774893862189856,1.980254881399937e-20
947,51.05635247403135,1.7474319358603728e-21,53.03528632888185,1.451391335643544e-20
948,49.599003434193236,1.318561978846059e-20,52.922268274322924,1.5194589454224594e-20
949,52.57826260543386,6.922720395278713e-22,52.76159709351335,1.5248581326370727e-20
950,56.575479199053646,7.818044537187364e-24,52.8036568246201,1.524770888281085e-20
951,55.769743296200424,2.8173153834506943e-23,53.37211897950415,1.413603827297432e-20
952,51.04740928168547,3.700028117976746e-21,52.72348749645158,1.450559372658198e-20
953,54.1531873724031,1.633279608065276e-22,52.54371770080868,1.451972616449373e-20
954,51.99914468424398,1.165705205528057e-21,52.21993910972354,1.4629486615107913e-20
955,52.98577551068655,4.436493367149991e-22,52.78568362277558,2.1568378224879854e-21
956,43.10159042245994,1.0191417982786824e-17,51.886594828039165,1.021255200837007e-18
957,50.80587069313896,4.005539597613995e-21,51.86154664994992,1.0214810116031824e-18
958,55.568278973816085,1.8857175775865845e-23,52.4584742039122,1.0201643353419141e-18
959,46.55511812714864,3.1943159216170454e-19,51.85615975608367,1.0520382673541319e-18
960,42.63492755098482,1.5227291346171423e-17,50.4621045912768,2.57476662016682e-18
961,50.72591018984266,6.958231426807859e-21,49.95772128064102,2.5754596259941174e-18
962,57.055060231910446,8.448994122925107e-24,50.55848637566352,2.5750904680817324e-18
963,58.49907272621526,2.0843130549724227e-24,50.99307491104473,2.5750743437169572e-18
964,53.948866421589,1.474986445230745e-22,51.188047084779235,2.574972523060857e-18
965,49.43900937261657,1.0205409822074802e-20,50.83337047097224,2.5759486991093924e-18
966,59.32184626691746,9.793865382104987e-25,52.455396055417985,1.556806998769364e-18
967,52.323807942175634,1.0355256537903676e-21,52.60718978032166,1.5565099973749816e-18
968,54.7501869210495,6.90264453097854e-23,52.52538057504499,1.556515014301935e-18
969,53.47800183325606,3.9412622006809266e-22,53.21766894565574,1.5246112677077713e-18
970,40.744522582855474,1.0059149291322995e-16,53.0286284488428,1.0061031424413624e-17
971,51.73544944459586,1.6732600676404941e-21,53.129582374318126,1.0060502927277706e-17
972,47.994432741437095,6.57233572735181e-20,52.2235196252708,1.0067074418105647e-17
973,54.58460350037073,9.795612019098535e-23,51.83207270268633,1.006708400528636e-17
974,54.82001172291204,1.0300516658513821e-22,51.919187232818636,1.0067079555938568e-17
975,53.2841871393115,2.8335856374880725e-22,52.303705009488134,1.0066087350812735e-17
976,51.93662971692893,7.921218253474621e-22,51.56518335448927,1.0066166465056616e-17
977,50.71030396663682,4.524426597454908e-21,51.4038329569354,1.0066515355150982e-17
978,58.88545050412899,1.477467895165137e-24,51.81735931524336,1.006650860025324e-17
979,53.948266426676035,1.6684726732031536e-22,51.864385774585344,1.0066485872357964e-17
980,54.74467386667179,8.240848135774745e-23,53.264400902966976,7.344821883105911e-21
981,34.71316652165518,4.902033278339049e-14,51.56217261067292,4.902040455834925e-15
982,62.507303008476356,4.092346700102232e-26,53.01345963737683,4.902033883503291e-15
983,56.42728888388047,1.5352595876202265e-23,53.19772817572781,4.902033875242938e-15
984,37.61956905189245,3.1187827799711948e-15,51.47768390862585,5.213912142939541e-15
985,52.94575538668398,5.257794812725983e-22,51.4438407333631,5.213912167181633e-15
986,53.06299527993244,2.340450287699352e-22,51.55647728966345,5.213912111373953e-15
987,53.022629941956154,2.7628020635087556e-22,51.78770988719539,5.213911686559314e-15
988,48.995621276234665,3.0721892686083653e-20,50.79872696440595,5.2139147586008356e-15
989,51.290299110306805,2.4797771148442405e-21,50.53293023276903,5.213914989893821e-15
990,56.096367903560406,1.7144195216284814e-23,50.66809963645789,5.213914983367393e-15
991,47.246702683227376,1.6657641630327347e-19,51.92145325261511,3.11898362669973e-16
992,63.13188033183848,2.0438389430840446e-26,51.98391098495132,3.1189836266792443e-16
993,56.697794832247936,1.0758152390672731e-23,52.010961579788066,3.1189836220848015e-16
994,51.870428175584095,1.3931067368030534e-21,53.43604749215724,2.0223522034339423e-20
995,54.07786801422409,1.7088067156982857e-22,53.549258754911236,2.0188032153369148e-20
996,50.220961063724246,5.980461746468004e-21,53.26505533329042,2.076267382513895e-20
997,51.83432885670233,1.7818808289312985e-21,53.14622522476505,2.0913233887396994e-20
998,52.77385724393924,9.70263055011912e-22,53.524048821535494,1.7938070924289818e-20
999,53.88334836630456,9.323726560597722e-23,53.78335374713528,1.7699416939365992e-20
1000,58.126024388737314,3.072460325087723e-24,53.98631939565297,1.769800976587687e-20
1001,54.57766648263751,5.647050150728466e-23,54.71941577559399,1.0460151857002552e-21
1002,56.88588899370902,1.0954219385085012e-23,54.09481664178104,1.0471085637998204e-21
1003,50.93063157993184,4.3000533991855835e-21,53.51810031654943,1.4760380884793115e-21
1004,54.88642530124946,4.542755393579297e-23,53.819700029115964,1.3412701701925855e-21
1005,45.59230634072386,5.914072955749323e-19,52.97114386176594,6.046491166052883e-20
1006,47.86943662136908,6.838420155025664e-20,52.73599141753042,6.67052856409077e-20
1007,52.538069490292045,4.7739615368583245e-22,52.8063654808894,6.657483717338313e-20
1008,53.177617590320075,3.9287830343191375e-22,52.846741515527484,6.651709869822515e-20
1009,52.50772243444166,9.625974679930793e-22,52.70917892234119,6.660403471846385e-20
1010,55.73366133926373,2.5476551926644875e-23,52.469942617393826,6.660627512762401e-20
1011,47.634809688650684,6.832772518192489e-20,51.775656937995144,7.343340059566576e-20
1012,54.756254960985004,1.0179486009709449e-22,51.56269353472275,7.344248465973696e-20
1013,52.329657865170375,4.8882433045839685e-22,51.7025961632466,7.306136175286424e-20
1014,58.34235675819514,1.876649131952081e-24,52.04818930894116,7.305700666238387e-20
1015,52.4121625792242,8.403143435046035e-22,52.73017493279119,1.4000308539241104e-20
1016,59.320415353566304,1.0762935751859328e-24,53.875272806010926,7.161996013572958e-21
1017,56.433992187053136,2.017622690403347e-23,54.264865075687034,7.116274020894778e-21
1018,52.99867998407617,2.6478358795631936e-22,54.24697131506264,7.103464549347219e-21
1019,50.54366452598205,5.801336844836674e-21,54.05056552421668,7.58733848703158e-21
1020,52.34209465960684,1.0255141630079104e-21,53.71140885625099,7.687342248139705e-21
1021,41.46857926880567,4.0675836762014626e-17,53.094785814266494,4.06843824593141e-18
1022,56.06909765992648,2.4990441403838653e-23,53.22607008416063,4.06843056548954e-18
1023,49.57392182037258,1.2383840565590239e-20,52.95049647968085,4.069620067113054e-18
1024,44.338977319599806,2.4867300997741462e-18,51.550158535821325,4.3182928894255556e-18
1025,52.02027733362945,1.0461286947507547e-21,51.51097001126184,4.318313470860681e-18
1026,47.99049080421314,7.419754365158015e-20,50.377977556326535,4.32573311759648e-18
1027,19.11754677679852,1.9195279533315047e-07,46.64633301530107,1.9195279537640777e-08
1028,56.623661161874445,1.114642499818053e-23,47.008831133080896,1.919527953764075e-08
1029,49.31932421453967,1.246500141567018e-20,46.88639710193666,1.919527953764142e-08
1030,52.59882336978635,7.592169396106645e-22,46.91206997295462,1.9195279537641392e-08
1031,44.184188803390185,3.233808442822818e-18,47.18363092641306,1.919527953389719e-08
1032,49.693347990519705,1.0920421818370449e-20,46.54605595947238,1.919527953389828e-08
1033,22.339726355770253,7.255599425360841e-09,43.822636413012155,1.9920839476433125e-08
1034,51.21714692190994,2.3681363686571958e-21,44.51045337324317,1.9920839476184686e-08
1035,50.07862113642117,7.786448711526053e-21,44.31628775352234,1.9920839476185358e-08
1036,47.73771690662039,7.477654241872882e-20,44.291010363763064,1.992083947618542e-08
1037,46.683203530770115,2.1915586739483307e-19,47.04757603916023,7.255599428922892e-10
1038,59.6094981889011,7.706656274395941e-25,47.346159741862884,7.255599428922883e-10
1039,54.80205108196658,5.967410848652884e-23,47.89443242860558,7.255599428910476e-10
1040,35.63824249493011,2.0230654110663277e-14,46.19837434111995,7.255619659563828e-10
1041,53.6880784846693,3.017078993584002e-22,47.14876330924787,7.255619656330321e-10
1042,37.00642147703563,3.1865467862456e-15,45.88007065789946,7.255622842866187e-10
1043,58.060391047267565,3.3247295353866e-24,49.45213712704919,2.341750534938118e-15
1044,53.2230174327665,2.4911220971570734e-22,49.65272417813485,2.3417503230357014e-15
1045,52.9772163605504,5.513728894342074e-22,49.94258370054777,2.34174959952812e-15
1046,51.63508949264324,1.1789424585699603e-21,50.33232095915006,2.3417422397681235e-15
1047,40.30962200012402,1.2114444637377057e-16,49.69496280608545,2.3538347688187614e-15
1048,49.37132559514132,1.7286424294606936e-20,48.67114554670947,2.3538364973841237e-15
1049,47.9379637658823,6.253876274569075e-20,47.984736815101044,2.3538427452929876e-15
1050,53.51120190456228,3.273614068117131e-22,49.77203275606425,3.307773669628004e-16
1051,39.89682173427353,2.7480920741665765e-16,48.392907081024674,3.582582575336763e-16
1052,49.63257616110322,9.046540818594524e-21,49.65552254943144,3.960448356319812e-17
1053,18.175413127254032,4.0131179010686937e-07,45.66702475743008,4.013117905029142e-08
1054,55.023777565021334,5.534287744541334e-23,45.84710077065557,4.01311790502914e-08
1055,27.078227365411237,1.067072074559576e-10,43.257201871141646,4.0141849771036944e-08
1056,17.44947784229236,1.450084354663241e-06,39.83864070610657,1.8515028523736093e-07
1057,50.64760696227396,4.1538375358151105e-21,40.87243920232156,1.851502852252469e-07
1058,54.94880412018713,6.95984908443281e-23,41.430187054826135,1.851502852252452e-07
1059,42.548570211406094,1.0830757345919954e-17,40.89124769937852,1.85150285226322e-07
1060,55.93771912586165,1.9441282839599172e-23,41.13389942150845,1.8515028522632198e-07
1061,52.51788972849907,6.454174683414463e-22,42.39600622093101,1.8515028519884113e-07
1062,56.73190366769234,9.261523031127758e-24,43.10593897158992,1.851502851988402e-07
1063,43.64980838156965,3.026285524757449e-18,45.65337849702148,1.450191061884559e-07
1064,55.91175761546281,2.7026026943931935e-23,45.74217650206563,1.450191061884559e-07
1065,29.91681417970264,3.5740515496949135e-12,46.02603518349476,1.4500879287286527e-07
1066,51.772532669369596,1.1603869872402953e-21,49.458340666202496,3.574065412822754e-13
1067,20.039291387868985,7.096630986744325e-08,46.397509108761994,7.096988393285192e-09
1068,24.39214476906339,8.455950035824864e-10,43.34184317364962,7.181547893643434e-09
1069,24.413653423571006,8.912773749842762e-10,41.528351494866115,7.2706756300587875e-09
1070,35.341667150479005,1.8493120720453606e-14,39.468746297327854,7.270677479370856e-09
1071,53.27493039740938,4.0472825668870137e-22,39.54445036421888,7.270677479370833e-09
1072,29.803717776377894,3.482068787461172e-12,36.851631775087434,7.271025686249578e-09
1073,23.46052753537853,1.7578518000663494e-09,34.83270369046833,7.446810865953582e-09
1074,15.996589974019898,6.262538205577937e-06,30.84118692632403,6.337006314237473e-07
1075,23.820549638358766,2.566544996189043e-09,30.23156047218965,6.339569285182112e-07
1076,25.29296973938283,3.0875562089726815e-10,27.583604179190967,6.339878040803008e-07
1077,11.950573060561625,0.00035861726387264356,26.774732346460233,3.6488617560357914e-05
1078,42.797081992007776,8.021325123873348e-18,28.61522606875467,3.6488533000858354e-05
1079,33.8239663391672,8.27776888044316e-14,29.556257360314294,3.648844388139863e-05
1080,36.75511617238298,4.5827995459230504e-15,29.697602262504688,3.64884438800076e-05
1081,53.39607052601156,2.4732774742704225e-22,29.709716275364904,3.64884438800076e-05
1082,51.21814989075311,2.1867803767518787e-21,31.85115948680243,3.648844353180072e-05
1083,29.144572528434075,1.3136979063167281e-11,32.41956398610798,3.648826906031862e-05
1084,27.64837434198787,4.559608260236357e-11,33.584742422904775,3.5862019799369084e-05
1085,55.49795707202622,4.9937619582524324e-23,36.75248316627152,3.586176314486946e-05
1086,44.939391596172044,6.901837053691978e-19,38.71712535195045,3.586173226930745e-05
1087,51.50141794759508,2.170401832285503e-21,42.67220984065379,5.882043087004449e-12
1088,48.869287759768554,2.6332537737525738e-20,43.27943041742988,5.882042287505189e-12
1089,48.35470669519468,6.150264923153858e-20,44.73250445303262,5.873764524775011e-12
1090,55.310944468919985,2.6422656587460945e-23,46.58808728268632,5.8733062448230615e-12
1091,51.72484934792412,8.261206973085413e-22,46.42096516487757,5.873306244880941e-12
1092,18.03246500559955,7.284015836120967e-07,43.10239667636222,7.284603166745434e-08
1093,51.60686108722917,1.6839080846452608e-21,45.348625532241726,7.284471796954818e-08
1094,57.693986676079504,4.253371671415582e-24,48.35318676565089,7.284015836128795e-08
1095,47.52737936645976,6.518473552005323e-20,47.55612899509424,7.284015836129447e-08
1096,57.80581387028266,5.185104016572029e-24,48.842771222505306,7.284015836122545e-08
1097,47.1160011172974,1.1668078171027816e-19,48.404229539475544,7.284015836123691e-08
1098,50.72716948327618,4.612369841484242e-21,48.59001771182629,7.284015836123474e-08
1099,49.84460549031182,1.1703019204001576e-20,48.739007591338016,7.284015836122976e-08
1100,53.549532128688696,2.2440929016551593e-22,48.56286635731489,7.284015836122977e-08
1101,48.79876929303035,2.907061684797492e-20,48.27025835182551,7.284015836123259e-08
1102,54.09420520566974,1.94147171128703e-22,51.87643237183253,2.293634261454196e-20
1103,55.17205862572841,7.71898246347524e-23,52.232952125682445,2.277567078854091e-20
1104,38.93932508777889,4.659765740298377e-16,50.357485966852394,4.662043264843514e-17
1105,29.71572582739087,6.028439656853848e-12,48.57632061294551,6.028905795995597e-13
1106,48.564614842053885,2.676303027524513e-20,47.65220071012262,6.028905822753442e-13
1107,45.52328558357125,9.354029486101472e-19,47.49292915675001,6.02890664147561e-13
1108,53.22287507596124,2.834927834025288e-22,47.742499716018514,6.028906637146732e-13
1109,45.91514012126627,2.543490614583785e-19,47.349553179113954,6.028906879792775e-13
1110,45.385530199533214,6.900360372460674e-19,46.53315298619842,6.028907569604402e-13
1111,51.32289323108368,1.1526514323379116e-21,46.785565380003746,6.028907541686436e-13
1112,46.087091147812956,3.9365192741307133e-19,45.98485397421807,6.028907935144217e-13
1113,50.64154907663225,5.082456017775733e-21,45.53180301930845,6.028907940149483e-13
1114,52.87863671517042,3.441130862441342e-22,46.925734182047606,6.028441963919566e-13
1115,47.14549290532425,1.994911101084688e-19,48.668710889840945,2.5065568284311387e-19
1116,56.958834432698964,1.2359912633544055e-23,49.50813284890545,2.479806158068527e-19
1117,52.650648762564224,6.408418891889813e-22,50.220869166804746,1.5450440513475687e-19
1118,49.90420343245157,8.673594693370085e-21,49.88900200245378,1.5534341532575364e-19
1119,51.06595437041849,3.2119489791794325e-21,50.404083427369,1.3022970407783374e-19
1120,49.098506899085294,2.1170957205849956e-20,50.77538109732421,6.334319607381199e-20
1121,52.866542517708496,5.60086304509795e-22,50.929746025986695,6.328393956102916e-20
1122,46.80633796902858,2.2254517073914834e-19,51.00167070810825,4.617326389363688e-20
1123,49.751005874099235,1.3127941984001547e-20,50.91261638785495,4.697781249025945e-20
1124,56.378929550627085,8.104503065165921e-24,51.26264567140062,4.6944211631941555e-20
1125,50.50001138856415,5.319989493855779e-21,51.59809751972462,2.752709957048026e-20
1126,51.69746144212108,1.689375284868818e-21,51.071960220666824,2.769480110770379e-20
1127,57.42294546641116,8.243775970917117e-24,51.54918989105151,2.763154129638199e-20
1128,52.57312129204466,7.41882665961643e-22,51.81608167701082,2.6838370093641133e-20
1129,53.824940863998734,1.852741256732879e-22,52.09198032636884,2.6535702608290526e-20
1130,48.96673428329116,2.771874944238679e-20,52.078803064789426,2.719048183194421e-20
1131,53.77344541079077,3.0860448479755824e-22,52.16949335409767,2.716533364997299e-20
1132,48.157905701301615,8.980265650895361e-20,52.304650127324955,1.3891082226953513e-20
1133,52.95274498741746,6.03746720197003e-22,52.62482403865679,1.2638662700573058e-20
1134,54.68812135894172,6.12503843607184e-23,52.45574321948825,1.2643977288702614e-20
1135,49.508880357392684,1.5119503984823538e-20,52.35663011637111,1.362392873779939e-20
1136,49.1923511302803,1.2165339176012145e-20,52.106119085187025,1.4671525126913722e-20
1137,51.718410369333945,1.6875778924041092e-21,51.535665575479314,1.4839458538557038e-20
1138,47.18448472079786,1.6363949137387829e-19,50.99680191835462,3.1129219409348704e-20
1139,51.09753615002266,3.4288193261784155e-21,50.724061446957016,3.145357392939922e-20
1140,51.870726164069666,1.4034178877246542e-21,51.014460635034865,2.8822040773933007e-20
1141,48.40736636967969,5.3933303158586194e-20,50.47785273092376,3.418451064131186e-20
1142,47.52455424737512,7.88547241445977e-20,50.41451758553112,3.308971740487627e-20
1143,53.749305299126746,2.366108335918873e-22,50.49417361670204,3.305300381621577e-20
1144,52.20942813740272,6.606273511416721e-22,50.24630429454813,3.3112941512893856e-20
1145,47.09140151108338,1.1443277104619546e-19,50.004556409917214,4.304426821903105e-20
1146,54.63909073875847,1.0460196784353068e-22,50.54923037076503,4.183819449821419e-20
1147,46.79980830965045,1.82558106900679e-19,50.05737016479668,5.992524739904169e-20
1148,51.91593877905343,1.0854047322422532e-21,50.53051557062223,4.366983873487807e-20
1149,46.12593074640378,5.325167626711563e-19,50.03335503026035,9.657863306937587e-20
1150,50.21664836560598,6.060812909332384e-21,49.867947250413984,9.704437257153662e-20
1151,50.770853511674765,5.577108733358157e-21,50.104295964613485,9.220875312901386e-20
1152,48.69022472092924,4.037263471935522e-20,50.22086301196889,8.836054418648958e-20
1153,56.84524624665755,1.1136482321495796e-23,50.530457106721975,8.833799675136254e-20
1154,51.77208062419557,1.7667854538164377e-21,50.486722355401255,8.844861256163003e-20
1155,50.374179370773234,9.684046447592027e-21,50.81500014137024,7.797374010176969e-20
1156,46.63650183437098,2.4781809512013643e-19,50.01474125093149,1.0274508941699896e-19
1157,51.148111116537486,3.0232343477305937e-21,50.4495715316202,8.479160216170413e-20
1158,52.82785460893572,3.559832244579032e-22,50.54076311460843,8.47186600109257e-20
1159,55.85037544628113,2.849505231820505e-23,51.51320758459616,3.146983324904188e-20
1160,55.43349533531779,3.7861062614976784e-23,52.03489228156734,3.0867538064370144e-20
1161,55.88720953570961,1.89254773326132e-23,52.546527883970825,3.031171973876759e-20
1162,51.855915162650696,1.3888285927627522e-21,52.86309692814298,2.6413339126108353e-20
1163,59.02364140458566,7.22644369827677e-25,53.080936443935784,2.641229774231318e-20
1164,50.66080078211577,3.392072387812397e-21,52.9698084597278,2.6574826435712772e-20
1165,49.397107561413826,1.5045562909535804e-20,52.87210127879187,2.711097808190715e-20
1166,53.360842707931255,2.5299700288675525e-22,53.5445353661479,2.354468270182183e-21
1167,51.68590198876289,9.601144771558115e-22,53.598314453370435,2.1481562831247043e-21
1168,51.352383091701455,1.5059018633301605e-21,53.45076730164701,2.26314814701193e-21
1169,47.51665747549732,1.1017268377590488e-19,52.61739550456863,1.3277567019370597e-20
1170,51.9463460713647,1.3936566750344863e-21,52.268680578173324,1.3413146580612549e-20
1171,53.20228149664659,4.0520343985504633e-22,52.00018777426702,1.345177437686479e-20
1172,47.356172843930715,1.0433624573328237e-19,51.55021354239502,2.3746516090916754e-20
1173,44.287140550343345,2.707704451172456e-18,50.07656345697079,2.9451688894372533e-19
1174,55.59823020835156,2.848257788635701e-23,50.57030639959436,2.9418052996273275e-19
1175,48.97867851015431,1.6194862959521417e-20,50.52846349446842,2.9429545996773133e-19
1176,45.359408564243004,7.461322936911521e-19,49.728320080099586,3.6888338963655783e-19
1177,50.641674440060335,6.301145105734532e-21,49.62389732522933,3.694174926994157e-19
1178,53.585084807714416,2.0184108484593625e-22,49.84716749683063,3.6928708662156727e-19
1179,43.569367110994506,7.22274507084764e-18,49.45243846038035,1.0805443253287409e-18
1180,53.13877866196236,5.452143645210832e-22,49.571681719440114,1.0804594810976893e-18
1181,47.30560944510372,1.6001574001705955e-19,48.98201451428583,1.0964205347554098e-18
1182,51.82995668345071,1.4163748452445168e-21,49.42939289823782,1.0861285476666062e-18
1183,52.655449678998316,4.010038633498698e-22,50.26622381110332,8.153982029356954e-19
1184,40.20905433232315,1.6249144891022836e-16,48.727306223500484,1.7064540245700743e-17
1185,50.94471580426428,4.341284241529809e-21,48.92390995291148,1.7063354887828944e-17
1186,54.295076711210704,1.390876094933851e-22,49.81747676760825,1.6988755567220775e-17
1187,55.998688375462315,1.8723700233847675e-23,50.35317816114845,1.6988127325080227e-17
1188,53.98385435150982,1.1641436220040548e-22,50.393055115527986,1.6988118782407965e-17
1189,56.4552236236215,5.260731893986132e-24,51.68164076679069,1.6265844801396387e-17
1190,51.034382407854245,3.2583635892529443e-21,51.47120114137988,1.626611611631886e-17
1191,52.974532868198075,6.109800458376535e-22,52.03809348368931,1.6250175640321742e-17
1192,55.35856268955323,3.1174292571621766e-23,52.390954084299565,1.6250037120266474e-17
1193,55.48569267777973,3.588066883500876e-23,52.6739783841777,1.625000060794702e-17
1194,51.26988944302168,2.7992549044475808e-21,53.780061895247556,1.1356424146296242e-21
1195,47.179875853081214,2.1120622393589347e-19,53.40357790012924,2.182213638406599e-20
1196,50.496902775550865,5.5842374361518615e-21,53.02376050656327,2.2366651366731842e-20
1197,53.14306908611947,3.1118909660871106e-22,52.73819857762898,2.239589790636933e-20
1198,53.4070145979127,1.1252284444934085e-22,52.68051460226927,2.239550875459422e-20
1199,47.250079013906024,1.2386224963912407e-19,51.76000014129772,3.478120764531723e-20
1200,48.60831302084893,4.095730778965617e-20,51.51739320259719,3.855110206535755e-20
1201,53.00429456385044,4.1079883393757144e-22,51.52036937216243,3.853108394416754e-20
1202,55.43061268929289,6.244203194082104e-23,51.52757437213639,3.8534210718104455e-20
1203,54.7636403205878,6.350495773860118e-23,51.4553691364172,3.8536973146994815e-20
1204,52.200746812228644,1.2879232237330445e-21,51.5484548733379,3.8385839978923364e-20
1205,53.7701622363492,2.3473491317522006e-22,52.207483511664705,1.7288691076651542e-20
1206,54.25340442950488,1.6295281813210313e-22,52.5831336770601,1.6746562614849566e-20
1207,52.712522782243056,5.292465519865589e-22,52.54007904667246,1.676836836038735e-20
1208,54.67554780950196,7.70123582321006e-23,52.666932367831386,1.6764817311765626e-20
1209,47.12225467508557,1.978790948119824e-19,52.65414993394934,2.4166501829051457e-20
1210,51.389839334333104,2.4912384481850312e-21,52.93230256529775,2.0319894894904346e-20
1211,52.56018784740913,5.697859853491616e-22,52.887891893653624,2.0335793610045504e-20
1212,52.714062065345665,2.230756088911589e-22,52.61623683125889,2.035185696774054e-20
1213,53.23689254334073,2.0880244534840608e-22,52.46356205353419,2.036638671650152e-20
1214,48.441036260357365,7.42597600849135e-20,52.08759099834707,2.7663570402619563e-20
1215,52.91210284310722,5.601330499838716e-22,52.00178505902286,2.769611021630043e-20
1216,48.50869494861792,5.843904609762565e-20,51.42731411093418,3.352371954424978e-20
1217,54.53197777627854,8.568915658060066e-23,51.60925961033772,3.347936380470919e-20
1218,49.14868184947234,1.836750052549881e-20,51.05657301433475,3.530841262143586e-20
1219,52.737599547408216,5.423348197898068e-22,51.618107501567025,1.55747366222166e-20
1220,47.87468317030187,5.196045575791857e-20,51.26659188516389,2.0521658353189954e-20
1221,55.119279958135635,5.4270981822097e-23,51.522501096236546,2.047010685283725e-20
1222,53.41041922410446,2.42600577728176e-22,51.59213681211243,2.047205934972095e-20
1223,53.36083244423336,3.7971260424397075e-22,51.604530802201694,2.0489150365610505e-20
1224,53.60536897681593,3.213946300832102e-22,52.12096407384755,1.3095313820127475e-20
1225,52.72556641198439,4.762619637422654e-22,52.10231043073527,1.3086926711503315e-20
1226,54.96959120259337,6.95008641758894e-23,52.74840005613281,7.249972188158339e-21
1227,57.832343374794455,4.830142806006338e-24,53.078436615984415,7.241886286780879e-21
1228,48.8764505109498,3.329077087372069e-20,53.051213482132155,8.734213321603069e-21
1229,49.10212781246028,2.8058730152930293e-20,52.68766630863735,1.1485852854917116e-20
1230,50.08862203305401,1.0148230998518734e-20,52.90906019491257,7.304630378977134e-21
1231,42.87163409833467,1.2927086510681173e-17,51.68429560893247,1.300007854348912e-18
1232,45.39598584702713,8.893583766212857e-19,50.88285227122474,1.388919431953268e-18
1233,52.209505654440164,3.596050914242881e-22,50.76771959224542,1.3889174212019858e-18
1234,49.895873112470014,7.655275980182917e-21,50.39677000581082,1.3896508093369958e-18
1235,52.32713315792911,8.746865324925307e-22,50.356926680405294,1.389690651793871e-18
1236,46.73523998139107,2.693453160446398e-19,49.533491558285064,1.4166182333119174e-18
1237,48.946260221520774,1.8048758434630275e-20,48.644883242957704,1.4184226261411e-18
1238,50.989999575056,3.3847536136263164e-21,48.85623814936832,1.4154320244150905e-18
1239,51.30950665793514,2.7770275763409828e-21,49.076976033915805,1.4129038541574313e-18
1240,52.311702453778295,6.009102734980804e-22,49.29928407598823,1.4119491220849295e-18
1241,53.034216999935495,4.068680528962701e-22,50.31554236614832,1.192811578221017e-19
1242,53.809471671465545,2.0352332244445487e-22,51.15689094859216,3.036567249221759e-20
1243,53.493401092076354,3.1629816201536906e-22,51.285280492355774,3.03613417992767e-20
1244,55.555087302922495,3.8243376609206025e-23,51.85120191140102,2.959963853891933e-20
1245,53.94651085713496,2.226881788607617e-22,52.01313968132162,2.953443870355615e-20
1246,50.09396898469195,9.219309237815354e-21,52.3490125816517,3.5218380228737076e-21
1247,51.29787810403049,2.5130387990978955e-21,52.58417436990268,1.968266059320469e-21
1248,45.674073557932836,6.950345386443574e-19,52.05258176819035,7.113324456239357e-20
1249,52.36068225165258,4.676163474958946e-22,52.15769932756209,7.090230343950907e-20
1250,53.896682971574606,1.563635978943875e-22,52.31619737934174,7.08578487719487e-20
1251,43.49267286628262,7.891241772074095e-18,51.36204296597644,8.599413391740686e-19
1252,44.0676302695655,3.784146808301578e-18,50.38785882578644,1.238335667671982e-18
1253,44.92073978880906,1.024515777727224e-18,49.5305926954597,1.3407556156285028e-18
1254,54.47339209665795,1.1995124202094365e-22,49.42242317483325,1.340763786415044e-18
1255,55.449666651091945,3.8091761763074456e-23,49.57273875422895,1.3407453267733342e-18
1256,51.72834380418689,2.3524364354431143e-21,49.73617623617845,1.3400586394930969e-18
1257,33.70161977314877,1.1703766254544072e-13,47.97655040309028,1.1705106061879686e-14
1258,44.092602337034855,4.254102440818583e-18,47.81840328100048,1.1705461968669903e-14
1259,56.43218428035974,1.8716638279172203e-23,48.225553483871195,1.170546192377993e-14
1260,51.07728225033908,4.6045642184745225e-21,47.94361341174765,1.1705462368599992e-14
1261,46.52268860509544,2.7648170644486954e-19,48.246614985628916,1.1704700892593428e-14
1262,47.24709204564179,1.8845272967235592e-19,48.56456116323655,1.170434132318557e-14
1263,55.28891453251647,2.5998190086027907e-23,49.60137863760729,1.1704238874207613e-14
1264,49.77747514510222,1.2216748779074803e-20,49.131786942451726,1.1704240083887368e-14
1265,50.34755503079348,7.403745001781774e-21,48.62157578042188,1.1704240820452691e-14
1266,59.783982841283105,7.8132640518752325e-25,49.4271396841315,1.1704240585287184e-14
1267,43.67815846640879,7.694426784663075e-18,50.42479355345749,1.2437734215752985e-18
1268,56.325115525915265,1.2375853777559391e-23,51.648044872345544,8.183644150788178e-19
1269,55.207437646925975,9.202123801110843e-23,51.52557020900217,8.18371745538791e-19
1270,55.94813865367608,2.3960574447116802e-23,52.012655849335864,8.179136851743884e-19
1271,47.92556486040094,9.965358493640406e-20,52.15294347486641,8.002308730235419e-19
1272,39.45595392782587,2.1139107864578425e-16,51.37382966308481,2.192049346463473e-17
1273,41.5459982060785,5.74298254447839e-17,49.99953803044102,2.766347340929411e-17
1274,49.14465857091099,1.7894636835901777e-20,49.9362563730219,2.7664041198099798e-17
1275,56.900592231247245,7.00551566583055e-24,50.59156009306727,2.766330152415118e-17
1276,52.186923579259776,9.171377764742515e-22,49.83185416686494,2.7663393159796188e-17
1277,59.57924734809042,6.1678324490477415e-25,51.42196305503311,2.6893950543008206e-17
1278,42.5656430501442,1.8946933348095102e-17,50.046015807456,2.878864264023234e-17
1279,48.121645068311345,6.82764345787503e-20,49.337436549594536,2.879546108156641e-17
1280,51.981823298079085,1.4433638008002302e-21,48.94080501403484,2.879560302188905e-17
1281,43.61725123612946,1.7008092465212381e-18,48.50997365160769,2.8955718588047534e-17
1282,41.31242898432377,6.140566662346656e-17,48.69562115725748,1.3957177385815767e-17
1283,41.85357601944513,3.2577770271712173e-17,48.726378938594145,1.147197186850859e-17
1284,52.75532698953484,3.3640172710524705e-22,49.08744578045653,1.1470216044997711e-17
1285,49.20549258288817,2.1726972710175126e-20,48.317935815620615,1.1472388041717162e-17
1286,55.99575714035932,1.8498969309242788e-23,48.69881917173057,1.1472298177836446e-17
1287,56.00506140176405,2.6187175849305472e-23,48.341400577097936,1.1472300734875709e-17
1288,47.69250847723607,1.0235118215512958e-19,48.85408711980712,9.587842518281709e-18
1289,49.42173657240727,1.848599208771576e-20,48.98409627021671,9.582863474032605e-18
1290,47.052569476985624,2.194440226577772e-19,48.49117088810737,9.604663539918304e-18
1291,48.576297974756905,2.1264013358352178e-20,48.987075561970116,9.436709016602016e-18
1292,54.13314423177519,1.0833555061132511e-22,50.26914708671526,3.2961531878104197e-18
1293,51.81800767349716,5.872582746437465e-22,51.265590252120454,3.8434886466666865e-20
1294,53.47033260941268,3.492716040250282e-22,51.33709081410824,3.843617345435885e-20
1295,51.6047029272633,2.456885589296092e-21,51.57701184854575,3.650916474227094e-20
1296,54.171546526716,1.4339318255973083e-22,51.39459078718143,3.652165416359599e-20
1297,47.50805179749533,8.050632573902847e-20,50.544889826754556,4.456966801991391e-20
1298,51.21100407027208,2.0389122515270196e-21,50.89673938605815,3.4538441029553656e-20
1299,49.57815113882524,1.6154849167428577e-20,50.91238084269996,3.430532673752494e-20
1300,46.391789525942016,3.2801985792289275e-19,50.84630284759559,4.516291026403649e-20
1301,55.461445530958336,3.4469184700885505e-23,51.53481760321574,4.303995584667137e-20
1302,54.77681385362203,8.88896802644718e-23,51.599184565400414,4.3038011259636684e-20
1303,43.818576120142765,5.676526002009479e-18,50.79924141006497,6.106318856331203e-19
1304,53.96063016671465,1.9927194730405893e-22,50.848271165795175,6.106168856674481e-19
1305,44.972797655904856,2.1167489838589125e-18,50.18508063865933,8.220460954944098e-19
1306,47.78291243896555,9.704875007046771e-20,49.54621722988428,8.317366311832006e-19
1307,48.06215433763286,5.813451223237974e-20,49.60162748389804,8.294994498325357e-19
1308,48.01430361396058,2.753952549818736e-20,49.28195743826689,8.320495111572017e-19
1309,53.864492554587635,1.4576806267297768e-22,49.710591579843125,8.304486030467261e-19
1310,54.68619895482695,9.227114410213321e-23,50.54003252273162,7.97655844368847e-19
1311,48.508875860099366,3.511003837563142e-20,49.84477555564572,8.011634012879402e-19
1312,52.47565723046128,6.33789128069323e-22,49.614659893329645,8.012178912327207e-19
1313,53.79339868894033,2.633593821195541e-22,50.61214215020941,2.3359162696998463e-19
1314,48.82086636275754,2.0429063160392032e-20,50.09816576981369,2.3561460609129353e-19
1315,54.13179593231551,1.5470202694733658e-22,51.01406559745476,2.3955177908096966e-20
1316,50.582939971164336,4.3027804564323725e-21,51.294068350674635,1.4680580946693422e-20
1317,53.03332023750362,3.975048254164371e-22,51.79118494066172,8.906880205997093e-21
1318,53.65843580053141,1.5223055489388697e-22,52.3555981593188,6.168150711667747e-21
1319,52.83947127138291,2.981887559072848e-22,52.25309603099832,6.183392780991178e-21
1320,50.36155331340629,6.485742914383314e-21,51.82063146685626,6.822739958019296e-21
1321,51.21112095892054,9.46912169329753e-22,52.090855976738375,3.4064273373891295e-21
1322,54.36740475860651,1.6814412104826483e-22,52.280030729552905,3.3598628366870236e-21
1323,47.78075386562487,8.380435608104391e-20,51.67876624722136,1.1713962506579458e-20
1324,53.966176132728016,2.278924356913042e-22,52.193297224218405,9.693845434109387e-21
1325,47.44712737045765,1.1780886800829425e-19,51.52483036803261,2.1459262032244078e-20
1326,53.54010692172101,2.7275901928837507e-22,51.82054706308827,2.1056259888529678e-20
1327,51.201128343457384,2.712908254064092e-21,51.63732787368366,2.1287800231394443e-20
1328,53.56405802400335,3.0243700708227496e-22,51.62789009603085,2.1302820876613287e-20
1329,52.77346560757362,5.256706775956002e-22,51.62128952964993,2.132556906878211e-20
1330,49.95800680658775,5.386324617492332e-21,51.58093487896806,2.1215627239093015e-20
1331,44.905323267144844,1.9290390767532916e-18,50.9503551097905,2.140248436974892e-19
1332,52.03474812716205,1.6376845340867365e-21,50.71708944664606,2.1417179773879304e-19
1333,47.160785401759796,2.3367839275392444e-19,50.65509260025955,2.291592014060811e-19
1334,53.81148729840543,1.772720410386616e-22,50.63962371682729,2.2915413936661584e-19
1335,52.236643693081234,1.3938495568179046e-21,51.118575349089646,2.1751263752146825e-19
1336,52.456055349100204,5.8623512153862485e-22,51.01017019182757,2.1754398513169323e-19
1337,49.94920426111782,4.386734990255734e-21,50.88497778359361,2.177113678053124e-19
1338,49.80222059350041,1.1874798315338028e-20,50.50879404054332,2.1886860393613795e-19
1339,51.464044827984964,2.0272420782433182e-21,50.37785196258445,2.1901876107620275e-19
1340,46.21120243962696,4.0194160376197755e-19,50.00317152588836,2.5867428899065122e-19
1341,51.8172501525778,1.3702083612542814e-21,50.694364214431666,6.590740215144754e-20
1342,51.14470789552948,3.1198780225202677e-21,50.6053601912684,6.605562150029089e-20
1343,55.614061051810936,3.6821275470345317e-23,51.450687756273524,4.269146435244547e-20
1344,55.39303500917482,4.092365768480185e-23,51.60884252735046,4.2677829514110086e-20
1345,50.47237700350419,6.223742415310998e-21,51.43241585839276,4.3160818799959395e-20
1346,49.87148323377927,1.5285962360871593e-20,51.17395864686066,4.4630791523892693e-20
1347,45.98002941262412,6.1935583246670955e-19,50.777041162011294,1.0612770127153808e-19
1348,54.482813300118444,8.427656584493615e-23,51.2451004326731,1.0494864909658878e-19
1349,53.20836878301737,2.5130608858590705e-22,51.419532828176344,1.0477105549762303e-19
1350,54.99493106734416,4.626772620376503e-23,52.29790569094806,6.458152189404565e-20
1351,54.30472551920879,1.496087042601608e-22,52.54665322761116,6.445946192834623e-20
1352,48.66930717865103,2.884352514009161e-20,52.299113155923315,6.703182664010337e-20
1353,48.77645163515564,3.576132566090922e-20,51.61535221425778,7.060427707864726e-20
1354,48.69854533983789,5.441715894326937e-20,50.9459032473241,7.604190060720572e-20
1355,48.34109113880643,4.845618966856047e-20,50.73277466085432,8.026514533253067e-20
1356,53.88227868663875,1.7003235015320992e-22,51.13385420614027,7.875355233145884e-20
1357,48.324147835121856,6.500582194878166e-20,51.36826604839003,2.3318551279666028e-20
1358,51.411879868153584,2.3771072174933972e-21,51.06117270519355,2.354783434483088e-20
1359,52.91562075655118,6.721169757448444e-22,51.03189790254693,2.3589915433546776e-20
1360,55.38794638755447,2.4845453086307386e-23,51.07119943456796,2.358777320623503e-20
1361,47.66857534926065,1.1441254340353584e-19,50.40758441757315,3.5014066676162594e-20
1362,54.32484748336235,1.1661123748889051e-22,50.97313844804428,3.2141375285902326e-20
1363,51.29786220970293,9.64260393539818e-22,51.22527950549901,2.866166875916538e-20
1364,52.32006118172954,4.508387531170638e-22,51.587431089688174,2.326503674015015e-20
1365,45.75043975485548,8.652850832583861e-19,51.32836595129309,1.0494792609913271e-19
1366,42.78437073740405,1.115063537761425e-17,50.2185751563696,1.2199944606255423e-18
1367,50.97061487160565,3.781871042700032e-21,50.48322186001799,1.2138720655349343e-18
1368,49.725001648687474,1.3693284343622146e-20,50.31453403807137,1.2150036832475472e-18
1369,50.2612311917424,7.192803720012659e-21,50.0490950815905,1.215655751921974e-18
1370,52.77046640814196,2.8627122810697003e-22,49.787347083649244,1.2156818944994762e-18
1371,50.6372303304981,6.545614222380725e-21,50.084212581772995,1.2048952015813605e-18
1372,49.736401275627486,1.1217742926807574e-20,49.625367960999505,1.2060053147502925e-18
1373,51.736763840962595,1.0088895285305055e-21,49.66925812412548,1.2060097776637914e-18
1374,55.94141114065958,2.6059877700881692e-23,50.03139312001848,1.2059672997762499e-18
1375,52.27587514436824,1.0622106247749413e-21,50.68393665896975,1.1195450125128886e-18
1376,51.919114547009194,1.4370178852637917e-21,51.597411039930265,4.625176539990023e-21
1377,56.485448976801756,6.663618997226512e-24,52.14889445044987,4.247655797619742e-21
1378,51.79976277213194,9.194717862459506e-22,52.356370562794325,2.9702745418821226e-21
1379,46.889856556598076,2.1269841863104662e-19,52.019233099279894,2.3520836032985515e-20
1380,52.485126798203964,4.0307133431473886e-22,51.9906991382861,2.353251604360629e-20
1381,55.35488993965248,4.199193908692078e-23,52.46246509920153,2.2882153815276912e-20
1382,53.77816226005295,3.1497864023140577e-22,52.866641197644086,2.1791877386619298e-20
1383,50.14494277036391,9.86222749850543e-21,52.70745909058421,2.2677211183616786e-20
1384,56.78633356638056,1.0355298031350507e-23,52.79195133315632,2.2675640725649834e-20
1385,54.42248517380201,1.5579075676682317e-22,53.00661233609968,2.2584998738849026e-20
1386,51.0149869229987,2.4015978169267325e-21,52.916199573698634,2.2681456732015323e-20
1387,48.288130938795376,6.612746337505381e-20,52.09646776989799,2.929353670762098e-20
1388,55.15432992032028,5.481766967621698e-23,52.43192448471683,2.9207071295964e-20
1389,57.769535207528804,4.480826771691515e-24,53.5198923498099,7.937677515536512e-21
1390,54.324331276134046,1.4437704286425401e-22,53.703812797602914,7.911808086391464e-21
1391,53.86959768880587,1.1709525722806106e-22,53.55528357251825,7.919318418205577e-21
1392,49.612561031681565,1.5977041287842294e-20,53.138723449681116,9.485524682966667e-21
1393,55.205292746578756,6.915623905851596e-23,53.64475844730259,8.506217557021973e-21
1394,52.583264623061645,1.029942665601035e-21,53.224451552970706,8.608176293778945e-21
1395,42.51466676350814,1.39456029678834e-17,52.03366971194132,1.4031528940064422e-18
1396,54.40258546988826,1.8405939330310365e-22,52.372429566630274,1.4029311401640797e-18
1397,56.503109950615,1.2947257003854481e-23,53.19392746781223,1.396319688552275e-18
1398,49.30015691677381,2.0539768468952758e-20,52.608510167457595,1.3983681836322027e-18
1399,49.19678027362649,8.704537449048035e-21,51.75123467406736,1.3992381892944305e-18
1400,55.14165006886873,6.401440178559558e-23,51.83296655334082,1.3992301530303224e-18
1401,50.37407800513189,8.501431717227336e-21,51.48341458497343,1.400068586676322e-18
1402,54.77705403754797,7.363220330948824e-23,51.99986388556007,1.398478245767869e-18
1403,49.91581952087091,6.591398548189826e-21,51.47091656298928,1.3991304699987823e-18
1404,42.88590262247852,1.120007722857837e-17,50.50118036293097,2.5190351985900592e-18
1405,53.538556066196655,3.3812215751193843e-22,51.603569293199826,1.1245087140174701e-18
1406,50.30953438182798,1.0157531302233803e-20,51.19426418439379,1.125506061208363e-18
1407,52.966305210599174,4.1316396229666133e-22,50.84058371039221,1.1255460828788924e-18
1408,49.49311623507652,1.946207154377367e-20,50.85987964222248,1.125438313186375e-18
1409,53.85064058425825,1.4185716334117835e-22,51.325265673285664,1.1245820451578041e-18
1410,15.340754698356948,9.97205280269127e-06,47.345176136234485,9.972052802702514e-07
1411,53.81575179247059,2.761732887021845e-22,47.68934351496834,9.972052802702506e-07
1412,48.72387835163743,3.0416104928856594e-20,47.084025946377295,9.972052802702537e-07
1413,52.704964591762135,6.928268828091161e-22,47.36294045346642,9.972052802702531e-07
1414,51.40570608308395,1.9241088774939065e-21,48.214920799526965,9.972052802691333e-07
1415,49.202171515451795,1.673487139977349e-20,47.781282344452485,9.97205280269135e-07
1416,51.35302826512667,2.098204317451992e-21,47.88563173278235,9.972052802691342e-07
1417,56.02091223342995,2.6455706294245387e-23,48.19109243506542,9.972052802691342e-07
1418,50.70157603676073,4.640681638911988e-21,48.311938415233854,9.972052802691327e-07
1419,53.821998410433025,2.5457665720968654e-22,48.309074197851324,9.972052802691325e-07
1420,38.90144470603302,8.225035531573927e-16,50.665143198618935,8.225606171610903e-17
1421,46.83667797786326,3.1002828061952266e-19,49.9672358171582,8.228703692684211e-17
1422,53.46716472045116,2.965946002707728e-22,50.441564454039565,8.228402497580925e-17
1423,48.887819358138856,2.811073933134861e-20,50.05984993067724,8.22867667670541e-17
1424,55.74708814964831,2.88375185894267e-23,50.49398813733368,8.228657723991822e-17
1425,51.83686130794364,1.7842440033119567e-21,50.75745711658286,8.228508217717857e-17
1426,52.28277183745189,7.562304097911082e-22,50.850431473815384,8.22849479797878e-17
1427,50.92585845890816,2.0235219485182303e-21,50.340926096363205,8.228514768641202e-17
1428,53.74115888464713,2.452555049343504e-22,50.64488438115184,8.228470814379862e-17
1429,57.114731390978505,7.550442941710058e-24,50.97415767920639,8.228468344117719e-17
1430,42.10412821878579,2.5419743966958623e-17,51.29442603048168,2.576302522133785e-18
1431,50.94477492643034,3.426737889558243e-21,51.70523572533837,2.5456423678607885e-18
1432,54.32039701954051,1.8745519082792829e-22,51.79055895524732,2.545631453919844e-18
1433,53.246395549932764,3.19205077989497e-22,52.22641657442671,2.5428523004945085e-18
1434,56.86346064982422,1.0721874476923653e-23,52.338053824444295,2.5428504889300976e-18
1435,52.183881930685395,9.136635863641308e-22,52.37275588671847,2.5427634308884024e-18
1436,54.24543225134016,7.364964047528034e-23,52.569021928107304,2.542695172811471e-18
1437,51.60790368093724,2.7150537068502896e-21,52.63722645031021,2.5427643259873042e-18
1438,56.79253402118538,1.1737782951414553e-23,52.942363963964034,2.542740974215106e-18
1439,51.67302120857692,1.703179635571147e-21,52.39819294572387,2.542910537134369e-18
1440,52.182669362093215,6.516171741944911e-22,53.40604706005462,1.0013021559259347e-21
1441,52.131058986040145,9.736561199724744e-22,53.524675466015594,7.559939789673577e-22
1442,53.61434227314641,7.220289699989247e-23,53.45406999137619,7.444687495845541e-22
1443,31.678393640999502,6.714222835082141e-13,51.29726980048285,6.714222906336965e-14
1444,51.376645500486,3.058245143283349e-21,50.74858828554904,6.714222936812198e-14
1445,56.75201607561306,1.1275113720626032e-23,51.205401700041804,6.714222927788313e-14
1446,54.13480848346202,1.5273173182169653e-22,51.19433932325399,6.714222928579133e-14
1447,58.21892639190785,3.3031996982397726e-24,51.85544159435104,6.714222901461629e-14
1448,50.8916830753324,3.7103749757560025e-21,51.26535649976576,6.714222938448e-14
1449,56.97497960966926,9.936850067716593e-24,51.79555233987499,6.714222921515573e-14
1450,48.51218561029989,4.977079858940984e-20,51.42850396469565,6.714223412707387e-14
1451,39.23640871876904,4.667387618138174e-16,50.13903893796854,6.718890790588964e-14
1452,51.72175906881156,2.825565838431834e-21,49.949780617535055,6.718890818122593e-14
1453,50.66622774067239,4.801559518316401e-21,51.84856402750235,4.668031056047779e-17
1454,52.50727002991614,7.93667059294671e-22,51.96162648044536,4.6680084102669394e-17
1455,51.48417643293338,1.1344072837251084e-21,51.43484251617739,4.66801964158864e-17
1456,47.295068134204136,1.678629872653125e-19,50.75086848125161,4.669696744143975e-17
1457,49.30108357968929,2.188479587099673e-20,49.859084200029756,4.6699155590706877e-17
1458,42.77201621416549,1.142638135010508e-17,49.04711751391306,4.784142268821981e-17
1459,61.54531474360813,9.776302214821935e-26,49.504151027306946,4.7841421704311104e-17
1460,47.26895325082009,1.1559888021967674e-19,49.379827791358956,4.7848004512474123e-17
1461,53.296131789543686,3.10465397354496e-22,50.785800098436425,1.174159377632121e-18
1462,54.30296282027098,1.6854596902988292e-22,51.04392047358237,1.173893675645181e-18
1463,51.934890980694426,7.228003962937402e-22,51.170786797584576,1.1734857997329785e-18
1464,52.22000486974255,9.681677035520015e-22,51.14206028156722,1.1735032497974044e-18
1465,46.23559668145264,4.828831123530812e-19,50.617202306419145,1.22167812030434e-18
1466,54.74691919652646,6.587266517025229e-23,51.36238741265138,1.204898408844326e-18
1467,40.667172188520425,9.655918336604959e-17,50.49899627353449,1.0858628265862185e-17
1468,50.36136396907913,5.608666173998184e-21,51.257931049025856,9.716550997469077e-18
1469,54.0939964050686,1.2040504526603907e-22,50.5127992151719,9.7165630281973e-18
1470,53.226420556989126,3.797593156601058e-22,51.108545945788805,9.7050411161069e-18
1471,54.37615037005871,1.1381387242461758e-22,51.21654780384031,9.705021450954405e-18
1472,54.12845241677056,1.3999065340957282e-22,51.19909676349026,9.705018595422844e-18
1473,49.419947980415444,1.4349272561910696e-20,50.94760246346236,9.706381242639407e-18
1474,54.235640415441374,1.3226446796932074e-22,51.14916601803224,9.706297652315847e-18
1475,48.78618705681764,3.9388471201297457e-20,51.404225055568745,9.661948188200667e-18
1476,47.77651274364984,6.302025824594116e-20,50.70718441028109,9.668243626758747e-18
1477,55.520153073580005,2.9500015662291554e-23,52.192482498787044,1.2328240155353945e-20
1478,53.274795072316984,4.279229866399554e-22,52.48382560911083,1.1810165836618123e-20
1479,54.01074512687072,2.2987144468109975e-22,52.47550048129104,1.1821112476559628e-20
1480,48.88592216890834,2.8745995870530466e-20,52.04145064248296,1.4657736132046664e-20
1481,52.772364558803325,8.123667288466526e-22,51.88107206135743,1.472759141768887e-20
1482,41.79509708668566,4.8162264212021696e-17,50.64773652834893,4.830940013554518e-18
1483,53.56604433116374,2.7457899591205436e-22,51.06234616342376,4.829532544197917e-18
1484,49.12750865981868,2.2462600611528544e-20,50.55153298786149,4.8317655778122735e-18
1485,57.449240313794036,5.257543597781952e-24,51.41783831355913,4.8278272564465035e-18
1486,49.41387924139831,1.883031444623547e-20,51.58157496333397,4.823408262066533e-18
1487,45.11029914288035,1.1289225800275844e-18,50.54058957026402,4.936297570067725e-18
1488,53.755726409179175,2.1639023919746015e-22,50.588682703950234,4.936276416792981e-18
1489,51.0391617133698,3.495235518361497e-21,50.291524362600136,4.93660295320035e-18
1490,52.96402946079992,6.695168913405664e-22,50.69933509178931,4.93379530530243e-18
1491,52.441551161547935,9.70413825000408e-22,50.66625375206376,4.933811110012046e-18
1492,55.985446011122356,1.758906207195164e-23,52.08528864450743,1.1758644771608302e-19
1493,49.81204796359913,1.0537995286747376e-20,51.70988900775096,1.1861278934516654e-19
1494,53.83458064001785,2.3305666119689544e-22,52.18059620577088,1.163898349501334e-19
1495,52.311241211087435,9.648279673216317e-22,51.66679629550023,1.1648579199250575e-19
1496,52.693889639418586,6.346399758852836e-22,51.994797335302245,1.1466622454547077e-19
1497,46.50944821823043,3.381558617770056e-19,52.13471224283726,3.5589552720412864e-20
1498,54.65266583212977,9.629393369439808e-23,52.22440618513232,3.557754308986256e-20
1499,39.689562000637245,1.5826334762515394e-16,51.08944621385906,1.586156278205342e-17
1500,48.953176453733896,1.4955522890962462e-20,50.68836091315246,1.586299138265338e-17
1501,47.741136540146954,5.445890424646247e-20,50.21831945101236,1.5868340231695532e-17
1502,52.93788738037021,3.8315166183169605e-22,49.913563587937155,1.5868376787955506e-17
1503,52.17898190526488,1.1662151871174103e-21,50.15025698210373,1.5867439609945542e-17
1504,48.14815999012309,3.081667784641925e-20,49.581614917114244,1.5870497972064066e-17
1505,51.86545293887243,7.462073043465438e-22,49.537036089892744,1.5870476109997768e-17
1506,57.507668441084284,4.4658569534930795e-24,50.018413970059314,1.5870413092585874e-17
1507,49.400742790369115,1.7453446735080828e-20,50.30754342727319,1.583834285108168e-17
1508,58.15967531856335,2.6582970000617433e-24,50.658244375916546,1.5838333487518012e-17
1509,52.62986293363248,8.36306473293588e-22,51.95227446921607,1.208235564994678e-20
1510,54.87194639765967,6.672626218621341e-23,52.54415146360865,1.0593475987069155e-20
1511,54.30572603409982,1.2709541427448135e-22,53.20061041300393,5.160295103850356e-21
1512,26.090247184390616,1.698694323634242e-10,50.515846393405965,1.69869432414644e-11
1513,53.0230523964782,4.929831793834488e-22,50.600253442527304,1.6986943241397075e-11
1514,52.19344438849122,3.5337153342039364e-22,51.00478188236412,1.6986943238350743e-11
1515,46.023762219660014,2.5225728824170483e-19,50.420612810442876,1.698694326350185e-11
1516,53.85552823294111,1.4541054824056154e-22,50.055398789628555,1.698694326351595e-11
1517,53.985291372476816,1.7471915457406736e-22,50.513853647839326,1.6986943261788076e-11
1518,52.65609529365743,5.661732664161621e-22,49.96349564534874,1.6986943261844427e-11
1519,52.43396675377848,6.339915017665202e-22,49.943906027363326,1.6986943261824194e-11
1520,59.18081902132235,1.1141548335992213e-24,50.3747932897296,1.6986943261817634e-11
1521,54.824336579237794,6.985965142993202e-23,50.4266543442434,1.6986943261811912e-11
1522,58.36502981094391,1.5209997163730782e-24,53.654132606898735,2.546964322314859e-20
1523,53.68809457888492,1.9189932230117355e-22,53.7206368251394,2.5439534837440357e-20
1524,50.498230620350945,4.32178683714327e-21,53.551115448325376,2.583637636781265e-20
1525,49.40468117311793,1.2907318844369188e-20,53.889207343671174,1.9013794280790844e-21
1526,49.44646128895801,1.9094606524286678e-20,53.44830064927286,3.796299025683697e-21
1527,52.09691767114964,8.847567429886668e-22,53.25946327914014,3.8673027845251564e-21
1528,51.23841048629201,2.0739898486936404e-21,53.11769479840359,4.018084442752905e-21
1529,52.781754463215854,9.2103267043753e-22,53.15247356934734,4.046788559620005e-21
1530,52.265398053858554,8.322412356348893e-22,52.460931472600954,4.129901267700135e-21
1531,44.09861969733985,3.485851565674864e-18,51.38835978441116,3.527080718700436e-19
1532,54.605680773874425,6.525370139740175e-23,51.012424880704216,3.527144451402116e-19
1533,50.26401670925273,7.891187180337069e-21,50.670017093741,3.5348437392601524e-19
1534,54.02316612618739,2.0465275427676059e-22,51.02251064432464,3.530726605177286e-19
1535,45.425580534820554,7.245187584510719e-19,50.6246005804949,4.2423380447839887e-19
1536,51.42918226797531,2.3679009075748713e-21,50.82287267839663,4.2256113391672763e-19
1537,54.5800828745852,5.581450314160201e-23,51.071189198740186,4.22478239692743e-19
1538,55.92912074957163,2.838178739371939e-23,51.54026022506815,4.22273678886613e-19
1539,48.08308314885364,4.2364157384101213e-20,51.07039309363192,4.2641799135797936e-19
1540,54.71062874985807,6.914328027631614e-23,51.31491616323187,4.263416815624435e-19
1541,54.51252247643269,6.52962464478903e-23,52.35630644114116,7.776305461960187e-20
1542,45.97496931373981,3.615493524339634e-19,51.493235295127704,1.1391146449285848e-19
1543,53.42100136542324,3.5543373732852103e-22,51.80893376074475,1.1315788914855762e-19
1544,54.23816507300372,1.6193635981083983e-22,51.83043365542638,1.1315361750911102e-19
1545,51.13083679338051,3.632684592617567e-21,52.40095928128238,4.1065010123265595e-20
1546,47.28578216151798,1.7309833425869373e-19,51.98661927063665,5.813805345837748e-20
1547,51.09588747624719,4.132225674956631e-21,51.63819973080285,5.854569457555899e-20
1548,57.48655341964843,6.427966834030392e-24,51.79394299781053,5.854349919350302e-20
1549,55.79593158244221,3.513138839420461e-23,52.56522784116938,5.431059659393231e-20
1550,48.90341220379256,1.9857714217938482e-20,51.984506186562825,5.628945368769853e-20
1551,50.75661401941062,2.283346182745085e-21,51.608915340860634,5.651125868132826e-20
1552,56.7583640921325,1.047566016912799e-23,52.6872548186999,2.035737100394882e-20
1553,53.75066836452473,1.478497746387097e-22,52.720221518610046,2.0336612607679842e-20
1554,55.32634291566403,5.2246512832291194e-23,52.82903930287607,2.0325643622981985e-20
1555,52.153338081326055,1.197124739476718e-21,52.931289431670635,2.0082087637667898e-20
1556,51.14671230410281,3.170130252875528e-21,53.31738244592911,3.089267237086081e-21
1557,60.42034333044244,2.8852294603116496e-25,54.249828031348635,2.676073521885021e-21
1558,43.37745722058484,5.918304553001092e-18,52.838918411442286,5.945058860253108e-19
1559,54.43409856332796,1.107165735983681e-22,52.70273510953085,5.945134445438313e-19
1560,53.74188157857776,1.4652018834358431e-22,53.18658204700937,5.925423251408718e-19
1561,50.719244434489866,3.958131930328855e-21,53.1828450885173,5.927098037156302e-19
1562,46.8221285863594,2.1896789803756756e-19,52.189221537939986,6.1460554595337e-19
1563,52.38007792991172,7.599361879908055e-22,52.05216249447868,6.146667545947051e-19
1564,43.20710243839169,5.097213162573823e-18,50.84023844675146,1.1243828462008044e-18
1565,43.93398902079852,4.1866747449037804e-18,50.018303540698696,1.5429306082172346e-18
1566,50.1708691513169,9.096916831152023e-21,49.920719225420115,1.543523286875062e-18
1567,50.59232837088366,3.9358742640692606e-21,48.937917729464225,1.5439168454491746e-18
1568,55.85616421078479,1.988156444632081e-23,50.18578842848423,9.5208837830551e-19
1569,50.64338814594711,5.4976654749453416e-21,49.80671738674614,9.526270731956448e-19
1570,50.34042318239011,6.458047012065916e-21,49.46657154712737,9.532582258780168e-19
1571,53.99938237846657,1.1729921893826474e-22,49.79458534152504,9.528741426068782e-19
1572,53.80271431735164,1.3887894721775817e-22,50.492643914624274,9.309912406978429e-19
1573,50.7488362970926,2.9992328296298496e-21,50.32951975134236,9.312151703620068e-19
1574,47.82770050734388,8.642792984054468e-20,50.791579558237586,4.3013664708867895e-19
1575,51.07278572848893,3.915412447645691e-21,51.50545922900661,1.1860713843065509e-20
1576,53.29535211384493,3.238708803075799e-22,51.81790752525943,1.0983409247981066e-20
1577,49.70753017551947,1.1329637373635864e-20,51.729427705723005,1.1722785558937726e-20
1578,57.86089189876228,3.3958065304371735e-24,51.92990047452075,1.1721136983146138e-20
1579,53.88193343752926,1.3925589360327444e-22,52.253755003678975,1.118529602501193e-20
1580,52.01393040729139,1.0195442876395729e-21,52.421105726169095,1.0641445752569297e-20
1581,52.626752522015245,6.428456855980075e-22,52.28384274052396,1.069400039923527e-20
1582,48.79378364771471,2.2479912791374683e-20,51.78294967356027,1.2928103783650962e-20
1583,51.95568158342719,1.1131025753805476e-21,51.903634202193736,1.2739490758226036e-20
1584,56.18795543261562,2.4709723965429483e-23,52.7396596947209,4.0991687465681095e-21
1585,49.00482358727974,2.3002843150783383e-20,52.532863480599985,6.007911816881878e-21
1586,51.260985206562104,2.2955117534665002e-21,52.329426789871704,6.2050759041977704e-21
1587,56.668693743995036,7.08949647966572e-24,53.02554314671926,5.07282111648215e-21
1588,46.21873013459111,2.732956481304896e-19,51.86132697030214,3.240204634887806e-20
1589,54.09903033581963,2.0076710577518557e-22,51.883036660131175,3.240819747009526e-20
1590,52.66284433293203,5.0170494079038785e-22,51.94792805269525,3.235641353541034e-20
1591,51.09066734157668,4.273541457989244e-21,51.79431953465138,3.2719483112649464e-20
1592,51.021652858287425,5.48041033612013e-21,52.017106455708664,3.1019532867124006e-20
1593,55.1261393068576,5.489811840221358e-23,52.3341522280517,3.091371242142617e-20
1594,48.233527394651944,5.2353117370631755e-20,51.53870942425533,3.614655318609281e-20
1595,49.43612081459017,1.4598879846759932e-20,51.581839146986376,3.530615685569046e-20
1596,48.54050469260962,2.5981280570742244e-20,51.30979109559113,3.7674733737418035e-20
1597,43.80341157179059,5.652933723548672e-18,50.02326287837069,6.029673971426372e-19
1598,51.83409173255224,1.5146086059627372e-21,50.58479903816679,5.757892931901846e-19
1599,55.170210590612974,4.7530719115527863e-23,50.69191706364612,5.757739695515187e-19
1600,54.405215184098545,8.087379324749649e-23,50.86615414876278,5.757318864367643e-19
1601,48.67024077803054,2.603553475978972e-20,50.62411149240816,5.779080857669444e-19
1602,47.843933006379956,8.251048167076658e-20,50.30633950721741,5.8561109290040905e-19
1603,57.02211674128134,8.06483743098881e-24,50.49593725065979,5.856064095723119e-19
1604,54.32768911473182,1.2790529697857757e-22,51.10535342266778,5.803838883649466e-19
1605,49.94800658522919,7.052216959625104e-21,51.15654199973167,5.796292220762331e-19
1606,52.71107159110451,7.158781775320383e-22,51.57359868958116,5.771026818369121e-19
1607,50.389981442621185,4.891174753027301e-21,52.23225567666424,1.2298426957347608e-20
1608,55.82798861959912,2.2148563564344045e-23,52.63164536536891,1.2149180953107768e-20
1609,55.0713708786475,6.146285898523395e-23,52.62176139417237,1.2150574167094738e-20
1610,54.67389459201344,8.927576472915151e-23,52.64862933496386,1.2151414364242905e-20
1611,52.46132491192388,6.904095488567902e-22,53.02773774835318,9.61690184314961e-21
1612,52.60597012127734,7.47465463043044e-22,53.50394145984294,1.4406002223772574e-21
1613,54.31100214871302,1.0120086332850887e-22,53.23283000058609,1.4499138249670094e-21
1614,54.288956293571715,1.328863144116832e-22,53.22895671847009,1.4504119267103197e-21
1615,45.29147217866098,1.3483397742726451e-18,52.76330327781327,1.3557916765801233e-19
1616,51.26411362543653,3.02616122677484e-21,52.618607481246464,1.3581019596293662e-19
1617,49.97420484614215,6.5210137554692706e-21,52.57702982159857,1.359731798631808e-19
1618,52.586533028772834,6.207801511558667e-22,52.252884262515934,1.3603304302193993e-19
1619,49.00780481228631,2.6445137834043876e-20,51.64652765587982,1.386714105194458e-19
1620,45.2182270027821,1.041968604720049e-18,50.70096089695669,2.4285934341497783e-19
1621,44.66459010276649,2.2471573292328626e-18,49.921287416040954,4.675060353833783e-19
1622,52.004197421226,8.412403380327968e-22,49.86111014603581,4.675154128708774e-19
1623,48.07969870992718,2.590453135904044e-20,49.237979802157234,4.700957459204485e-19
1624,53.9511570280225,1.9322897776605964e-22,49.20419987560231,4.70101780186784e-19
1625,52.921803016355014,3.4422221277950384e-22,49.967232959371714,3.3530222498079743e-19
1626,49.926113468420205,1.417805709311808e-20,49.833432943670076,3.3641741456743172e-19
1627,50.39959329227661,7.719263062599925e-21,49.87597178828353,3.365372394981448e-19
1628,59.52287782689385,5.466762794458262e-25,50.569606268095626,3.3647521615065716e-19
1629,52.49339406476666,1.087661869891103e-21,50.918165193343654,3.3393946855424193e-19
1630,57.12075538242405,8.81078864827548e-24,52.10841803130786,2.297434891611019e-19
1631,57.56993193483159,5.783585251445884e-24,53.398952214514374,5.0283345963407085e-21
1632,49.189013781758604,2.329966259578873e-20,53.117433850567636,7.274176822116302e-21
1633,52.382287301797106,5.611019332124929e-22,53.54769270975462,4.739833879533506e-21
1634,52.17757731319139,1.5643568001363237e-21,53.3703347382715,4.8769466617705326e-21
1635,52.25153621679918,6.460079753021294e-22,53.30330805831593,4.907125238022796e-21
1636,39.58005213369801,2.527082711612553e-16,52.26870192484371,2.527431643565424e-17
1637,53.88280092516023,1.5430604011524034e-22,52.61702268813207,2.527355993995199e-17
1638,49.03585777017635,2.3995253907976177e-20,51.56832068246032,2.5275959410675157e-17
1639,42.858836598122835,1.7027078146421902e-17,50.60486493579593,2.6978558459130363e-17
1640,52.272154654326556,9.415842172139792e-22,50.120004862986185,2.6978651736473217e-17
1641,58.44077468928702,2.6172273399837003e-24,50.20708913843173,2.6978651419837426e-17
1642,53.61827558215244,3.95446816804008e-22,50.650015318471105,2.6976360998259526e-17
1643,54.35607591334111,1.3086870228998705e-22,50.84739417962551,2.6976317974936438e-17
1644,55.40748936350534,4.7858377216645307e-23,51.17038538465691,2.6976166325094147e-17
1645,50.57758372465374,3.727193420532273e-21,51.00299013544237,2.697647444363867e-17
1646,42.503284329931255,1.3258373964046324e-17,51.29531335506569,3.0314847239177715e-18
1647,42.745773753506235,1.6414739291609694e-17,50.18161063790029,4.6729432224747295e-18
1648,40.0069094854979,2.0380112312937078e-16,49.27871580943244,2.5050656010021013e-17
1649,47.50187553075839,6.437593478515087e-20,49.743019702696,2.3354385788857336e-17
1650,49.72150243969503,1.7593890104370316e-20,49.48795448123285,2.3356051019446046e-17
1651,52.602909950984184,9.579187763796809e-22,48.90416800740256,2.3356146549600953e-17
1652,53.619683301119466,1.797018179072338e-22,48.904308779299264,2.3356124975101066e-17
1653,51.19784440633393,1.8716404186090504e-21,48.58848562859855,2.3356299052272695e-17
1654,56.604703611978344,1.5410695682020783e-23,48.708207053445854,2.3356295807504542e-17
1655,50.766896768038656,1.7842952850967657e-21,48.72713835778434,2.3356101517690995e-17
1656,57.66556302840268,4.6501811000460015e-24,50.24336622763148,2.203026458630448e-17
1657,55.273786170741914,6.443551580861842e-23,51.49616746935506,2.0388797100695087e-17
1658,49.50673233015859,1.8878350657038356e-20,52.44614975382111,1.0572622823714296e-20
1659,55.20439580314732,2.715248983078856e-23,53.216401781060014,4.137744594182288e-21
1660,45.295871174276186,1.2384258870354357e-18,52.77383865451812,1.2622094428728882e-19
1661,50.630685562087294,4.4200235022573094e-21,52.57661621562844,1.265671547598766e-19
1662,50.548471774014445,5.495801526608319e-21,52.26949506291794,1.270987647307467e-19
1663,48.90155831272634,1.8722286754856905e-20,52.03986645355718,1.287838293643715e-19
1664,39.30067178168763,3.048740611866066e-16,50.309463270528106,3.061618840695547e-17
1665,57.76690404271053,3.6878612623496135e-24,51.0094639979953,3.061601034621308e-17
1666,53.218104539136796,3.215298037811928e-22,50.564718149068696,3.061604203417535e-17
1667,47.07730571179583,1.4567973104075913e-19,49.74507010317409,3.0630603563727846e-17
1668,56.93609522531199,5.584151949356114e-24,50.488006392689435,3.062871628707733e-17
1669,55.110409649922076,8.101867177333296e-23,50.47860777736692,3.062872167369553e-17
1670,56.52531664608389,1.5419045389744886e-23,51.60155232454768,3.050488062689652e-17
1671,50.25212888629179,4.445412835154245e-21,51.563696656968126,3.050488316582981e-17
1672,52.14868767225942,1.460403813806758e-21,51.723718246792636,3.050447962605853e-17
1673,12.985713145946185,0.0001199252158032551,48.13213373011462,1.1992521580356013e-05
1674,36.77804940640985,6.496969437451347e-15,47.87987149258684,1.1992521580975221e-05
1675,51.4035994215436,2.0602010465518393e-21,47.24354103047015,1.1992521580975221e-05
1676,49.69757151563075,1.0570720409373018e-20,46.89148772811954,1.1992521580975223e-05
1677,53.306036615586954,4.967633284649329e-22,47.514360818498645,1.1992521580975208e-05
1678,51.384721658493376,1.9542102006375365e-21,46.95922346181679,1.1992521580975208e-05
1679,55.85417915222772,3.0451643967725526e-23,47.03360041204736,1.1992521580975208e-05
1680,61.549607003016135,1.094755896802076e-25,47.53602944774058,1.1992521580975208e-05
1681,52.34829611863131,4.1791741235874643e-22,47.74564617097453,1.1992521580975208e-05
1682,55.64828043422031,5.27590798715733e-23,48.09560544717063,1.1992521580975208e-05
1683,50.771650656945766,5.143643226066775e-21,51.87419919827058,6.496990164227169e-16
1684,54.495319172191806,1.4875202441721215e-22,53.645926174848775,2.0875527847299042e-21
1685,51.631967912818226,2.0291098483047485e-21,53.66876302397624,2.084443664905195e-21
1686,57.38238848525499,7.909927713519681e-24,54.43724472093866,1.0281626167392452e-21
1687,49.536322004506424,1.2399062573074941e-20,54.0602732598306,2.2183925412002457e-21
1688,53.93819517788773,8.111350213922103e-23,54.31562061177004,2.0310828713504144e-21
1689,47.645753310455234,1.2401459818404995e-19,53.494778027592794,1.4429497525358637e-20
1690,42.894539711492065,6.050037265150466e-18,51.62927129844038,6.194332130928462e-19
1691,57.42781519192115,7.29171699381199e-24,52.137223205769374,6.193921505233098e-19
1692,49.365416091665196,2.2553976375835778e-20,51.50893677151386,6.216422722529061e-19
1693,56.19775819195098,1.687402538384988e-23,52.05154752501439,6.211295953328379e-19
1694,53.85925215628319,1.9150422813492533e-22,51.987940823423514,6.211338705532096e-19
1695,61.65554468893824,6.50014918682555e-26,52.990298501035525,6.209309660685284e-19
1696,48.279988055914664,5.264398748015592e-20,52.08005845810148,6.261945738237726e-19
1697,55.93176521135286,2.162941076480599e-23,52.71960277878613,6.249568305075416e-19
1698,46.12918884598767,2.990748220772938e-19,51.93870214559612,6.548562013650571e-19
1699,51.32202209575583,3.456624640351147e-21,52.306329024126185,6.428004040106872e-19
1700,42.455146295660164,1.7858041273612872e-17,52.262389682542995,1.823600804856928e-18
1701,54.987552969468105,4.1155546082042496e-23,52.01836346029769,1.8236041912398365e-18
1702,45.03088686933571,1.4710794343087317e-18,51.58491053806474,1.9684567370331265e-18
1703,55.48189745893549,3.02952489658853e-23,51.513324464763194,1.9684580791554846e-18
1704,52.80291236314531,2.8975966667402705e-22,51.40769048544941,1.9684679046993385e-18
1705,52.34513382566524,9.962322142741558e-22,50.47664939912211,1.9685675214206167e-18
1706,37.659203296062664,2.791406658410622e-15,49.41457092313691,2.811039689637348e-16
1707,59.08927791339062,7.958405381374441e-25,49.73032219334068,2.8110396688037776e-16
1708,54.87116479391003,7.001482610213959e-23,50.60451978813292,2.8107406639965264e-16
1709,53.480725454999444,2.495561672423759e-22,50.82039012405728,2.810737456928053e-16
1710,51.23306874434854,4.124315561523873e-21,51.69818236892611,2.792883539970002e-16
1711,49.52821441489956,4.637590991863364e-21,51.15224851346926,2.7928881364054473e-16
1712,49.55805694471912,1.6865478839059602e-20,51.6049655210076,2.7914339224499787e-16
1713,52.33901673549091,6.929571097003554e-22,51.290677448663146,2.791434585111839e-16
1714,51.21355475074356,2.4238759458730613e-21,51.13174168742297,2.791436719228118e-16
1715,53.10511272320555,4.614506421515807e-22,51.20773957717701,2.7914361844465455e-16
1716,57.361001132143905,5.31240534720574e-24,53.17791936078512,2.9531348329401696e-21
1717,39.45956808147666,3.460045380257717e-16,51.21494837759373,3.4603406857826055e-17
1718,48.04849908413692,5.974688182996523e-20,50.53268180661642,3.460937454452644e-17
1719,49.5491339652636,1.450326197968256e-20,50.139522657642836,3.461079991510769e-17
1720,55.16913091050118,3.782028584537666e-23,50.5331288742581,3.461039126558012e-17
1721,50.01659919734004,1.4072222322168387e-20,50.58196735250215,3.4611334728713154e-17
1722,47.503962637829666,9.0758001738549e-20,50.3765579218132,3.4618723981003104e-17
1723,52.92522793622403,5.446059968287621e-22,50.435179041886514,3.461870914589181e-17
1724,52.97224358950821,6.593455391022235e-22,50.611047925762975,3.461853269285113e-17
1725,55.20502884252267,5.262634845254172e-23,50.82103953769469,3.461849181042176e-17
1726,52.69273928592638,6.4698093199919e-22,50.354213353072936,3.461855597727443e-17
1727,52.865443041337045,4.254717542349218e-22,51.69480084905898,1.8144721872682818e-20
1728,54.43423584325919,9.208320912558949e-23,52.333374524971205,1.2179242010598856e-20
1729,57.15594603933776,5.527245424031372e-24,53.09405573237863,1.0729468537173002e-20
1730,53.71714289005786,2.586314349541469e-22,52.94885693033429,1.0751549652083879e-20
1731,62.8907148491475,3.281226120990604e-26,54.23626849551503,9.34433070109316e-21
1732,53.78312210361639,1.619458702607354e-22,54.86418444209371,2.847251142643352e-22
1733,50.077560315008895,5.6122339033234585e-21,54.579417679972195,7.914879049138047e-22
1734,58.301815249269374,2.264316893017044e-24,55.11237484594831,7.257797826928842e-22
1735,45.405607083814026,7.543732511522812e-19,54.13243267007745,7.615784226307575e-20
1736,26.292289759982438,1.4944719220654924e-10,51.49238771748304,1.4944719296748068e-11
1737,47.28957943844182,1.4106078750139974e-19,50.93480135719353,1.4944719310811602e-11
1738,49.492329328812,1.185426509897147e-20,50.4406107057488,1.4944719311987817e-11
1739,49.196662059721035,1.697440066343031e-20,49.644682307787136,1.4944719313684704e-11
1740,49.96784217202002,1.0420297162871007e-20,49.26975223598335,1.4944719314700876e-11
1741,46.53275481414355,4.307567930658617e-19,47.63395623248296,1.494471935777655e-11
1742,58.639270512046764,1.953490297706226e-24,48.11957107332599,1.494471935776055e-11
1743,57.143102040922905,9.820992988661951e-24,48.826125245917396,1.4944719357200308e-11
1744,52.740355141666505,7.317921926885924e-22,48.2699792351571,1.4944719357273264e-11
1745,55.36479018151845,1.9923162984835884e-23,49.26589754492754,1.494471928183793e-11
1746,57.4456040260343,7.768708953548766e-24,52.38122897153274,6.118378020404475e-20
1747,46.846118069484625,1.41712716826157e-19,52.33688283463702,6.124897313652049e-20
1748,54.098685442620564,1.9432427706393285e-22,52.797518446017875,6.008297905432972e-20
1749,48.440795184423216,3.8834310448537465e-20,52.72193175848808,6.226897003284044e-20
1750,54.03773462654651,1.7139958665400842e-22,53.12892100394074,6.124408027521875e-20
1751,49.26239945144205,2.6301829675012305e-20,53.401885467670596,2.0798583936133808e-20
1752,51.01758515315997,3.003403359579662e-21,52.639716931781905,2.1098728923062e-20
1753,49.772911827642474,8.39417027556599e-21,51.90269791045387,2.193716385131973e-20
1754,49.79897546119,1.2180787354004507e-20,51.60855994240622,2.3082063367451323e-20
1755,53.19786097177379,1.2896348746476626e-22,51.39186702143176,2.309296739989932e-20
1756,34.61734065222939,4.510630463046537e-14,49.10904068405125,4.510653555237066e-15
1757,55.96893463078035,2.5484141978128192e-23,50.02132234018084,4.510639386513798e-15
1758,51.21112287647,1.8274444267470554e-21,49.73256608356577,4.510639549825813e-15
1759,55.75899942123945,3.4573396090389843e-23,50.4643865072474,4.510635669852107e-15
1760,44.65427395131593,1.8181843662959543e-18,49.52604043972433,4.5108174711487786e-15
1761,54.33406003484192,6.992935199255943e-23,50.03320649806433,4.510814847958746e-15
1762,56.87017381150681,6.864624462316179e-24,50.618465363899006,4.5108145483048724e-15
1763,51.40332242422176,1.951338438664953e-21,50.781506423556934,4.510813904021688e-15
1764,54.34224601193349,1.1809055731907473e-22,51.235833478631285,4.51081269775201e-15
1765,51.66213938042091,1.7572179811247834e-21,51.082261319496,4.510812860577459e-15
1766,51.465380998878,1.8180630085122255e-21,52.767065354160856,1.8257933722228462e-19
1767,49.777222204404204,1.606656093687606e-20,52.14789411152325,1.8418344490177433e-19
1768,55.02798453170891,7.331543976580124e-23,52.529580277047145,1.8400803200307628e-19
1769,56.28489263006815,2.1388187557943468e-23,52.58216959793,1.8400671348222296e-19
1770,53.23380942110992,5.001503994319748e-22,53.44012314490941,2.2382918925707686e-21
1771,49.14723282391194,3.125367006166613e-20,52.92144042381641,5.356665963538126e-21
1772,50.68605807371836,6.1998017237064415e-21,52.30302885003757,5.975959673462538e-21
1773,54.93336772909584,8.710453933856015e-23,52.65603338052498,5.7895362835299e-21
1774,54.364653199351096,1.9058001215753099e-22,52.658274099266734,5.796785229013744e-21
1775,54.271765066499846,1.6401629168353555e-22,52.91923666787462,5.637465060069619e-21
1776,57.13782227003747,6.225906875365864e-24,53.48648079499056,5.456281349905934e-21
1777,47.90852708815406,6.028061788086714e-20,53.299611283365564,9.877687044305042e-21
1778,60.117548614798885,1.7767616544484338e-25,53.808567691674554,9.870373267945007e-21
1779,52.53233667858024,6.441120193493493e-22,53.43331209652577,9.932645651124147e-21
1780,53.76260617036657,1.972279294000874e-22,53.48619177145142,9.902353404120958e-21
1781,42.93299660768614,1.2030064090528394e-17,52.864768149828855,1.2097833954507939e-18
1782,46.66798497300438,2.6196868269959555e-19,52.46296083975746,1.2353602835483826e-18
1783,54.521144601285414,6.977547151290931e-23,52.4217385269764,1.2353585506416001e-18
1784,50.04515420920955,6.694912903362294e-21,51.989788627962255,1.2360089839307204e-18
1785,55.41295371361203,4.723242762935698e-23,52.10390749267348,1.2359973055443151e-18
1786,52.782740553008026,5.477175945258877e-22,51.668399320970536,1.2360514547130802e-18
1787,51.687805412559854,2.2920703012507163e-21,52.046327153411106,1.2302525999551185e-18
1788,58.698177447683015,1.718928847396626e-24,51.904390036699525,1.2302527540803868e-18
1789,52.96748490629016,4.810950799351836e-22,51.94790485947051,1.2302364523864455e-18
1790,51.86180678281938,1.6686950370448527e-21,51.757824920715805,1.23038359909721e-18
1791,48.50684858198488,3.498573159406661e-20,52.31521011814567,3.0875763203777076e-20
1792,55.87106688783943,2.4356442552757748e-23,53.23551830962917,4.6813305780727966e-21
1793,51.86349668114602,1.6380348077650678e-21,52.96975351761523,4.8381565116980125e-21
1794,55.9690908866588,2.063760073394862e-23,53.56214718536016,4.170728981435177e-21
1795,52.13932394332042,1.5326413552326409e-21,53.23478420833099,4.319269874195506e-21
1796,49.30360110347833,8.320300025467855e-21,52.88687026337802,5.096528117289703e-21
1797,48.626832363501634,4.32260936412826e-20,52.580772958472195,9.189930451292892e-21
1798,58.38735004570281,1.8316724613176212e-24,52.54969021827418,9.189941725654283e-21
1799,56.75357517809063,1.0431063306439363e-23,52.92829924545424,9.142875323991409e-21
1800,59.66183823782019,6.158395865172132e-25,53.708302390954316,8.976067404245575e-21
1801,47.35987182809425,1.4501153834623942e-19,53.593604715565256,1.9978648079462854e-20
1802,54.4256111768219,6.710251491059168e-23,53.44905914446349,1.9982922686698637e-20
1803,48.64065664546312,3.76057451013544e-20,53.12677514089521,2.3579693716057574e-20
1804,56.573070984470036,1.4917326671131974e-23,53.18717315067634,2.3579121688651294e-20
1805,53.038944389258575,3.0194728999778385e-22,53.27713519527015,2.3456052282127805e-20
1806,56.54080815895976,1.585619976459215e-23,54.000855900818294,2.2625607899557473e-20
1807,55.60871921555538,2.5226493077687288e-23,54.699044586023675,1.8305521184736987e-20
1808,47.446098195358246,6.381752959029542e-20,53.6049194009892,2.4687090976520396e-20
1809,56.54618069764672,1.3243912965148065e-23,53.584179952944815,2.468737226148627e-20
1810,49.816807630318266,1.235063120461753e-20,52.59967689219462,2.5922373797989367e-20
1811,55.97908932380916,1.8679096517347063e-23,53.461598641766116,1.1423087873017162e-20
1812,52.515973073991155,9.322990342575725e-22,53.27063483148304,1.150960752495186e-20
1813,50.582081417373985,5.5246320353125866e-21,53.46477730867413,8.30149621834768e-21
1814,57.02608669765917,1.0734272805322978e-23,53.51007887999303,8.301077912961099e-21
1815,55.801412298752226,3.608787220457869e-23,53.786325670942404,8.274491971181779e-21
1816,52.904624797604114,4.609151866184336e-22,53.422707334806844,8.318997869867162e-21
1817,56.27670110452853,1.794732802582281e-23,53.48950552370415,8.318269953361975e-21
1818,55.53426675265498,3.908187596508677e-23,54.29832237943383,1.940425181928943e-21
1819,52.67526507987724,6.1547914303885685e-22,53.911230817656886,2.0006487049363135e-21
1820,58.590285213269226,1.993188604908091e-24,54.78857857595197,7.6578490333505175e-22
1821,56.43050862865802,9.67424393664386e-24,54.83372050643686,7.648844180769814e-22
1822,57.01557885691319,9.772467743348351e-24,55.28368108472906,6.726317614255588e-22
1823,57.54511716188885,5.820864476528527e-24,55.979984659180545,1.2075064434195304e-22
1824,54.51167327558667,1.0426227640061836e-22,55.72854331697331,1.301034447014826e-22
1825,49.19077747391761,1.888285907408996e-20,55.06747983448984,2.0147805648900208e-21
1826,48.83072896158369,3.030260378614845e-20,54.6600902508878,4.998949424843022e-21
1827,55.565962078925494,4.2745055811233157e-23,54.58901634832749,5.001429197621563e-21
1828,53.52767792413968,2.538878020655335e-22,54.38835746547596,5.0229097902316076e-21
1829,56.208322498986824,2.2373720348278695e-23,54.74166320738692,4.96359924796255e-21
1830,55.596484004318356,4.240235854124999e-23,54.44228308649183,4.967640164956184e-21
1831,51.28849685034981,2.632468316887732e-21,53.92808190866102,5.2299195722512925e-21
1832,58.46231548325922,2.3637892603581926e-24,54.07275557129562,5.2291787044029934e-21
1833,46.491860531203685,3.1674707727931913e-19,52.967429908227096,3.690330434588726e-20
1834,54.433137106095536,1.0261245703523254e-22,52.95957629127798,3.690313936395071e-20
1835,56.90787597957871,3.889707390047051e-24,53.7312861418441,3.501524242728072e-20
1836,54.15323893986175,1.1970769962771485e-22,54.263537139671904,3.1996952818628654e-20
1837,51.19589390373667,2.1123704707914035e-21,53.82653032215303,3.220391536012667e-20
1838,58.031995663299526,4.105556436809216e-24,54.276962096069006,3.21789371355638e-20
1839,51.77013252090269,1.9754117226659573e-21,53.8331430982606,3.2374240935795566e-20
1840,48.092380506761394,4.626387404327584e-20,53.082732748504895,3.699638810426902e-20
1841,55.80058039600921,1.953214752949597e-23,53.533941103070845,3.673509448733319e-20
1842,57.327768960271406,6.317400547889587e-24,53.42048645077206,3.6735489848461955e-20
1843,57.89596307887835,3.5299189860483215e-24,54.56089670553952,5.0611351124286445e-21
1844,50.4346367278777,4.373648033617402e-21,54.161046667717734,5.488238670086861e-21
1845,54.13437242683154,1.5059454582234617e-22,53.883696312443035,5.502909153930092e-21
1846,51.68356661093451,2.293894963457022e-21,53.6367290795503,5.720327880313021e-21
1847,53.21946713761749,3.924737783758082e-22,53.83908640293838,5.548338211071463e-21
1848,48.765926569554836,2.819452561767801e-20,52.91247949356391,8.367380217195581e-21
1849,56.72100159429897,1.341869318424301e-23,53.407566400903534,8.17118091424741e-21
1850,57.266899880861985,5.980294028644111e-24,54.3250183383136,3.545391539322691e-21
1851,54.09789348616039,1.0791604994482853e-22,54.15474964732872,3.554229929564224e-21
1852,58.5447371812802,1.6308168175203195e-24,54.276446469429594,3.5537612711911875e-21
1853,55.237170125517565,5.185216173950753e-23,54.01056717409351,3.558593495466533e-21
1854,57.91094767938332,2.4760443691733926e-24,54.758198269244076,3.12147629654171e-21
1855,56.25568378407386,1.5376625393507832e-23,54.97032940496831,3.107954504498826e-21
1856,54.82589748244328,9.912302617563556e-23,55.2845624921192,2.888477310770687e-21
1857,57.05322383121808,1.2947496437899605e-23,55.66793816147924,2.850524682576897e-21
1858,50.50086196604052,5.707212544454091e-21,55.84143170112782,6.01793375254505e-22
1859,57.409102637282125,5.411337356261701e-24,55.91024180542613,6.009926396717069e-22
1860,56.64869649194899,6.731573174855083e-24,55.84842146653483,6.010677675863281e-22
1861,53.27050756602514,4.450428710435278e-22,55.76568287452132,6.347804496961979e-22
1862,54.771032717733775,5.791847741394602e-23,55.38831242816666,6.404092157558405e-22
1863,50.95772407151484,2.121999224508821e-21,54.960367822766386,8.474239220327717e-22
1864,49.13282621067484,3.562388944715561e-20,54.08255567589555,4.409565262311416e-21
1865,54.99905954368478,6.58849673038066e-23,53.95689325185664,4.414616096502445e-21
1866,51.12263468204799,1.730091734310241e-21,53.58656697181711,4.577712967315906e-21
1867,50.27849469447344,3.026078150130554e-21,52.90909405814265,4.87902603268517e-21
1868,54.375568587822336,1.1371277014736304e-22,53.29656472032083,4.319676055254499e-21
1869,54.97876334794271,6.161153154832345e-23,53.053530791386876,4.3252960746737045e-21
1870,54.968364658358894,3.99367669681963e-23,52.88549760802787,4.328616594053039e-21
1871,52.06370180843213,1.794450332331946e-21,52.76481703226857,4.46355734018188e-21
1872,30.064428277642342,3.632243075980426e-12,50.294156588259426,3.632243120558081e-13
1873,52.39399726947895,5.913842982249126e-22,50.43778390805584,3.632243119027466e-13
1874,57.50611853876775,5.278845802591664e-24,51.27511314086513,3.6322430834088555e-13
1875,50.18953926476343,4.3639950106734105e-21,50.79416111297299,3.632243087706965e-13
1876,53.2986983359836,2.6170216663239745e-22,51.01176747836656,3.6322430862385756e-13
1877,52.369591072517096,8.502869406322777e-22,51.220877116170925,3.632243084062784e-13
1878,54.131627945170656,1.2140121497280035e-22,51.19648305190575,3.632243084070473e-13
1879,56.24231850542483,2.2329911040503345e-23,51.32283856765397,3.6322430840311913e-13
1880,56.16361514059093,1.3259490787909677e-23,51.44236361587716,3.632243084004514e-13
1881,49.84886374771072,1.0186902330045196e-20,51.220879809805034,3.6322430923969665e-13
1882,54.77332505895876,6.055963330614531e-23,53.691769487936675,1.6477099842118145e-21
1883,53.43342732778988,1.8687893577598002e-22,53.795712493767766,1.607259447966921e-21
1884,58.08814357130571,3.558779513440784e-24,53.85391499702157,1.6070874413380062e-21
1885,48.73480121758954,3.8387740303885566e-20,53.708441192304164,5.0094619706592215e-21
1886,44.15338642829929,3.083516591709805e-18,52.79391000153574,3.133349509249765e-19
1887,56.826659602983696,1.0635065741634105e-23,53.2396168545824,3.132509857374874e-19
1888,58.1680057580206,2.5510922132292933e-24,53.64325463586739,3.132391007252115e-19
1889,59.34622101537306,8.184246670759316e-25,53.95364488686222,3.132369495765741e-19
1890,53.395710425063015,2.8992290718218047e-22,53.676854415309435,3.132646159182136e-19
1891,55.96892053875027,2.547586148285506e-23,54.28886009441338,3.1224847327135733e-19
1892,55.54140256097405,1.5580140730047143e-23,54.365667844614904,3.122439753220997e-19
1893,52.30544522373465,9.600917973846153e-22,54.25286963420939,3.1232129660826058e-19
1894,53.409107486078064,1.371460589388453e-22,53.784966025686614,3.1233465533620315e-19
1895,55.78212701643412,3.559442248921093e-23,54.489698605571085,3.0849944074806344e-19
1896,50.83583566841595,6.097423482551308e-21,55.157943529582745,7.575239253381003e-22
1897,39.391041843679666,3.1728544961793786e-16,53.41438175365234,3.172930142221255e-17
1898,55.42760018860135,2.3240807825377846e-23,53.140341196710416,3.172930349118411e-17
1899,52.983991830311844,5.667093580690279e-22,52.504118278204295,3.172936008027745e-17
1900,50.27236948876843,7.97134690083433e-21,52.19178418457484,3.173012822267682e-17
1901,55.3308345989517,3.318919295916167e-23,52.12797559059497,3.1730128994009964e-17
1902,35.44552233735993,1.711611175285312e-14,50.118387568233565,1.7433413027213078e-15
1903,55.40808471840518,4.1328567532003355e-23,50.42865151770062,1.7433412108449848e-15
1904,56.78228632046162,9.176497024469045e-24,50.765969401138975,1.7433411980480286e-15
1905,27.13179002716176,1.1083216597584991e-10,47.90093570221175,1.108495993877948e-11
1906,53.402953459383276,3.68888905381044e-22,48.15764748130847,1.1084959938206625e-11
1907,52.84772312284771,3.360139319288157e-22,49.50331560922528,1.1084928209695265e-11
1908,41.992588394708356,2.6924234424504495e-17,48.159814429835976,1.1084930902116385e-11
1909,54.019114150956206,1.6061423407953365e-22,48.26332666190042,1.1084930902075774e-11
1910,52.603958180694164,8.66667481958771e-22,48.49648553109299,1.1084930901365305e-11
1911,49.80628853133216,9.058176486803957e-21,47.94403092433104,1.1084930902267805e-11
1912,49.23698989732432,1.726604684077974e-20,49.323177680327476,1.1083219292819125e-11
1913,54.91467178659607,3.06019040523141e-23,49.27383638714656,1.1083219292818052e-11
1914,56.55194622069622,9.174011457000875e-24,49.25080237717002,1.1083219292818052e-11
1915,53.42067714256275,2.3070896321394844e-22,51.879691088710125,2.695256131726415e-18
1916,57.06368546422383,9.695363955154169e-24,52.24576428919418,2.6952202123722722e-18
1917,54.238316803567685,1.130678827187317e-22,52.38482365726618,2.695197917767351e-18
1918,53.48379174388199,3.533403428510268e-22,53.53394399218354,2.809809351187018e-21
1919,52.01554843366249,1.0299917697280728e-21,53.33358742045417,2.8967471047518716e-21
1920,52.94457212928703,3.8256692372987202e-22,53.36764881531345,2.8483370489289815e-21
1921,52.21077706932881,1.33391015589515e-21,53.60809766911312,2.075910415838101e-21
1922,53.58767143217109,1.9170057548405352e-22,54.0431658225978,3.6847578930853243e-22
1923,50.76963760365218,4.7442586740104154e-21,53.628662404303405,8.398414663043426e-22
1924,58.957124134713126,1.8773353402785117e-24,53.8691801957051,8.391117986926702e-22
1925,50.511673263649314,8.070011265581241e-21,53.57827980781376,1.6230420289293996e-21
1926,55.056275923782316,5.121706345549536e-23,53.3775388537696,1.6271941988794335e-21
1927,51.92733098111141,1.710268438777485e-21,53.14644027152398,1.7869142544853087e-21
1928,54.74420914988977,6.941192911277958e-23,53.27248201212475,1.758521413111484e-21
1929,55.79183280049123,3.0255419288343036e-23,53.65011044880763,1.6585477780675113e-21
1930,53.76973515645455,1.7468844004904358e-22,53.73262675152438,1.6377599296994285e-21
1931,52.3080247066559,1.3110572629176758e-21,53.742351515257084,1.635474640401681e-21
1932,51.85368127653478,9.386444207892239e-22,53.56895249969345,1.710169024932198e-21
1933,55.67074354681884,3.5783402226859403e-23,54.059063094010114,1.2393214977538425e-21
1934,52.268571855749734,9.029652611628643e-22,53.39020786611378,1.3294302903361011e-21
1935,56.80688578399666,9.879940098092755e-24,54.01972911814852,5.234171577877863e-22
1936,53.59162568323776,2.1497693539346466e-22,53.87326409409407,5.397931449815831e-22
1937,54.01649818426335,3.524200590698426e-23,54.082180814409256,3.7229050169453315e-22
1938,52.31933973088363,7.154967353950968e-22,53.83969387250865,4.368989823227649e-22
1939,54.056827673511144,1.5282399483616517e-22,53.666193359810634,4.491558398775471e-22
1940,44.88526255541803,9.007698473891851e-19,52.77774609970699,9.050867173479117e-20
1941,40.364474706887805,1.424188737922727e-16,51.58339109973017,1.4332264945235768e-17
1942,47.76655450127798,7.222102916346829e-20,51.174678422204494,1.4339393183710037e-17
1943,52.17600379035606,1.0629680090953947e-21,50.82520444655822,1.4339495902170726e-17
1944,54.3360989530577,1.190946180125049e-22,51.03195715628901,1.4339417515106408e-17
1945,52.29758215518994,8.081698842336791e-22,50.58102679340834,1.4339497344100825e-17
1946,57.56204334804014,1.787880300773567e-24,50.978068559888584,1.433947602519531e-17
1947,55.34457301713997,6.271731255621021e-23,51.11087604317624,1.433947877272598e-17
1948,52.19899187126413,1.133038892402e-21,51.09884125721429,1.4339520526941677e-17
1949,51.859571201939936,1.0260504432065375e-21,50.87911561005718,1.4339607849586516e-17
1950,46.88848725947665,2.977130009757485e-19,51.079438080463035,1.427930216494517e-17
1951,51.36382051063153,1.9395204573674185e-21,52.179372660837394,3.760873776363913e-20
1952,53.186753940137976,5.568581143665948e-22,52.721392604723405,3.0442320658728963e-20
1953,53.63945018858115,1.7682246525949212e-22,52.867737244545914,3.0353706104345374e-20
1954,55.827012364686254,2.940097665586159e-23,53.01682858570875,3.0344736740209705e-20
1955,55.535478594181775,4.142100066387903e-23,53.34061822960795,3.026806185185273e-20
1956,54.73498099804088,1.0450877642013301e-22,53.05791199460803,3.027833394146466e-20
1957,56.83740599338268,6.9379500441161e-24,53.2071952922323,3.0272756005213454e-20
1958,54.07907041872971,1.4078178201031423e-22,53.39520314697885,3.017353029417428e-20
1959,54.3883756387969,1.1775564835401594e-22,53.648083590664555,3.008270081468903e-20
1960,43.223359541389875,9.722798735065531e-18,53.28157081885588,9.725912742236673e-19
1961,52.21465258592462,8.965778856971955e-22,53.36665402638518,9.724869799665002e-19
1962,54.29937512510814,1.2197022844408279e-22,53.4779161448822,9.72443491177908e-19
1963,55.22679975925973,4.733346469582455e-23,53.63665110195005,9.724305422778515e-19
1964,49.57895417767061,1.554878288113829e-20,53.0118452832485,9.739824804682998e-19
1965,50.34069334404579,5.854926760996861e-21,52.492366758234894,9.745638310443332e-19
1966,53.789219985128824,2.6768913325538153e-22,52.397790656943684,9.745801490800166e-19
1967,50.62104110307835,4.244871241092229e-21,51.77615416791326,9.750039424091216e-19
1968,53.448233597158385,4.378170277842303e-22,51.71307048575612,9.750336459336989e-19
1969,52.56347980568912,4.294216392972583e-22,51.530580902445344,9.750648125327932e-19
1970,50.18761766566875,6.735364597038153e-21,52.227006714873234,3.458475485943951e-21
1971,58.936443576457926,2.13109618039938e-24,52.899185813926564,3.3690308069922713e-21
1972,46.40804728557352,4.687988977714023e-19,52.110053029973095,5.02367235612881e-20
1973,56.485303802907815,1.431111630934899e-23,52.2359034343379,5.023342132644944e-20
1974,55.763488904070336,1.8743360295454848e-23,52.854356906977884,4.8680417374365155e-20
1975,56.56323250286512,9.402950078717841e-24,53.47661082285981,4.809586499327334e-20
1976,58.069157639146255,3.1319806066211082e-24,53.904604588261556,4.8069409278008465e-20
1977,51.57149719557199,2.2459148643468984e-21,53.999650197510924,4.786951364033394e-20
1978,55.08423237661118,6.689004720768746e-23,54.1632500754562,4.7832420942276273e-20
1979,49.92364635887137,1.183296231928178e-20,53.89926673077442,4.897277501027473e-20
1980,61.53889999169856,9.646638697405913e-26,55.03439496337741,4.829924819720961e-20
1981,53.65530245518538,3.852439604185986e-22,54.50628085125015,4.8337559483633435e-20
1982,59.37612352156657,5.046111929324791e-25,55.80308847484946,1.4577201676125013e-21
1983,52.34895722636013,8.577687367977393e-22,55.38945381719469,1.5420659296613404e-21
1984,51.028171369713206,2.9856486263555298e-21,54.91592206375898,1.8387564562673478e-21
1985,58.090468977098645,3.236530438490679e-24,55.06864571118233,1.838139814303325e-21
1986,55.56439533112978,2.345388124939332e-23,54.818169480380675,1.8401720043676023e-21
1987,53.798143405492006,1.8652779210017433e-22,55.04083410137268,1.6342332971429298e-21
1988,54.53079094034475,8.357682491300254e-23,54.98548995774604,1.6359019749134614e-21
1989,51.75901357392542,2.492188161502108e-21,55.169026679251445,7.018245591354943e-22
1990,54.92759392189836,5.125407442005444e-23,54.50789607227142,7.069403199388025e-22
1991,52.51468116742856,1.006380870901403e-21,54.39383394349575,7.690540109870828e-22
1992,52.148960273953456,9.022981675807427e-22,53.671117618734435,8.592333666258638e-22
1993,51.58246611683004,2.269068354769098e-21,53.594468507781414,1.0003633284229995e-21
1994,52.38756798223281,1.5872448618011397e-21,53.73040816903339,8.605229519675606e-22
1995,57.864866463538064,3.936092374935463e-24,53.70784791767733,8.60592908161205e-22
1996,50.0787938078483,3.7958451192209015e-21,53.15928776534918,1.237832031958356e-21
1997,55.06049837930812,9.139360288658589e-23,53.28552326273079,1.2283186130369973e-21
1998,46.41672492241342,2.0300043455770254e-19,52.47411666093766,2.1520004386315952e-20
1999,57.39396164970704,8.378670488321421e-24,53.03761146851582,2.127162343721457e-20
2000,59.4039406998889,3.4283441920782646e-25,53.48524614631488,2.126653231321449e-20
2001,53.58935782519597,1.8381179351670654e-22,53.59271381209161,2.118427540547602e-20
2002,52.33686084189544,6.407873179290007e-22,53.61150386888581,2.1158124320510845e-20
2003,45.73891949081275,4.978985439432315e-19,53.02714920628408,7.072107187935708e-20
2004,55.36374115378006,4.9803822322346814e-23,53.324766523438804,7.05673277754092e-20
2005,52.09845650897482,1.5386301421301808e-21,52.74812552798248,7.072079718038473e-20
2006,58.61371432353284,1.8499622754086274e-24,53.60161757955094,7.034139766469018e-20
2007,55.40263981323654,4.886396519257564e-23,53.635831722943784,7.033714470092077e-20
2008,52.13946170017482,7.62141281261475e-22,54.20810540071992,5.011331537327666e-20
2009,50.92024281899063,4.348724269585706e-21,53.56073351764828,5.0547349933186406e-20
2010,51.75430130744494,1.3145623421765941e-21,52.795769578403885,5.0678771883962137e-20
2011,53.09804865291354,3.9223866940505353e-22,52.746638661175645,5.0699614571550967e-20
2012,49.88184825323882,5.284465198926429e-21,52.50113740230997,5.116398235965073e-20
2013,50.94574362817747,4.450724708973489e-21,53.021819816046445,1.8192004362249256e-21
2014,57.128387787771636,8.351197759404959e-24,53.198284479445604,1.8150551737686313e-21
2015,52.49119218308639,5.328025937806169e-22,53.23755804685676,1.714472418933675e-21
2016,49.31977109627871,2.2872085764113213e-20,52.30816372413135,4.0014959991174556e-21
2017,51.19838116768746,2.4873656529027307e-21,51.88773785957644,4.2453461678884715e-21
2018,57.81230827771784,3.1855991529249842e-24,52.45502251733075,4.169450599677616e-21
2019,49.620225478460114,1.6888947316696412e-20,52.32502078327768,5.423472904388687e-21
2020,51.849090398740586,1.3367700391737694e-21,52.33449969240725,5.425693674088405e-21
2021,51.329797852674396,3.1078969281457508e-21,52.15767461238333,5.697259499962475e-21
2022,53.65849517307944,2.6813936578357954e-22,52.535339304367405,5.195626916648189e-21
2023,55.379716305186236,6.045225052359653e-23,52.97873657206827,4.7565996708032e-21
2024,53.826223612135784,1.9860338715251535e-22,52.648520154504695,4.775624889742511e-21
2025,53.857803492819826,2.0458023161318937e-22,52.78518128547804,4.7428026535257685e-21
2026,18.742166940797233,3.0044143475199667e-07,49.727420869929894,3.004414347520212e-08
2027,54.758720196730984,6.947057773208155e-23,50.083454772834244,3.004414347520188e-08
2028,51.484269030510596,2.206489165419048e-21,49.45065084811351,3.00441434752021e-08
2029,51.92306849274081,8.111156389542463e-22,49.68093514954158,3.0044143475200495e-08
2030,52.03328499261956,1.4108648355110314e-21,49.69935460892948,3.00441434752005e-08
2031,53.96539299797698,8.750296808589216e-23,49.96291412345975,3.0044143475200204e-08
2032,49.21184566310579,9.96812351408632e-21,49.518249172462376,3.004414347520117e-08
2033,56.137797980846244,1.4460256471182587e-23,49.594057340028385,3.004414347520116e-08
2034,56.92185910823456,1.2927010136357641e-23,49.90362088963826,3.0044143475201144e-08
2035,58.35915676571854,1.1863642453933821e-24,50.35375621692813,3.0044143475201124e-08
2036,56.903022074167225,1.0416180902383703e-23,54.16984173026513,1.4592556511543938e-21
2037,58.0509137347867,2.995218123540093e-24,54.4990610840707,1.4526081151935395e-21
2038,58.240194008842785,2.7838194145812066e-24,55.17465358190392,1.2322375805930928e-21
2039,56.222800743418055,1.777402230909639e-23,55.604626806971645,1.1529034189285778e-21
2040,56.56494482809402,1.6190722069073357e-23,56.05779279051909,1.0134360075843819e-21
2041,51.67957650016006,1.4888943013859118e-21,55.8292111407374,1.153575140914384e-21
2042,51.94256287835174,1.2206481494243342e-21,56.102282862261994,2.7882760444818543e-22
2043,51.76706954176851,9.811589356645594e-22,55.665210018354216,3.7549747236752315e-22
2044,50.67256360833258,7.337475066305819e-21,55.04028046836402,1.1079522779844692e-21
2045,53.94933537033952,1.7400250538824463e-22,54.59929832882612,1.1252338920987543e-21
2046,61.35810476014373,1.0026191159126938e-25,55.04480659742377,1.1242023001996751e-21
2047,54.01493685513808,2.0071751534862355e-22,54.64120890945891,1.1439745299221833e-21
2048,55.17784960593992,6.272727622692373e-23,54.33497446916863,1.1499688756034176e-21
2049,54.79216158287543,7.735954776439767e-23,54.19191055311436,1.1559274281489478e-21
2050,54.15380449675814,1.8648523500351004e-22,53.950796519980784,1.1729568794423915e-21
2051,59.84701299317598,4.869842750055911e-25,54.767540169282356,1.0241161477313008e-21
2052,52.28871961936917,1.239506943182908e-21,54.80215584338411,1.0260020271071581e-21
2053,52.370702950952925,8.503175554869784e-22,54.86251918430254,1.0129178890894003e-21
2054,57.87568524376925,3.0626978551533394e-24,55.582831347846216,2.7947665224433363e-22
2055,44.858961838728135,2.0223790770455906e-18,54.67379399468507,2.0249998410626456e-19
2056,58.64330665947685,1.6868599964308167e-24,54.40231418461839,2.0250014276607306e-19
2057,56.698983221704374,9.469452486096768e-24,54.67071882127501,2.024810179597868e-19
2058,58.032778528422384,3.457798108835728e-24,54.956211713523274,2.0247509101197498e-19
2059,53.87568226158625,1.9015029965173343e-22,54.86456378139435,2.0248637008716373e-19
2060,58.075735340365696,2.7861963660875138e-24,55.256756865755094,2.0246800018329998e-19
2061,53.56343171026206,2.9961599546662264e-22,54.62839873746371,2.0249791308441908e-19
2062,50.820357315676006,3.348879041966702e-21,54.481562507094395,2.027088502942975e-19
2063,53.259214583679224,3.7446092858713225e-22,54.57041367036702,2.0266126463160755e-19
2064,56.86997072432735,3.101083013282029e-24,54.46984221842283,2.026612684701234e-19
2065,52.76555875212082,3.702175598842599e-22,55.260501909762105,4.603825215527184e-22
2066,53.59216360577658,1.908060400634452e-22,54.75538760439207,4.792944395594198e-22
2067,54.87379872806621,6.749741443205955e-23,54.57286915502825,4.85097235754016e-22
2068,52.65463590105637,6.193133030437575e-22,54.035054892291654,5.466827862475082e-22
2069,52.34831255660524,9.532937379551193e-22,53.88231792179356,6.229971300778467e-22
2070,55.23956696979229,4.848732807592512e-23,53.59870108473622,6.275672432488306e-22
2071,57.32242915159205,4.579354476408915e-24,53.974600828869214,5.980635791498092e-22
2072,46.2577855305851,5.856818846326764e-19,53.51834365036012,5.883136413822078e-20
2073,50.659571859117456,9.077386395754972e-21,53.25837937790395,5.970165668493757e-20
2074,57.08896479618281,7.975544784214601e-24,53.28027878508949,5.970214413111466e-20
2075,55.84500215813645,1.6977812578789758e-23,53.58822312569106,5.966682015638411e-20
2076,54.87256645506088,9.17628572097413e-23,53.71626341061949,5.965691583809874e-20
2077,47.9767459071288,1.0583860127989527e-19,53.02655812852574,7.023402622464507e-20
2078,47.965019007337304,8.831310004589463e-20,52.55759643915384,7.900340489893014e-20
2079,58.16832251785385,2.5644585274395214e-24,53.1395974352787,7.890833197098739e-20
2080,52.58049125647346,8.097844108266286e-22,52.87368986394681,7.898446167926245e-20
2081,51.3039741838462,3.853541291452689e-21,52.27184436717223,7.936935787296008e-20
2082,52.30566030238293,7.367334134696509e-22,52.87663184435202,2.0874842751039402e-20
2083,25.091945787244157,8.813507316382098e-10,50.31986923716469,8.813507318378809e-11
2084,49.5430432653321,1.1572782723533247e-20,49.56527708407962,8.813507318494457e-11
2085,53.26259264845832,2.8478402197911023e-22,49.3070361331118,8.813507318497133e-11
2086,52.06661605075373,1.545779402349899e-21,49.02644109268109,8.813507318511675e-11
2087,57.31717394494585,4.22248276658854e-24,49.9604838964628,8.813507317453331e-11
2088,51.49579078775911,1.1442420617664485e-21,50.313561074504975,8.813507316581642e-11
2089,50.18238601142592,7.564373459873596e-21,49.51496742386218,8.81350731665726e-11
2090,56.1755025460764,2.4899927949263902e-23,49.87446855282248,8.813507316649411e-11
2091,52.23951701690061,6.225321695437118e-22,49.968022836127915,8.8135073166171e-11
2092,49.507121153639766,1.3368466431633186e-20,49.68816892125359,8.813507316743419e-11
2093,56.56203485892099,1.716198851084189e-23,52.83517782842129,3.614924466990589e-21
2094,54.28680349680631,7.437128765508726e-23,53.309553851568694,2.4650833234027733e-21
2095,54.527589847072385,1.3923208397790976e-22,53.4360535714301,2.4505281296026534e-21
2096,52.99766165171971,3.988123330601887e-22,53.5291581315267,2.335831422673682e-21
2097,52.518844568959274,8.859181727338441e-22,53.04932519392804,2.424000991670408e-21
2098,48.71132467753744,2.4907701612034906e-20,52.77087858290588,4.800346946697253e-21
2099,53.404922624828316,4.171433503255357e-22,53.09313224424612,4.085623935742448e-21
2100,57.03699059981558,9.919972936266408e-24,53.17928104962003,4.084125940241148e-21
2101,47.93908754325008,8.382826165438836e-20,52.74923810225498,1.2404698888725612e-20
2102,53.400367597595576,1.319698697019089e-22,53.138562746650564,1.1081049232532486e-20
2103,56.28370884371795,1.385327218228893e-23,53.11073014513026,1.1080718360899629e-20
2104,58.164982223361534,2.6708174362889205e-24,53.49854801778579,1.107354831387775e-20
2105,51.45375426519063,1.356162506930062e-21,53.19116445959761,1.1195241356172964e-20
2106,58.280976131162795,9.263104183658636e-25,53.71949590754192,1.1155452753908783e-20
2107,53.71371151019626,2.596509124251895e-22,53.83898260166561,1.1092826027877916e-20
2108,57.92979917247638,4.122429948488647e-24,54.76083005115951,8.602468109669276e-21
2109,58.55681301419298,8.574308315310695e-25,55.27601909009597,8.560839517719877e-21
2110,59.161282077417304,1.1850304042719407e-24,55.488448237856154,8.559966023466678e-21
2111,58.61945051717674,1.5905714488388816e-24,56.55648453524882,1.772989151727235e-22
2112,55.208385326007736,3.812158682256613e-23,56.73728630809003,1.679140868847892e-22
2113,54.34147170515714,1.0225412762750661e-22,56.543062594233945,1.7675417242931096e-22
2114,59.012341989685375,1.5398601532599494e-24,56.62779857086633,1.766410767010081e-22
2115,56.64745292083239,1.1202297034164109e-23,57.14716843643051,4.214505571141827e-23
2116,52.474493338425326,8.637856736501078e-22,56.56652015715675,1.2843099203459247e-22
2117,54.03619269329879,4.7518397816246463e-23,56.59876827546701,1.0721774057369815e-22
2118,56.11785046952094,2.6745130091583955e-23,56.41757340517147,1.0948001058800768e-22
2119,56.29778236005606,2.2312502282840838e-23,56.191670339757785,1.1162551773313867e-22
2120,51.487138115165465,3.089028583553004e-21,55.4242559435326,4.2040987304801193e-22
2121,54.58572857656569,1.2367423108428453e-22,55.02088374947149,4.3261823901155635e-22
2122,56.34495592115849,1.7725822656407905e-23,55.13454080898657,4.305786625949406e-22
2123,50.24786039257132,6.573984882520434e-21,54.725179677727986,1.0777517380842335e-21
2124,52.9671987870698,6.096976050475065e-22,54.12066535746643,1.138567512573658e-21
2125,54.62372027683913,7.204861622057392e-23,53.9182920930671,1.144652144492299e-21
2126,54.22496930145532,1.1137732871005856e-22,54.0933396893701,1.0694113099982939e-21
2127,52.44366563779108,5.524718201263524e-22,53.93408698381933,1.1199066522293045e-21
2128,57.30542590527567,3.0970667534999815e-24,54.052844527394804,1.117541845895496e-21
2129,54.54352467650056,9.149284848078104e-23,53.877418759039244,1.1244598805152903e-21
2130,54.08236659686118,1.6963635480097466e-22,54.136941607208826,8.325206576400873e-22
2131,54.96761912025408,6.164977877765726e-23,54.175130661577654,8.263182124094245e-22
2132,58.25272576795999,1.1866310812108476e-24,54.36590764625781,8.246642932519047e-22
2133,54.52118897685952,1.376376603336771e-22,54.79324050468663,1.8102957103322922e-22
2134,59.10037148034328,1.0992828532185907e-24,55.40655777401398,1.2016973881380042e-22
2135,59.080330866055334,9.404721172853663e-25,55.85221883293559,1.1305892440347156e-22
2136,51.51357097671321,1.9304901601411996e-21,55.5810790004614,2.949702075465857e-22
2137,43.1911791422141,7.081318309613961e-18,54.65583035090369,7.083715539869301e-19
2138,55.426181730854225,4.1508029977075793e-23,54.467905933461545,7.083753950832524e-19
2139,50.56929243572006,5.868812645750579e-21,54.0704827093835,7.089531270629797e-19
2140,52.43302498960129,9.099642668569092e-22,53.90554854865751,7.090271598541852e-19
2141,56.09782789832684,3.1144858884000735e-23,54.01856942646477,7.090241093621957e-19
2142,49.301511945825695,1.2686252438539306e-20,53.12344804425136,7.102926159429415e-19
2143,54.13098773800555,1.540055941708916e-22,53.084427920365954,7.1029425273632535e-19
2144,52.17866881697112,1.3553654354808677e-21,52.39225765402874,7.104296793515879e-19
2145,48.875903155167734,2.315707180539968e-20,51.37181488293999,7.127452924849162e-19
2146,52.635582855296015,7.928815748148251e-22,51.48401607079826,7.126315316263837e-19
2147,55.491178724603515,4.454855422142454e-23,52.714016029037204,4.504155520409555e-21
2148,59.85735895664614,5.577976220980291e-25,53.1571337516164,4.500060497174058e-21
2149,51.52420192313375,2.8783144790290264e-21,53.252624700357764,4.201010680501903e-21
2150,60.79940991855838,2.291120720048357e-25,54.08926319325347,4.1100371650234124e-21
2151,54.707187965626346,9.478805805772381e-23,53.95019919998342,4.116401484940785e-21
2152,56.334131692536076,1.621583562129981e-23,54.65346117465447,2.8493978246489846e-21
2153,54.044567918923065,2.069121916950203e-22,54.64481919274622,2.8546884844013977e-21
2154,47.870313253194325,9.45726702581711e-20,54.21398363636854,1.217641896667042e-20
2155,55.07654655949671,2.910725985799215e-23,54.834047976801436,9.863622512116251e-21
2156,60.57564050184636,2.9470475185315297e-25,55.62805374145646,9.784363825109956e-21
2157,54.997459359068046,6.217978177928939e-23,55.57868180490292,9.786126947865742e-21
2158,51.49808923315393,1.7668995271243576e-21,54.7427548325537,9.962761120815969e-21
2159,62.042764898520645,6.688528308007676e-26,55.79461113009238,9.674936361441374e-21
2160,56.43398227113682,1.0997950491305604e-23,55.35806836535024,9.676013245283304e-21
2161,58.61400384006541,1.969650259387247e-24,55.74874995279414,9.66673140450347e-21
2162,56.15515777015748,1.5577630291429216e-23,55.730852560556286,9.666667583970483e-21
2163,55.324659690254684,4.9157051895257623e-23,55.85886173768944,9.650892069990506e-21
2164,45.45743279287339,1.2593835365732041e-18,55.61757369165734,1.2613197870149382e-19
2165,47.010108957448075,1.8703651031878977e-19,54.810929931452485,1.4483271900738699e-19
2166,53.14822622145735,3.187117233685994e-22,54.06818850341358,1.4486456070924868e-19
2167,54.15380504714914,1.3770954545822336e-22,53.98382307222168,1.4487211368561656e-19
2168,54.68549403562786,3.657217736609072e-23,54.30256355246909,1.4469908095064074e-19
2169,53.947820610669865,2.043568835443644e-22,53.49306912368401,1.4471950995046685e-19
2170,51.483155809084465,1.84920850209249e-21,52.997986477478776,1.4490333100562698e-19
2171,52.71803898667007,7.476166552820135e-22,52.408389992139234,1.4497789570612924e-19
2172,48.83503753113966,1.9359937703129704e-20,51.67637796823745,1.4691233171341308e-19
2173,49.15252216612294,1.509403459474356e-20,51.05916421582428,1.4841681946769788e-19
2174,54.051083187709416,1.9575709884219234e-22,51.91852925530789,2.2498041520261702e-20
2175,59.55010744668811,5.127949166876403e-25,53.172529104231884,3.794441767874393e-21
2176,54.05211398989529,2.4543767967241773e-22,53.26291788107568,3.787114363504774e-21
2177,55.51773335527514,3.4353677003845646e-23,53.399310711888276,3.776778776659336e-21
2178,48.99780409242768,1.4140710150391646e-20,52.830541717568266,5.1871925739618915e-21
2179,51.875620179496984,1.7664204125986002e-21,52.62332167445097,5.3433989268673155e-21
2180,52.975778104280785,2.6138148657568436e-22,52.77258390397061,5.184616225315635e-21
2181,53.4099197127266,1.9491924646298111e-22,52.84177197657626,5.1293464844337314e-21
2182,45.416180014252326,9.358284887399768e-19,52.49988622488753,9.677620158811845e-20
2183,59.47178453500428,7.080028655971208e-25,53.53181246177566,9.526686892893065e-20
2184,56.850088026333836,6.68400137203748e-24,53.811712945638114,9.524796161918363e-20
2185,51.95090028718571,1.791303065137724e-21,53.05179222968786,9.542704064620573e-20
2186,57.90314696711009,3.1989645458151456e-24,53.43689552740934,9.540281677469308e-20
2187,55.0873865493529,6.359675526608349e-23,53.39386084681712,9.54057410825193e-20
2188,47.331951333675555,1.0538052992992597e-19,53.22727557094191,1.0452972306047275e-19
2189,52.840666036635064,6.605167561056882e-22,53.32378015665571,1.0441913269482345e-19
2190,55.77600645951654,2.680448286285992e-23,53.6038029921793,1.0439567499445214e-19
2191,55.32539264679516,4.823579287465769e-23,53.79535028558615,1.0438100664909332e-19
2192,57.050684231455584,8.529234370773489e-24,54.958800707306466,1.079901069853272e-20
2193,52.128508516716835,1.059852221032195e-21,54.22447310547773,1.090492512034938e-20
2194,63.29556778597421,1.9519995832974314e-26,54.86902108144176,1.0904258672211759e-20
2195,55.49617395252616,4.0540817153788504e-23,55.223548447975816,1.0729182447413367e-20
2196,54.52832869489343,1.212279080368085e-22,54.886066620754136,1.0740985341762466e-20
2197,53.31110576914417,2.3067846259073063e-22,54.70843854273327,1.075769351249493e-20
2198,59.020392018504296,1.2379513815673353e-24,55.87728261121614,2.197643146404902e-22
2199,53.94566519596286,1.3704409031577666e-22,55.98778252714892,1.6741704806149907e-22
2200,49.92610244734418,1.359502981664137e-20,55.40279212593168,1.5242395814393502e-21
2201,48.58312503318443,1.2406913118072868e-20,54.72856536457061,2.7601073139591714e-21
2202,54.875461152269594,6.632108305692091e-23,54.511043056652014,2.765886498827786e-21
2203,54.14448023131016,1.5603275443188694e-22,54.71264022811134,2.675504552167755e-21
2204,54.294629780885096,1.6426378294080717e-22,53.81254642760244,2.6919289784622522e-21
2205,45.86941662191994,6.687848382021177e-19,52.84987069454181,6.956635871695864e-20
2206,48.47955329999929,3.631780286236343e-20,52.2449931550524,7.318601621239131e-20
2207,55.73459315044299,4.0132817493724047e-23,52.48734189318228,7.31669616478816e-20
2208,58.45267998458394,1.4226662754698668e-24,52.43057068979025,7.3166980119371e-20
2209,61.33421449241914,9.733583968977407e-26,53.16942561943588,7.315328544392338e-20
2210,59.43874191917847,1.0457117923065242e-24,54.120689566619305,7.179388703343847e-20
2211,56.23220944799335,1.209494600681422e-23,54.8855980081002,7.055440521623187e-20
2212,58.772256311594,1.1991132519397723e-24,55.27527752403264,7.054789301925139e-20
2213,56.53238149239193,1.8224875502934584e-23,55.51406765014082,7.053411223135847e-20
2214,53.96414404904819,1.4138507342462371e-22,55.481019076957125,7.053182436040686e-20
2215,56.43218150646251,1.202285028989885e-23,56.53729556541138,3.654542825224082e-21
2216,57.81677328631924,5.0415632749531266e-24,57.47101756404338,2.3266695315235443e-23
2217,54.286022000345966,1.4498708597816673e-22,57.32616044903367,3.3752122163679714e-23
2218,56.052655145016935,1.846470955286893e-23,57.08615796507697,3.545632649141962e-23
2219,54.614881829235664,9.128980145859943e-23,56.41422469875863,4.457557305331059e-23
2220,55.1695144120857,5.347408324294433e-23,55.98730194804934,4.981841019837437e-23
2221,56.083565983624254,2.4634634403763854e-23,55.97243760161244,5.1072379038069324e-23
2222,60.10661325097257,2.4797943403691194e-25,56.105873295550296,5.097726565627904e-23
2223,58.42432781259081,1.4452168033212098e-24,56.29506792757019,4.9299299786317715e-23
2224,58.82108780446906,1.1021137228397152e-24,56.78076230311227,3.527100381613931e-23
2225,58.324595259527776,2.831602841837727e-24,56.9700036784188,3.43518790713332e-23
2226,53.76914746551134,1.678675089137321e-22,56.565241096338,5.063447363521109e-23
2227,55.27603618008084,5.1973894155217846e-23,56.66424251431149,4.1333154452916206e-23
2228,50.58867748863398,4.34251625751543e-21,56.1178447486732,4.737383092491723e-22
2229,52.70168844349163,8.612179052871392e-22,55.92652541009879,5.507311196320263e-22
2230,55.84789507541262,1.4598850976732843e-23,55.9943634764315,5.468435964054052e-22
2231,56.24700879566601,1.8798938858034577e-23,56.01070775763566,5.462600268508321e-22
2232,50.55942714913532,5.192452654719981e-21,55.05598914745194,1.0654804943794266e-21
2233,61.3706824148362,1.4317477272757986e-25,55.35062460767648,1.0653502901763673e-21
2234,50.655663238298686,2.5144929528877528e-21,54.534082151059444,1.3166893740928586e-21
2235,49.74086064424773,6.505342199365113e-21,53.67570868953144,1.9669404337451862e-21
2236,52.83681606258864,5.115794988962707e-22,53.58247554923916,2.00131163274344e-21
2237,47.000309279014395,2.2380051259708913e-19,52.754902859132514,2.437616550303683e-20
2238,58.00620226862612,4.0909497771458226e-24,53.49665533713174,2.3942322972263002e-20
2239,54.987764963457344,6.932731344183069e-23,53.725262989128304,2.386313391307847e-20
2240,51.83371764670945,1.2306390754264842e-21,53.32384524625799,2.3984737935523453e-20
2241,57.444658771033744,5.6826878091593225e-24,53.443610243794765,2.398342631041856e-20
2242,57.64707609893998,3.674742844472015e-24,54.152375138775234,2.3464548519231008e-20
2243,59.69177020872588,6.821256475784611e-25,53.9844839181642,2.3464602414318496e-20
2244,55.67410683915858,3.004737417908284e-23,54.486328278250184,2.3216157856447624e-20
2245,59.06229904909654,1.4615782199599072e-24,55.418472118735075,2.2565769794333112e-20
2246,53.53162270727851,3.056178633444836e-22,55.48795278320406,2.2545173630777934e-20
2247,48.725257645665664,2.946012122863288e-20,55.66044761986918,3.1111344939323078e-21
2248,45.3817870198079,1.4356269990985252e-18,54.398006094987366,1.466734253088071e-19
2249,55.492060820630854,1.7135915825385706e-23,54.44843568070471,1.4666820616904548e-19
2250,58.30567960291363,1.6263338390859699e-24,55.09563187632513,1.4654530489488673e-19
2251,58.243831258340656,1.692335907951778e-24,55.17554912505582,1.465449058596966e-19
2252,58.938433787725245,1.3917666362925078e-24,55.30468489393435,1.4654467756207577e-19
2253,46.82732828302461,2.745510352289548e-19,54.018240701364206,1.739997128724065e-19
2254,56.82702132479966,5.4166613278744916e-24,54.13353214992833,1.739972498011214e-19
2255,53.246461441010716,3.069971711358521e-22,53.551948389119744,1.7402780336041297e-19
2256,55.385889447612335,4.0229945227331845e-23,53.737375063153124,1.7400126456860126e-19
2257,53.430310416642584,4.748840767989847e-22,54.20788034025081,1.7110274085341786e-19
2258,56.893578767934066,8.924615001018891e-24,55.359059515063436,2.754093340506546e-20
2259,53.90324218104947,1.6356937479791077e-22,55.2001776511053,2.7555576750962714e-20
2260,49.99240479682584,1.2936286739722185e-20,54.368850170496515,2.884904279155102e-20
2261,55.5618089841169,2.5052905373208566e-23,54.10064794307414,2.8851378848497544e-20
2262,56.682730539275404,1.5473832624768144e-23,53.875077618229156,2.8852787055096393e-20
2263,50.978343347542186,3.5446831425493795e-21,54.29017912468091,1.7521518464558514e-21
2264,52.86000153835673,4.1000229867750256e-22,53.89347714603663,1.792610410190814e-21
2265,56.71855236709294,1.5594460541343995e-23,54.24068623864484,1.7634701391313635e-21
2266,51.19713246400152,2.1121067667297075e-21,53.821810540283764,1.9706578212816007e-21
2267,55.71736102541928,2.973621670542229e-23,54.05051560116143,1.9261430352722452e-21
2268,58.85876195520223,1.4236075387714822e-24,54.24703391988826,1.9253929345260198e-21
2269,56.78481692985008,1.674692600751781e-23,54.53519139476831,1.9107106896469807e-21
2270,48.157595840315814,2.9455929437990067e-20,54.35171049911732,3.562674959473769e-21
2271,56.16453771013027,1.627408232213928e-23,54.41198337171865,3.561797077168662e-21
2272,56.2616213168517,1.8783024612053268e-23,54.36987244947628,3.56212799636739e-21
2273,57.6870843692347,4.263102040898735e-24,55.04074655164552,3.2080859923165426e-21
2274,55.00238944161449,5.10253952055169e-23,55.254985341971306,3.172188301969343e-21
2275,59.98142964508824,2.3027788278722615e-25,55.58127306977083,3.1706518837034876e-21
2276,50.544657978622226,2.7517792561364684e-21,55.516025621232906,3.234619132644164e-21
2277,53.82584294323884,2.0170967025379942e-22,55.326873813014856,3.251816477999002e-21
2278,21.475942639102783,2.308724269403191e-08,51.58859188140492,2.308724269406443e-09
2279,59.70387971722669,6.273418918937888e-25,51.880498160142565,2.3087242694064413e-09
2280,55.00958537357376,5.2870914973523444e-23,52.56569711346837,2.3087242694035007e-09
2281,22.912333754668197,3.840912545143384e-09,49.240476717922164,2.6928155239178377e-09
2282,46.91711318566825,2.453072040019108e-19,48.30602590480382,2.6928155239423665e-09
2283,52.483584876397956,7.340658437186534e-22,47.78567595552015,2.6928155239424397e-09
2284,56.72034751872396,8.294336316171056e-24,47.95747176323109,2.6928155239424356e-09
2285,58.133797309146736,2.42262248921152e-24,47.772708529636944,2.692815523942436e-09
2286,55.72539522540988,2.4993576285143857e-23,48.29078225431571,2.692815523942163e-09
2287,55.79366223436553,2.9085107089825566e-23,48.487564183428375,2.6928155239421456e-09
2288,55.14969040380939,5.833407904403669e-23,51.85493895989904,3.8409125453896026e-10
2289,50.435041124447416,6.393099894672909e-21,50.92805510062111,3.840912545395995e-10
2290,57.97179110470549,2.0346117109544785e-24,51.22427567373428,3.840912545395943e-10
2291,49.406931051911364,1.900577797154096e-20,53.87373540345859,2.7156531204477865e-20
2292,49.91825599695891,6.741737350229803e-21,54.173849684587665,3.299984539309767e-21
2293,58.43180597529863,2.4411661983243665e-24,54.76867179447773,3.226822071557734e-21
2294,57.731704406068935,4.6114209261950356e-24,54.86980748321223,3.2264537800187365e-21
2295,56.907253746198045,1.2524721209107559e-23,54.74715312691736,3.227463989890726e-21
2296,57.48795421601396,4.703305347817215e-24,54.92340902597776,3.225434962796993e-21
2297,32.553188004311195,2.3354341831479454e-13,52.59936160297233,2.3354345054005907e-14
2298,58.47073077879944,1.7161634816818367e-24,52.93146564047133,2.3354345048344113e-14
2299,54.9652333631592,4.60127820079965e-23,53.38448486434252,2.3354344413635404e-14
2300,55.86200290101165,1.9975255281394085e-23,53.173506043973134,2.3354344415429466e-14
2301,56.070235344014314,2.03307177279638e-23,53.839836473183425,2.335434251688474e-14
2302,52.3876650106135,8.73017307808951e-22,54.08677737454889,2.3354341930012734e-14
2303,53.44848925713593,8.513773885713352e-23,53.58844570273261,2.3354341938282395e-14
2304,55.114262249728256,7.441029290481909e-23,53.326701487098546,2.3354341945262283e-14
2305,57.98984668798534,1.8228452776290204e-24,53.434960781277276,2.3354341944192096e-14
2306,58.190873392517894,2.7354834718555514e-24,53.50525269892768,2.3354341943995313e-14
2307,58.38625888974009,1.4263117867594801e-24,56.08855978747057,1.126584898606184e-22
2308,57.34368596403209,3.779567275196698e-24,55.97585530599383,1.1286483023996989e-22
2309,57.12052803250613,7.153555932252671e-24,56.191384772928515,1.0897890763239552e-22
2310,55.80996110921709,1.7196938641536384e-23,56.186180593749064,1.0870107596840971e-22
2311,56.953649199778624,1.0444557049202236e-23,56.274521979325506,1.0771245990053356e-22
2312,58.68891472108459,1.7521084066894223e-24,56.9046469503726,2.0585939960307406e-23
2313,45.184088911814115,9.733198837358316e-19,56.078206915840425,9.734406053965775e-20
2314,60.887881765776655,2.3375260284928695e-25,56.65556886744527,9.733664288562755e-20
2315,54.5747747711331,1.5273745849561845e-22,56.31406167576004,9.735173434694934e-20
2316,56.21302061004138,1.9212517524056717e-23,56.11627639751239,9.735338205035456e-20
2317,62.75346760414905,2.2520261458702795e-26,56.55299726895329,9.735324167120206e-20
2318,45.667814197181684,3.2254406619489735e-19,55.38541009226824,1.2960727033396425e-19
2319,52.459972977841986,6.186238891334686e-22,54.919354586801816,1.2966841736728437e-19
2320,51.63712542348649,1.9698087004243176e-21,54.50207101822876,1.2986367854346264e-19
2321,54.06226825405876,1.1141273247601174e-22,54.21293292365677,1.2987377536100535e-19
2322,56.40004403893519,2.2541434427999275e-23,53.98404585544184,1.2987585429360746e-19
2323,53.09963583319687,4.246833724977054e-22,54.77560054758012,3.258633425727408e-20
2324,56.02524829400033,2.8238893661652055e-23,54.289337200402485,3.2589134771379965e-20
2325,49.140866767207434,1.8962756865696368e-20,53.74594640000991,3.447013671210004e-20
2326,46.580484496430266,1.6904024473585212e-19,52.78269278864881,5.137223993393284e-20
2327,56.49255396078503,1.0318509517352206e-23,52.156601424312406,5.137326953285843e-20
2328,59.66262110299216,7.575288168748831e-25,53.55608211489344,1.9118938666250388e-20
2329,52.09959617304736,1.0843638379682307e-21,53.52004443441399,1.9165512661133864e-20
2330,51.98699411136852,1.2576709304938515e-21,53.55503130320219,1.9094298884140816e-20
2331,51.42765462239095,3.3196086919762395e-21,53.291569940035416,1.941511848009084e-20
2332,57.5633835024034,5.712743305618556e-24,53.407903886382236,1.94134356109786e-20
2333,59.84559033972006,5.292568455217282e-25,54.08249933703455,1.9371020199413383e-20
2334,56.918182917697926,6.3445285681369105e-24,54.17179279940431,1.9368830762904034e-20
2335,54.76366353577151,9.551183543707394e-23,54.73407247626072,1.7482106259878104e-20
2336,54.3564556694858,1.0536535836627166e-22,55.511669593566275,5.886183221295172e-22
2337,60.16010106003499,3.4598958759896927e-25,55.87842430349126,5.876210701365419e-22
2338,53.05062181372242,2.61042826461714e-22,55.217224374564296,6.136495999010258e-22
2339,55.46289801301205,3.7971941469136125e-23,55.55355455856077,5.090104102511164e-22
2340,56.52808599101954,1.554317631869218e-23,56.00766374652587,3.8479763483360033e-22
2341,47.360531259054255,1.3916175407279106e-19,55.600951410192195,1.3969012172915083e-20
2342,52.422836714179375,6.258214519391614e-22,55.086896731369805,1.4031023043778436e-20
2343,62.50937738583226,2.2119880875260887e-26,55.353275435981004,1.4030972330081973e-20
2344,52.54459498937222,6.088650834012643e-22,54.91591664314844,1.4091224385565282e-20
2345,56.16960586620777,1.1749754503113997e-23,55.056510876192064,1.408284817747189e-20
2346,55.75678940286013,2.224789914498806e-23,55.196544249529495,1.407453643154976e-20
2347,55.115464251257656,5.135007812508169e-23,54.692080568651775,1.4079636840403508e-20
2348,56.411132537160675,1.0763394668936168e-23,55.028131640995596,1.4054608897224232e-20
2349,52.8198187262206,7.370790372001282e-22,54.763823712316444,1.412451960679733e-20
2350,54.68182559696474,7.463977165434994e-23,54.57919767291097,1.4130429266330893e-20
2351,54.02060952797654,8.34187985627185e-23,55.24520549980319,2.225957389080618e-22
2352,53.65567749399918,5.89344863922028e-23,55.36848957778518,1.6590704235336588e-22
2353,52.78595110537874,7.725822851348232e-22,54.39614694973983,2.431630588787607e-22
2354,59.267420803688665,7.070171337504489e-25,55.068429531171475,1.823472522520093e-22
2355,55.12662572976479,5.692582966993351e-23,54.96413151752718,1.8686485976869124e-22
2356,57.43185370473406,2.2406203704220608e-24,55.131637947714566,1.8486413189123465e-22
2357,46.55294073955684,3.686643233008325e-19,54.27538559654448,3.704616145416198e-20
2358,50.8189377419637,3.2959321081439596e-21,53.716166117024784,3.737467832550948e-20
2359,55.312244445611114,3.861074961588203e-23,53.96540868896384,3.730483149675106e-20
2360,56.54994730715186,9.894192695728677e-24,54.15222085998255,3.72983569388552e-20
2361,17.205405913282828,1.6005123217287868e-06,50.47070049851318,1.6005123217291598e-07
2362,57.903613090153264,3.514751978254019e-24,50.89549405812859,1.6005123217291598e-07
2363,21.624167718647183,2.5717905301549766e-08,47.779315719455425,1.6262302270307087e-07
2364,57.53546223409565,7.533378034797978e-24,47.60611986249613,1.6262302270307087e-07
2365,55.58134036932736,3.6846520725391694e-23,47.65159132645238,1.6262302270307087e-07
2366,51.19532135042685,3.7338162375983756e-21,47.02793809102167,1.6262302270307124e-07
2367,57.776151797224664,1.0917425172999343e-24,48.15025919678844,1.6262302270303437e-07
2368,59.25024443387318,1.017264077101041e-24,48.993389865979395,1.6262302270303402e-07
2369,58.60785784327818,1.5582681650824022e-24,49.3229512057461,1.6262302270303402e-07
2370,58.008141282918054,2.3056132884399648e-24,49.46877060332272,1.6262302270303402e-07
2371,64.03232298110116,5.5472086445543926e-27,54.151462310104556,2.5717905301553556e-09
2372,59.7267668418002,7.200476598171088e-25,54.333777685269254,2.5717905301553552e-09
2373,55.66430296515094,3.4943077385616344e-23,57.73779120991962,3.819837696660566e-22
2374,47.431145892891585,1.6374667793744378e-19,56.72735957579921,1.6755898225606954e-20
2375,60.25539580285066,3.335636213707012e-25,57.194765119151555,1.6752246929896555e-20
2376,46.75561571914308,1.6840614750749667e-19,56.750794556023166,3.3219480056886385e-20
2377,53.18066074849948,2.3842732337527e-22,56.29124545115066,3.3243213614972184e-20
2378,55.60177741478189,2.4708780544438743e-23,55.926398749241514,3.324558276661891e-20
2379,50.8258465557446,4.499731153813273e-21,55.14819762048817,3.369540005518373e-20
2380,55.7231875071209,1.5684257606766505e-23,54.91970224290846,3.369673791961557e-20
2381,48.21605329211662,2.6978900118630403e-20,53.338075274009995,3.639462737675774e-20
2382,41.88901152010477,2.6296295848096392e-17,51.55429974184045,2.666024140181631e-18
2383,59.47439600122793,9.209852155479232e-25,51.93530904544815,2.666020737972414e-18
2384,56.25120141055287,1.8298936382589945e-23,52.817314597214285,2.6496479000723077e-18
2385,53.32119958318975,3.809824264830604e-22,52.123894975248184,2.6496859649585942e-18
2386,58.84254962359853,1.225826218170664e-24,53.33258836569373,2.632845472790466e-18
2387,48.87685286435714,2.958746868414879e-20,52.9022075772795,2.6357803769265436e-18
2388,57.25541281869033,6.784117557472979e-24,53.067571117670354,2.635778584460245e-18
2389,57.71679224208502,3.43578351428834e-24,53.75666568630438,2.635328954923215e-18
2390,55.8405102143158,3.3899132910771805e-23,53.76839795702388,2.635330776410745e-18
2391,46.91850495269534,2.8047154449477686e-19,53.63864312308175,2.66068004084836e-18
2392,50.07518901612007,6.588620897068955e-21,54.45726087268328,3.170931812842765e-20
2393,59.12647349516976,1.005013033896023e-24,54.42246862207746,3.1709326531209483e-20
2394,54.79503000783867,5.829292694406372e-23,54.27685148180605,3.171332593026563e-20
2395,58.359101875351406,2.2597250879922716e-24,54.78064171102221,3.167545366012613e-20
2396,53.03299478996769,4.2182585822240163e-22,54.199686227659114,3.1717513663326554e-20
2397,58.30207708207075,1.6672445857509777e-24,55.142208649430486,2.875893351937025e-20
2398,48.8630010507776,2.3881531831588352e-20,54.30296747263922,3.114640829077333e-20
2399,51.35889616829197,3.16080212548491e-21,53.66717786525991,3.14621449249704e-20
2400,53.39237747674028,3.5145497363242214e-22,53.42236459150236,3.149390050904256e-20
2401,50.665777385112996,4.066763668423929e-21,53.797091834744116,3.853422426407267e-21
2402,52.52408757758644,9.81668907808311e-22,54.04198169089076,3.2927272274812025e-21
2403,56.129114218380735,2.0505782393539345e-23,53.74224576321186,3.294677304417167e-21
2404,49.35286917146259,1.742486373936961e-20,53.19802967957425,5.031334385659722e-21
2405,57.60390081316801,4.6102838328194394e-24,53.1225095733559,5.031569441534204e-21
2406,55.66805856691353,2.706870647090172e-23,53.38601595105049,4.992093726359054e-21
2407,53.819286546769234,2.1795959033583714e-22,52.93773689752034,5.013722960934063e-21
2408,51.71275023274338,1.2904138426340095e-21,53.22271181571691,2.754611162038629e-21
2409,52.43381275464558,8.286511847465092e-22,53.330203474352274,2.5213960679647886e-21
2410,55.67076604904592,3.225969992215846e-23,53.55804233158284,2.4894765405937624e-21
2411,51.92325263226695,1.6314296966678526e-21,53.68378985629825,2.245943143418155e-21
2412,57.75283460648801,5.054427054219692e-24,54.20666455918839,2.1482816953427456e-21
2413,57.50706548537515,4.362117657595795e-24,54.34445968588784,2.1466673288691514e-21
2414,57.47887189067702,6.924346840883192e-24,55.15705995780928,4.048733896162787e-22
2415,54.58045362348367,6.503235938198975e-23,54.854715238840846,4.1091559717119575e-22
2416,54.349420269976086,1.2300392249831768e-22,54.72285140914711,4.2050911877393734e-22
2417,49.9426456818177,1.181536330411495e-20,54.33518732265195,1.5802494901518485e-21
2418,54.83704214295953,6.607512475613497e-23,54.647616513673555,1.4578156183640611e-21
2419,55.008165221309866,7.459086873932146e-23,54.90505176033999,1.3824095867633425e-21
2420,55.25658030448558,4.4706281642555076e-23,54.863633185883955,1.3836542449353819e-21
2421,56.06836100057649,8.490728665844221e-24,55.2781440227149,1.2213603481351812e-21
2422,60.986287772451696,1.9955808991306593e-25,55.60148933931127,1.2208748612387506e-21
2423,57.93255672125347,3.0701719393147442e-24,55.644038462899104,1.2207456666669224e-21
2424,56.84156925923349,1.2369029395191454e-23,55.580308199754754,1.2212901349223532e-21
2425,55.83107327235727,1.861231411458127e-23,55.705370164642126,1.2166481303956125e-21
2426,50.95714716516175,3.909426720835028e-21,55.366142854160685,1.5952904102292833e-21
2427,58.07885128860367,2.4305561254104206e-24,56.179763414839286,4.1399713543032944e-22
2428,53.46004684043185,2.809057005628711e-22,56.04206388458651,4.35480193011003e-22
2429,53.413278174692465,2.1511760260544357e-22,55.88257517992478,4.495328663976153e-22
2430,45.11912489604947,1.8385067453885137e-18,54.86882963908116,1.8429573677708475e-19
2431,50.65237536789486,3.535904011030478e-21,54.327231075812996,1.8464847810532122e-19
2432,56.485745911531495,1.2595622753663046e-23,53.87717688972098,1.8464971771178758e-19
2433,59.203695768214914,8.616573787787341e-25,54.00429079441712,1.846494968603315e-19
2434,54.11261015671958,7.228389585214627e-23,53.73139488416573,1.8465548834697721e-19
2435,50.527586280466245,5.4166212595313944e-21,53.20104618497663,1.851952892415189e-19
2436,52.957887829581836,4.946670408156657e-22,53.40112025141864,1.8485381327351696e-19
2437,54.87729339619909,9.677192823340386e-23,53.08096446217818,1.8486324741072774e-19
2438,51.86626513557154,1.6292807818365315e-21,52.92158629169215,1.849980849188551e-19
2439,52.228630055523084,5.088323782842278e-22,52.803121479775214,1.8502745639642296e-19
2440,58.38449197055251,1.7386297553031663e-24,54.129658187225516,1.176955720547159e-21
2441,55.80329590477416,3.768155413712084e-23,54.644750240913446,8.271334748578236e-22
2442,56.290502562961834,7.401416550134385e-24,54.625225906056485,8.266140542374706e-22
2443,53.332653852857604,3.8270551426539155e-22,54.03812171452074,8.64798439926132e-22
2444,54.60090950286243,8.837500756627101e-23,54.08695164913504,8.664075510975444e-22
2445,57.71489056702622,4.62526047419752e-24,54.805682077791026,3.2520795119182474e-22
2446,53.09773628627423,3.520345218816126e-22,54.819666923460275,3.109446992984194e-22
2447,57.59868354412131,4.4810962476284155e-24,55.09180593825249,3.017156160998419e-22
2448,55.39812041072082,4.710330314144054e-23,55.444991465767416,1.4349786823033278e-22
2449,49.42275256469404,1.5774471453809718e-20,55.16440371668451,1.6700617757828818e-21
2450,54.166740575595,1.1311369949865588e-22,54.74262857718877,1.6811992827572169e-21
2451,51.72380258479206,7.970174068776584e-22,54.33467924519056,1.757132868031271e-21
2452,57.96124184696184,3.297827605935033e-24,54.50175317359056,1.756722509136851e-21
2453,58.32249466349617,1.7464963589683915e-24,55.0007372546544,1.7186266073462087e-21
2454,57.44583945143104,4.221335472545631e-24,55.28523024951128,1.7102112401368364e-21
2455,56.66981771133559,1.356036310268473e-23,55.18072296394221,1.711104750399685e-21
2456,55.100611937728026,6.168502621943751e-23,55.3810105290876,1.6820698008334674e-21
2457,53.30449058415759,3.944202639429526e-22,54.95159123309122,1.721063717603e-21
2458,52.6977454335122,7.326855455094323e-22,54.68155373537036,1.7896219418397988e-21
2459,60.64879317015174,1.4414839945663468e-25,55.804157795916126,2.121892112987727e-22
2460,56.979987560494266,7.007178666774348e-24,56.08548249440605,2.015785592155846e-22
2461,57.23949007108257,4.435926160179272e-24,56.6370512430351,1.2232041114383662e-22
2462,57.57607186788318,3.336536798952585e-24,56.59853424512723,1.223242820631384e-22
2463,61.232789109878304,1.3388614844929194e-25,56.88956368976545,1.2216302104208649e-22
2464,60.071734901568746,3.515118965000844e-25,57.15215323477922,1.2177603868448194e-22
2465,55.59286755449819,3.758589214526657e-23,57.04445821909549,1.241785915887401e-22
2466,54.11885698303679,2.0238524230205104e-22,56.94628272362636,1.3824861319700148e-22
2467,51.80545282702939,6.209659638546787e-22,56.796378947913546,1.6090318318817409e-22
2468,55.68542803072715,4.442943794831393e-23,57.09514720763504,9.207757243206223e-23
2469,56.16523145956791,1.8459469137150706e-23,56.64679103657666,9.390910450583164e-23
2470,50.95465580543297,4.154202359242261e-21,56.04425786107053,5.0862862256338035e-22
2471,56.95412180114148,7.566636565497959e-24,56.01572103407642,5.089416936039122e-22
2472,52.74367495726487,7.027619866070162e-22,55.53248134301458,5.788842385847186e-22
2473,53.589621267569896,2.7785695870456523e-22,54.768164558783745,6.066565458403302e-22
2474,51.71502378113249,1.4703518294757285e-21,53.93249344674011,7.53656577598253e-22
2475,47.81958480886243,5.758542282398993e-20,53.155165172176545,6.508440270782719e-21
2476,44.36228956587873,3.4519411592535934e-18,52.17950843046073,3.5168231767191186e-19
2477,50.50642250074165,5.92175488273994e-21,52.049605397831954,3.5221239656380035e-19
2478,58.140361827066,2.0082836549825372e-24,52.29509877746585,3.5220815444837107e-19
2479,52.921323444389074,4.090110842675992e-22,51.97070797594796,3.5224720960988407e-19
2480,48.84537876243766,4.690952410608839e-20,51.759780271648424,3.565227417845687e-19
2481,53.56028544237675,3.219387714049643e-22,51.42039663577195,3.5655417899805267e-19
2482,55.028457622560374,1.6367271299571205e-23,51.64887490230151,3.56485539526522e-19
2483,53.330160116145095,1.9026268314234345e-22,51.622928787159026,3.5647678009896576e-19
2484,54.27397208129033,1.4585287665777435e-22,51.87882361717482,3.563443302036839e-19
2485,53.57546372173785,1.9585673783930054e-22,52.45441150846235,3.5060537359506883e-19
2486,59.642374768540414,6.640308156299405e-25,53.98242002872852,5.4113240727910495e-21
2487,61.62071706096173,9.054863516962851e-26,55.09384948475052,4.819157639380573e-21
2488,54.77820550517144,6.91173957376766e-23,54.75763385256107,4.825868550588842e-21
2489,54.4025505432789,6.327068115320089e-23,54.905756562450065,4.791294510277402e-21
2490,50.13462325848175,2.9798493136188344e-21,55.03468101205446,3.983270310304465e-22
2491,57.94905427953804,3.1886866420800875e-24,55.47355789577059,3.664520225541581e-22
2492,61.49709884488168,1.2524652595968454e-25,56.120422018002714,3.648278200767969e-22
2493,56.86610866751958,1.2744406184693302e-23,56.47401687314017,3.4707599238103194e-22
2494,58.26547939909233,3.0728107777056e-24,56.873167604920376,3.3279798579302507e-22
2495,56.08785776448644,2.831807753737029e-23,57.12440700919524,3.16044119762832e-22
2496,58.88884259358414,1.2522906927230512e-24,57.0490537916996,3.161029457505414e-22
2497,10.484344904740347,0.0007514660397550528,51.935416576077465,7.514660397550527e-05
2498,52.90347171978704,3.948599788439019e-22,51.74794319753903,7.514660397550527e-05
2499,56.281839414757535,2.150342493813411e-23,51.93587208468689,7.514660397550527e-05
2500,52.32195194735959,8.121104288823126e-22,52.154604953574676,7.514660397550527e-05
2501,53.58046384610111,2.167198940739569e-22,51.717745910230974,7.514660397550527e-05
2502,55.43363565884022,4.4991005839473275e-23,51.111399591626835,7.514660397550527e-05
2503,50.81835699028343,2.2247985463827617e-21,50.50662442390321,7.514660397550527e-05
2504,53.07394241127742,4.27517004035747e-22,49.987470725121725,7.514660397550527e-05
2505,55.194218920334826,5.094513328756816e-23,49.89810684070657,7.514660397550527e-05
2506,52.43885125941525,9.343461660517949e-22,49.25310770728967,7.514660397550527e-05
2507,57.74424253420762,4.849904858229082e-24,53.97909747023641,5.13264148719388e-22
2508,49.40491070318708,1.8813097816795263e-20,53.629241368576416,2.355087932514524e-21
2509,58.19830466269384,2.683117735567142e-24,53.820887893370035,2.3532059017942673e-21
2510,46.00596728854325,3.11907511268345e-19,53.189289427488404,3.3462745985740536e-20
2511,57.08784630556464,1.0246477358314331e-23,53.54002767343476,3.344209864406897e-20
2512,58.89973364417966,1.1795785274125436e-24,53.8866374719687,3.343771750133776e-20
2513,50.77976889037485,1.1228763392313676e-21,53.88277866197785,3.332752528062262e-20
2514,50.462056971030854,5.830892858219875e-21,53.62159011795319,3.3867862866041037e-20
2515,48.34239733834456,2.685259668842481e-20,52.93640795975416,3.654802802155476e-20
2516,52.22307630584152,8.92662103589248e-22,52.914830464396786,3.65438596153085e-20
2517,52.78185151723161,6.798963188047364e-22,52.41859136269918,3.6611364256703154e-20
2518,55.84412381233111,2.2824068144625842e-23,53.0625126736136,3.4732336881838097e-20
2519,58.80501836792124,1.900954936778101e-24,53.12318404413634,3.473225866555821e-20
2520,60.19231952351129,2.980824563688423e-25,54.54181926763313,3.5415373469693535e-21
2521,55.2818600385934,3.4742087260053574e-23,54.36122064093602,3.543986907959527e-21
2522,54.96673459902322,6.653993667152171e-23,53.96792073642037,3.550522943773939e-21
2523,56.63183563568261,1.4144148063571228e-23,54.55312741095114,3.439649724657159e-21
2524,57.85449437565151,1.7285745137497692e-24,55.29237115141321,2.856733296286547e-21
2525,58.59562007581292,2.2061472230946473e-24,56.317693425160044,1.7169424216637478e-22
2526,56.36750112635599,1.511759375203489e-23,56.7321359072115,8.39397911826535e-23
2527,54.163890646413655,1.601595766631721e-22,56.8703398201297,3.1966116968497067e-23
2528,58.514603632955726,1.7434867775308168e-24,57.13738780219215,2.9858058831787567e-23
2529,51.27410908470877,2.3192049918400727e-21,56.384296873870916,2.61588462522117e-22
2530,56.88207958437574,1.2967766774960319e-23,56.053272879957355,2.6285543095397616e-22
2531,53.75414027321322,1.7730425072711577e-22,55.900500903419335,2.7711164730068245e-22
2532,55.60095714957225,2.975678860998718e-23,55.963923158474245,2.734333324945289e-22
2533,51.08680472178168,3.507702351553478e-21,55.40942006708415,6.227891528435196e-22
2534,56.500940890765,1.9477956424380315e-23,55.27406471859549,6.245640910345827e-22
2535,53.26332529527525,4.2273560116746878e-22,54.74083524054172,6.666170364290202e-22
2536,54.10117730893546,1.2518485557311103e-22,54.51420285879967,6.776237626111277e-22
2537,54.85208770360769,8.350800325825698e-23,54.583022564519084,6.699586052706362e-22
2538,59.12704898880479,6.768928101578505e-25,54.64426710010398,6.698519458738989e-22
2539,53.99317966677614,1.7114811309389647e-22,54.91617415831072,4.550462579992813e-22
2540,59.36502849599204,6.397468946336581e-25,55.164469049472345,4.5381345601124865e-22
2541,61.51110076541111,1.1746093458245958e-25,55.940165098692134,4.360947770319953e-22
2542,56.35564934990986,7.363975997703035e-24,56.0156343187259,4.338554957707669e-22
2543,56.56764525682686,1.4876887991911557e-23,56.563718372230426,8.457294941461021e-23
2544,51.00470479317984,2.947685950550674e-21,56.014094762471906,3.773937488272396e-22
2545,55.00833014271057,5.241633105427886e-23,56.188595247215424,3.403618218159206e-22
2546,52.22040031949674,1.2870335628701526e-21,56.00051754827157,4.565466925456248e-22
2547,55.794970811503454,3.701968949830733e-23,56.09480585906114,4.518978611696298e-22
2548,53.12487838072821,2.896967773669434e-22,55.49458879825348,4.807998496253084e-22
2549,59.40432505338468,7.116354712259132e-25,56.03570333691433,4.637562018630413e-22
2550,56.068016462186236,1.9471657754407798e-23,55.706002133533765,4.656393929490187e-22
2551,52.254655473470976,1.0017240606132766e-21,54.78035760433975,5.658000529168881e-22
2552,56.96761797836746,1.072170178853048e-23,54.8415544671855,5.661358254959709e-22
2553,56.30365857668651,1.3501906258960804e-23,54.815155799171464,5.659983273226758e-22
2554,52.42944098186285,8.57198804765225e-22,54.957629418039765,3.569496127441309e-22
2555,56.535879167612535,1.5876216126201285e-23,55.11038432052997,3.532956012513232e-22
2556,55.429584313759996,1.7022795965913225e-23,55.431302719956285,2.262945245608992e-22
2557,54.042283297543435,1.62706456776577e-22,55.25603396856029,2.3886320128872614e-22
2558,58.1710511611379,2.5963942589447848e-24,55.76065124660126,2.1015316297792625e-22
2559,57.87935182919583,3.182299734144784e-24,55.608153924182375,2.1040022940421817e-22
2560,51.57420401596868,2.0001840651099094e-21,55.15877267956061,4.0847147013976834e-22
2561,58.64817472623627,1.6498841835224236e-24,55.79812460483714,3.084640524967929e-22
2562,55.73573006605484,3.2396216685491966e-23,55.674935813605885,3.10631503986489e-22
2563,53.839001316553144,1.5518767358763718e-22,55.42847008759255,3.248000807193567e-22
2564,57.543013568526156,1.865277048155608e-24,55.93982734625888,2.392667279476497e-22
2565,57.7077283218465,5.1692105945870264e-24,56.05701226168228,2.381960273944883e-22
2566,57.38311466778337,4.511253711998457e-24,56.25236529708461,2.3694487316909685e-22
2567,54.389944580699634,1.1433253087058577e-22,56.28713142540024,2.321074805784977e-22
2568,48.7842526166161,2.4565626171726218e-20,55.34845157094806,2.688410458325225e-21
2569,57.20483330900743,6.670285253344134e-24,55.280999718929216,2.688759256877145e-21
2570,58.322853141102726,1.1786405441923215e-24,55.955864631442616,2.4888587144205733e-21
2571,56.73666365029956,4.921139219582991e-24,55.76471352384895,2.489185839924179e-21
2572,56.75686124698291,1.3559700883226523e-23,55.86682664194175,2.4873021883439526e-21
2573,49.47285394021288,1.9009087508412874e-20,55.430211904307725,4.372692171826476e-21
2574,59.128924328467306,1.560572792509183e-24,55.58880298030184,4.3726617014009116e-21
2575,55.1775699916134,5.862562567853519e-23,55.33578714727853,4.378007342909307e-21
2576,58.51588852746727,1.9607658316068943e-24,55.44906453324692,4.3777522941212675e-21
2577,52.621747588504036,5.977158708678545e-22,55.272244834027354,4.4260906281209946e-21
2578,49.08654801622593,1.9263730293341287e-20,55.302474373988346,3.895901040282501e-21
2579,56.417185011197,1.1364534837147705e-23,55.2237095442073,3.8963704652408814e-21
2580,54.46088032635192,1.3325078686087777e-22,54.83751226273222,3.90957767987255e-21
2581,61.979663464115966,5.194519174481403e-26,55.361812244113864,3.909090760469766e-21
2582,53.292626633480346,2.4473244623972484e-22,55.0153887827636,3.932208035005416e-21
2583,57.998777956334074,3.410869674979165e-24,55.86798118437572,2.0316403711316265e-21
2584,52.238179839851774,1.0412045283081233e-21,55.17890673551417,2.135604766683188e-21
2585,52.46156605925732,7.54528895582118e-22,54.90730634227856,2.205195093673546e-21
2586,51.29608292949294,4.411048595791225e-21,54.18532578248113,2.646103876669508e-21
2587,53.93897106111447,1.7452464751186502e-22,54.31704812974217,2.603784754333909e-21
2588,57.66228440242833,3.3516017552970105e-24,55.17462176836241,6.777468851753103e-22
2589,52.94207992714114,3.2792502851387626e-22,54.82711125995682,7.094029345429832e-22
2590,55.655454651963595,1.7356169550215364e-23,54.946568692518,6.9781347281191695e-22
2591,54.568408153518014,7.977975767864754e-23,54.205443161458206,7.057862540606071e-22
2592,56.241256908303015,1.465559759504149e-23,54.50030618894048,6.827785691961389e-22
2593,54.19407459548592,1.2318353910817368e-22,54.119835852855644,6.947558361394583e-22
2594,55.796922590872676,1.846117999724123e-23,54.47571012795775,5.924815013083701e-22
2595,58.776202992728415,1.1377680306859821e-24,55.107173821304855,5.17142388553227e-22
2596,53.35112446422097,3.8094036996986546e-22,55.31267797477766,1.141315659710909e-22
2597,56.41954917316779,1.5952032512678382e-23,55.56073578598299,9.827430447117224e-23
2598,53.27103088336993,3.2210146455374785e-22,55.12161043407715,1.3014929075101734e-22
2599,53.15901112927698,3.882343565902948e-22,55.14330355429073,1.361802235586592e-22
2600,53.93105659268056,1.3348573330294227e-22,54.97086374836242,1.4779317993393188e-22
2601,55.056337252583376,4.211928103874232e-23,55.01965665826897,1.4402713226994135e-22
2602,54.19110176090151,1.2026175997955477e-22,54.81464114352881,1.5458774850839267e-22
2603,55.516897202124376,1.792623656354272e-23,54.94692340419266,1.440620182539296e-22
2604,59.8508223214248,6.1695054362348375e-25,55.35231337724788,1.422775953085678e-22
2605,55.46786135714437,4.647448985560315e-23,55.02147921368946,1.4681126749105952e-22
2606,53.42306168180487,3.6338976716609547e-22,55.02867293544786,1.450562072106825e-22
2607,54.80414887609504,5.29990769526903e-23,54.86713290574058,1.487609116546837e-22
2608,57.107893295592,1.0607063068917312e-23,55.2508191469628,1.1761147150620066e-22
2609,41.32944381447992,7.394981289552515e-17,54.06786241548308,7.395060077588363e-18
2610,41.28523002204353,4.535372499140413e-17,52.80327975841938,1.1930419228155446e-17
2611,33.66042427421034,9.132209942600863e-14,50.66368846058208,9.144140357617091e-15
2612,52.45601545850265,8.98232386995764e-22,50.49017983034219,9.144140435414155e-15
2613,57.423753483973314,5.694153954188577e-24,50.68086545852708,9.144140434190944e-15
2614,57.06066617054023,1.1852202810357686e-23,50.401849843438626,9.144140435314471e-15
2615,52.39342210602448,1.1393161444787891e-21,50.09440591832664,9.144140544598635e-15
2616,52.432784514404005,4.977763848241268e-22,49.99537820158655,9.144140558037299e-15
2617,55.35991471911921,2.2039324375706837e-23,50.05095478588897,9.144140554941321e-15
2618,58.30875846590088,2.3403917808596014e-24,50.17104130291985,9.144140554114656e-15
2619,54.606865729838404,1.3301403472296554e-22,51.49878349445571,9.136745586126507e-15
2620,52.11808658813785,9.738077283354039e-22,52.58206915106514,9.13221031100814e-15
2621,61.37705571520741,1.1813956218961994e-25,55.353732295164846,3.6841908918403513e-22
2622,56.94288855257321,1.0953793430290085e-23,55.8024196045719,2.796912298274878e-22
2623,48.165135987465604,5.526929971451915e-20,54.87655785492113,5.806051785883984e-21
2624,52.297602256419026,1.271263977039862e-21,54.40025146350901,5.931992963306935e-21
2625,56.46431355568036,1.4873428424232332e-23,54.807340608474604,5.819548691701479e-21
2626,50.66746132400238,5.137423670234751e-21,54.630808289434434,6.283513420242542e-21
2627,55.80723582366851,3.60726910817001e-23,54.67554039988936,6.284916756913141e-21
2628,53.91494197728561,2.0032603678719206e-22,54.23615875102784,6.3047153214137736e-21
2629,56.781626075518325,1.1640996811703621e-23,54.45363478559583,6.292578017622648e-21
2630,52.82060006852213,7.0050550079004015e-22,54.52388613363426,6.265247794868111e-21
2631,62.189631660293955,3.66241495310782e-26,54.60514372814291,6.2652396433268455e-21
2632,57.360409659602055,7.746263433049616e-24,54.64689583884579,6.264918890327121e-21
2633,57.708946573770575,2.678667931907133e-24,55.601276897476296,7.382567856683969e-22
2634,51.39133844302743,2.614446637978547e-21,55.51065051613714,8.725750517622654e-22
2635,54.21920333127244,1.138810905381552e-22,55.28613949369635,8.824758179736577e-22
2636,57.24017445928598,6.0051041350206144e-24,55.9434108072247,3.6933396136368467e-22
2637,59.33075695352575,1.0571512362795622e-24,56.29576292021043,3.6583240737914263e-22
2638,56.661717856283786,1.5630306030017162e-23,56.570440508110245,3.4736283430342505e-22
2639,57.67954758983374,5.323593677053458e-24,56.660232659541784,3.4673109398996014e-22
2640,57.445607231608655,2.9540234226050582e-24,57.12273337585043,2.7697594625321656e-22
2641,59.48982973154076,9.004378311318433e-25,56.85275318297512,2.7706232762137667e-22
2642,55.41082615433232,2.928615972316899e-23,56.65779483244815,2.792163172503886e-22
2643,54.069238094162515,1.739009967478608e-22,56.29382398448733,2.9633855013198397e-22
2644,50.678571089943325,6.567436518680697e-21,56.22254724917893,6.916375382021991e-22
2645,58.86188793096056,1.4666401445123178e-24,56.68681570914773,6.803960931628347e-22
2646,50.70923796370054,4.950430770140262e-21,56.033722059589195,1.174838659763359e-21
2647,51.80887868239493,1.2506645419787187e-21,55.28153423247611,1.2997993988376028e-21
2648,55.64323945749943,2.3837010675283256e-23,55.17968639259768,1.3006200693021293e-21
2649,59.00661733281394,1.6288361951190827e-24,55.3123933668957,1.300250593553936e-21
2650,49.81573149642934,9.39206394832395e-21,54.549405793377765,2.2391615860440703e-21
2651,51.88102874873732,1.2468012284323922e-21,53.78852569509743,2.3637516651041967e-21
2652,58.746004818888224,8.077476163662721e-25,54.12204356155301,2.3609038238935166e-21
2653,53.51561140942994,2.282615669501183e-22,54.06668089307975,2.366339880913742e-21
2654,55.54762042660398,2.623231415101591e-23,54.55358582674582,1.712219460460774e-21
2655,49.28115396814812,2.2669229773947722e-20,53.59551243046458,3.978995773841095e-21
2656,51.21519435319914,2.2877040582685905e-21,53.64610806941444,3.712723102653927e-21
2657,54.08511736381548,2.2836176864599203e-22,53.8737319375565,3.6104928253206545e-21
2658,49.4889930436418,1.9406153181523038e-20,53.25830729617072,5.5487244424054296e-21
2659,55.75267052651318,2.220955706976058e-23,52.932912615540644,5.5507825144928946e-21
2660,56.533185032862,1.7377739571270823e-23,53.60465796918392,4.613313893617626e-21
2661,56.408125212678755,1.6957659301055886e-23,54.05736761557806,4.490329536704493e-21
2662,51.35342979798136,2.875297822946811e-21,53.31811011348738,4.777778544237537e-21
2663,56.316679056730635,1.7661742825591126e-23,53.59821687821744,4.756718561825085e-21
2664,35.80111566576363,2.0145280525022904e-14,51.62356640213342,2.0145328065976207e-15
2665,56.29593787669794,1.810672850482314e-23,52.325044792988386,2.014530541485316e-15
2666,55.620201402159275,3.022210379327543e-23,52.76554549788441,2.014530315737121e-15
2667,44.76534701453348,1.5515282675523253e-18,51.833568462956215,2.0146854457276986e-15
2668,54.34876065892801,1.399207771723937e-22,52.31954522448483,2.0146835191044587e-15
2669,56.41166995256325,1.934598540512639e-23,52.385445167089834,2.0146835188181014e-15
2670,57.42123455085604,6.998524297507975e-24,52.47425011888923,2.0146835177801805e-15
2671,59.98013250522337,4.552059503387625e-25,52.83145084814371,2.0146835161299344e-15
2672,55.01569205725262,5.538353761096735e-23,53.197677074070825,2.0146832341385063e-15
2673,55.95709941000818,2.9826333006944564e-23,53.161719109398575,2.014683235354965e-15
2674,65.2101040497855,1.6072180144023903e-27,56.102617947800766,1.5518285283552848e-19
2675,56.08230806509262,2.4899686067416415e-23,56.08125496664023,1.5518353213128472e-19
2676,53.17995938053864,5.113738923508768e-22,55.83723076447817,1.5523164731014048e-19
2677,54.139527434285085,1.374589888850245e-22,56.77464880645334,9.256645379646107e-23
2678,56.49754413878384,1.1653287767535007e-23,56.98952715443892,7.973970485597521e-23
2679,61.986580049649575,7.131045703019834e-26,57.54701816414754,7.781223736116558e-23
2680,57.13322263968243,8.565957971068947e-24,57.51821697303019,7.796898072852169e-23
2681,59.46226065750665,5.340789837045033e-25,57.46642978825851,7.797686803185827e-23
2682,51.897623955011326,1.381027643708902e-21,57.154622978034375,2.1054127864165173e-22
2683,54.4836349506703,1.1591110611800557e-22,57.00727653210059,2.191497559527578e-22
2684,57.444778693514955,4.293226865419066e-24,56.23074399647354,2.195789179174983e-22
2685,57.857643489454865,2.3650815509645005e-24,56.40827753890977,2.1732545746585313e-22
2686,61.62971831857045,1.1099976353900104e-25,57.25325343271295,1.6619916820711936e-22
2687,55.61481548426135,4.670601717077972e-23,57.40078223771057,1.5712387103569484e-22
2688,58.96206729812659,1.1324575258077713e-24,57.64723455364485,1.5607178801152215e-22
2689,54.808841073533756,9.23253045131719e-23,56.92946065603326,1.652971874171363e-22
2690,54.182488754695854,1.8843425775737985e-22,56.63438726753461,1.832840173957674e-22
2691,56.51273621903428,9.501535633209222e-24,56.33943482368737,1.8418076306071784e-22
2692,60.694891918199566,2.3176362497437416e-25,57.2191616200062,4.610117505232509e-23
2693,57.22415826921842,8.534989784128857e-24,57.493213951861,3.5363563418937425e-23
2694,59.46510286316741,6.784413053338006e-25,57.69524636882626,3.5002084862928894e-23
2695,60.52414483412254,3.3200733660686304e-25,57.96189650329302,3.479877744149314e-23
2696,60.43694032024823,2.9465655046375477e-25,57.8426187034608,3.4817143120185604e-23
2697,53.9801978838834,1.9688358746294843e-22,57.679156943423,4.983490014940248e-23
2698,60.54745780104225,1.6694932069634105e-25,57.837695993714576,4.973834932889134e-23
2699,51.209019230237296,2.193154566083802e-21,57.47771380938493,2.5982127548595437e-22
2700,55.020535500671215,7.507226765805261e-23,57.56151848398247,2.484850764760216e-22
2701,54.966341424867856,5.209644388542434e-23,57.40687900456582,2.5274456730124313e-22
2702,57.8494399088967,3.33718078762189e-24,57.122333803635534,2.5305510901750787e-22
2703,53.81014315342443,2.794623770907895e-22,56.78093229205613,2.80147847748174e-22
2704,53.882676920654156,7.262393523279653e-23,56.22268969780481,2.873423971409202e-22
2705,55.500761173338795,3.582784685979526e-23,55.720351331726434,2.9089198109323907e-22
2706,57.35337757921386,5.907991294582445e-24,55.411995057622995,2.914533145676509e-22
2707,55.55321238075795,3.9377378640143913e-23,55.569296507310455,2.757026936853705e-22
2708,58.481804198102076,1.9246787285813033e-24,55.362731147016426,2.75878466626159e-22
2709,56.497079089486235,1.784206022669273e-23,55.89153713294132,5.834721604044805e-23
2710,50.57447618533652,5.0677820263002725e-21,55.44693120140786,5.576181919046701e-22
2711,55.507443672705634,4.550852321317459e-23,55.501041426191634,5.569593998374451e-22
2712,56.67505561209072,1.7738233218739783e-23,55.38360299651104,5.583995050805568e-22
2713,56.35205219890294,2.2964541707887388e-23,55.637793901058885,5.327497215422667e-22
2714,53.03135992789009,5.294539853815633e-22,55.55266220178248,5.784327265571432e-22
2715,59.69237804281519,7.844081114388913e-25,55.97182388873013,5.749283826823076e-22
2716,54.973875911680985,6.445894068245493e-23,55.73387372197684,5.807834776210949e-22
2717,51.13593883022725,2.322922636150162e-21,55.292146366923774,8.091380033720967e-22
2718,55.233563066156854,4.9479187271981885e-23,54.96732225372924,8.138934542264368e-22
2719,50.063915488227366,2.6894280484221574e-21,54.32400589360336,1.0810520530459833e-21
2720,56.32761838269941,1.6223825113521667e-23,54.89932011333964,5.758962329273081e-22
2721,51.56628553408548,2.2550894562979623e-21,54.50520429947763,7.968543262357868e-22
2722,52.64804487859201,8.910107257255957e-22,54.10250322612775,8.841815754864726e-22
2723,59.87971618192213,3.8068168032254298e-25,54.45526962442968,8.81923189483716e-22
2724,59.38509580900311,9.32061439115497e-25,55.090643212540975,8.290709970894713e-22
2725,53.20777445982886,1.9508999882434784e-22,54.44218285424235,8.485015561607623e-22
2726,50.86968662125995,3.925123539922654e-21,54.031763925200245,1.2345680160847821e-21
2727,52.62164129089679,5.588565126415432e-22,54.180334171267205,1.0581614037339202e-21
2728,30.32688591708632,2.3397087273084438e-12,51.68966645636014,2.339708737840579e-13
2729,58.102214228525824,3.56323825741216e-24,52.49349633038999,2.339708735154714e-13
2730,56.1676675163765,2.7539301289751083e-23,52.47750124375769,2.3397087351660294e-13
2731,60.31292571065895,3.068297809801016e-25,53.35216526141505,2.339708732911247e-13
2732,54.7805878188516,1.821632236587282e-23,53.56541955544101,2.339708732038452e-13
2733,59.71695836850748,6.989262799806085e-25,53.549143774099534,2.33970873203877e-13
2734,56.7156753736515,9.145735195118269e-24,53.282201730564374,2.3397087320469845e-13
2735,62.85913166981322,3.287547292034057e-26,54.247337451562814,2.339708731851927e-13
2736,60.02796942267747,3.64668064578274e-25,55.16316573170457,2.339708727927168e-13
2737,50.679665644117115,5.795929720716457e-21,54.9689681670266,2.339708733164242e-13
2738,51.29894466545246,2.8448821162870068e-21,57.06617404186321,8.700679733710076e-22
2739,54.10793544119026,1.296030292175836e-22,56.666746163129666,8.826719524670247e-22
2740,56.80451958244158,7.671844901487434e-24,56.730431369736166,8.806852068281986e-22
2741,56.13348982391277,2.6935918802073277e-23,56.31248778106154,8.833481157303078e-22
2742,57.41995996652935,4.39760958762051e-24,56.57642499582933,8.819662444524829e-22
2743,55.385583210872724,4.566015695482787e-23,56.14328748006585,8.864623675199672e-22
2744,54.23857910523058,1.5496082968549547e-22,55.89557785322374,9.01043876969005e-22
2745,54.65012732082938,6.200582756435777e-23,55.07467741832537,9.072411721781488e-22
2746,57.17036824777068,6.956902601222526e-24,54.78891730083469,9.079003956318134e-22
2747,58.95303009993003,5.279621779999777e-25,55.61625374641598,3.283602197779675e-22
2748,58.56600252028611,1.4273461229770034e-24,56.34295953189935,4.401474276156455e-23
2749,52.45150910550666,9.489551180726852e-22,56.17731689833099,1.2594995164707472e-22
2750,60.47677783619756,1.4397390934050866e-25,56.544542723706584,1.2519716454786e-22
2751,54.47534512312168,1.0084192387150614e-22,56.37872825362748,1.3258776505480328e-22
2752,55.15288186087214,5.889571405020848e-23,56.15202044306176,1.3803757550106212e-22
2753,56.95349784033473,1.400106472418126e-23,56.30881190600795,1.3487166627799742e-22
2754,53.25279074540401,2.975077616249969e-22,56.21023307002529,1.4912635947194755e-22
2755,60.83222007277706,1.8630951297069517e-25,56.82844234522007,1.4294440766680884e-22
2756,58.55504123801035,2.2351655046049833e-24,56.96690964424404,1.4247223395714713e-22
2757,54.341930962928004,9.273440339582348e-23,56.50579973054382,1.5169287807892946e-22
2758,56.63683818894288,1.2454728642302113e-23,56.312883297409506,1.5279561633086195e-22
2759,54.43633511037861,2.3932265155980423e-23,56.5113658978967,6.02933310391915e-23
2760,54.16757126504813,1.469320233571793e-22,55.88044524078176,7.497213598397538e-23
2761,53.46930195048882,1.5239067700885897e-22,55.77984092351848,8.012701129771066e-23
2762,54.27454539172575,8.647750371495472e-23,55.69200727660384,8.288519026418529e-23
2763,59.800717851984494,2.76510306524848e-25,55.97672927776881,8.151273482241963e-23
2764,55.32003708160443,5.59379433483306e-23,56.18345391138886,5.7355752994753e-23
2765,56.45478131313276,1.5743960057326173e-23,55.745710035424416,5.891151804918855e-23
2766,50.26413857946239,7.26681507800216e-21,54.91661976956963,7.8536950929894405e-22
2767,56.292382791289725,2.590434436875338e-23,55.111664952405796,7.78686503396237e-22
2768,50.45810342219288,3.52358965375466e-21,54.49379147573079,1.1297999959074728e-21
2769,59.40497905697489,7.720681025866606e-25,54.990655870390434,1.1274839762021334e-21
2770,60.54133682189223,1.945174035639764e-25,55.62803242607483,1.112810225606772e-21
2771,59.11149698172367,8.452884320630793e-25,56.19225192919832,1.0976556867490922e-21
2772,55.98641997739193,1.9724926277853063e-23,56.36343938776495,1.0909804290053823e-21
2773,50.31036905368656,2.2890880709076733e-21,55.414404507935146,1.3198615850654971e-21
2774,55.7849665311758,3.0869370263329507e-23,55.46089745289229,1.317354727756997e-21
2775,55.02312335998026,9.368000218468321e-23,55.31773165757702,1.3251483319697326e-21
2776,55.895562805844364,3.495598623558504e-23,55.880874080215236,6.01962422793075e-22
2777,59.84272571078398,3.003441385453556e-25,56.23590837216466,5.994020227700543e-22
2778,57.561368233851205,4.36306466528212e-24,56.94623485333049,2.4747936386111654e-22
2779,56.90049490207116,7.890725605273522e-24,56.69578643784011,2.481912296113852e-22
2780,56.28114569383409,1.7241895527481936e-23,56.269767325034294,2.4989596742377697e-22
2781,50.887518035463785,3.42175853018467e-21,55.44736943040831,5.919872915990376e-22
2782,54.599920799270684,7.198247025930703e-23,55.30871951259619,5.97213045997183e-22
2783,55.365294009344964,5.729205081489398e-23,55.81421200816203,3.740334439879051e-22
2784,59.63414964827773,5.675588093932111e-25,56.199130319872225,3.7100326284251147e-22
2785,57.884401713144705,2.275286253134503e-24,56.48525815518866,3.618627912493567e-22
2786,52.4161372172206,4.598138245109938e-22,56.13731559632629,4.0434857507689746e-22
2787,53.84229817258693,1.7850190258723958e-22,55.53727284250658,4.221687309217669e-22
2788,52.29302078080386,4.3277072890988e-22,55.01043809720185,4.650094973462267e-22
2789,53.03416715071247,4.7709443497244e-22,54.623805322065984,5.119298682829433e-22
2790,62.8941501234755,2.621591662772549e-26,55.28510576503012,5.10208300321858e-22
2791,55.1910059172097,4.8308850388778746e-23,55.71545455320471,1.7286333234226884e-22
2792,56.2864231032456,1.696233331442491e-23,55.8841047836022,1.6736131864778066e-22
2793,55.76314843074003,3.3324396871839286e-23,55.923890225741715,1.6496455325347516e-22
2794,55.49045920343325,6.862035230452717e-23,55.50952118125726,1.7176983260298857e-22
2795,55.91592648517116,3.181703675521193e-23,55.312673658459914,1.7472400765319631e-22
2796,52.96944375198368,5.972580780528807e-22,55.36800431193622,1.88468433007385e-22
2797,53.4961406390055,1.1650410113846413e-22,55.33338855857808,1.822686528625075e-22
2798,42.39220808543627,1.6692912361144435e-17,54.34330728904132,1.6694302276944152e-18
2799,56.579906599046325,1.1605792388562615e-23,54.6978812338747,1.6693836788301566e-18
2800,58.0781789105086,2.735986247782225e-24,54.21628411257802,1.6693839498071898e-18
2801,58.32637305622559,1.3220179536124853e-24,54.5298208264796,1.669379251123946e-18
2802,56.58552220334684,1.3263764518599348e-23,54.559730736489726,1.6693788812670668e-18
2803,58.090134445524114,3.502455984582762e-24,54.79242933796813,1.6693758990729778e-18
2804,54.19912022636429,1.4697171360435704e-22,54.66329544026123,1.669383734209108e-18
2805,53.648640092062,3.012327009015056e-22,54.436566800950324,1.6694106757755225e-18
2806,57.34237926215194,8.142023538300521e-24,54.87386035196715,1.6693517641700714e-18
2807,56.42168739548348,1.4638033182563584e-23,55.166415027614946,1.6693415775632758e-18
2808,47.87010841313955,8.687269151248083e-20,55.71420506038528,8.73761060008007e-21
2809,53.03210486408223,2.9364828511609693e-22,55.359424886888874,8.765814849352822e-21
2810,55.29881568851592,3.2060798959876655e-23,55.08148856468959,8.768747330624031e-21
2811,48.315939142573754,5.806002221320524e-20,54.08044517332441,1.4574617350149195e-20
2812,54.09805994341871,1.8268400520417073e-22,53.831698947331596,1.459155937421775e-20
2813,52.43047100459166,6.264214573010196e-22,53.26573260323836,1.4653851274349397e-20
2814,57.155092586447054,6.8522695016271e-24,53.561329839246625,1.4639839329939124e-20
2815,58.229987925692264,1.6474652059419836e-24,54.019464622609654,1.4609880806369565e-20
2816,53.20369659110496,3.4403644538502847e-22,53.605596355504964,1.4643470248554237e-20
2817,56.52732663450908,1.4220110972279606e-23,53.61616027940752,1.464342845633321e-20
2818,56.78871306440186,1.007496884203532e-23,54.508020744533745,5.957166801969331e-21
2819,60.14700849775047,3.314957668686873e-25,55.21951110790057,5.927835123034409e-21
2820,58.048834123701845,3.3131903415252646e-24,55.49451295141917,5.924960362172573e-21
2821,52.14398974741692,1.5383128515905131e-21,55.87731801190348,2.72789426011101e-22
2822,55.6317990941311,2.9708064026305533e-23,56.030691926974725,2.5749183189331447e-22
2823,55.52253691157119,2.1134919663214436e-23,56.339898517672665,1.9696317812953392e-22
2824,55.629877454673945,3.5679896357728984e-23,56.18737700449536,1.998459408151441e-22
2825,57.032353744048,1.1199014524466486e-23,56.067613586330936,2.0080109574699653e-22
2826,53.74776416995927,2.050108940977026e-22,56.12202034421637,1.86898540618264e-22
2827,58.434460047906384,2.263389740898738e-24,56.3127336855561,1.8570286849512595e-22
2828,45.330406079337074,7.773693218922737e-19,55.16690298704962,7.792162756083829e-20
2829,58.66495614487206,1.9761464255477758e-24,55.01869775176177,7.792179202590416e-20
2830,56.92673550674371,9.862838377977746e-24,54.90648789006597,7.792244699070781e-20
2831,55.48308474429873,3.192534734191794e-23,55.240397389754136,7.777180824028294e-20
2832,55.150019250057376,5.936467516539677e-23,55.19221940534677,7.777477390139685e-20
2833,58.59432737980583,1.8920039128707108e-24,55.49939845217024,7.777284960982182e-20
2834,54.17735167512393,5.440153148706713e-23,55.354145874215234,7.777472177333477e-20
2835,56.7705149232157,7.296556687740924e-24,55.32796199213201,7.777433152755108e-20
2836,58.67206744661826,1.2932747286912426e-24,55.820392319797904,7.775395976561418e-20
2837,55.2703674562767,4.291056525395274e-23,55.50398306063494,7.775802448316549e-20
2838,59.75377552841694,1.8857348799729076e-25,56.946320005542916,2.1111151286916028e-23
2839,55.19661844116665,3.749582724490098e-23,56.59948623517239,2.466311936885135e-23
2840,57.62413816367077,4.620131406021509e-24,56.66922650086509,2.4138848671655727e-23
2841,61.10903884778655,1.3453081793165832e-25,57.23182191121386,2.0959767019257094e-23
2842,56.229937506251666,2.2833791741856685e-23,57.3398137368333,1.7306678676903087e-23
2843,37.36169732355124,2.8053616111337375e-15,55.21655073120784,2.8053617823085204e-16
2844,48.83738957294697,2.6406278608014882e-20,54.68255452099014,2.8053881341855963e-16
2845,56.003268405375564,1.8908960974172107e-23,54.605829869206126,2.805388145798001e-16
2846,56.12357007236348,2.161735003360417e-23,54.350980131780645,2.805388166122076e-16
2847,54.47922058345074,8.404884947900816e-23,54.271865444498054,2.8053882072603606e-16
2848,51.69039460909916,1.4421749724043886e-21,53.465527352566276,2.805389649246759e-16
2849,58.14869919825084,2.5919825886962037e-24,53.7607354282747,2.805389614342915e-16
2850,51.481954010507735,2.2207622916156114e-21,53.1465170129584,2.8053918304850753e-16
2851,54.670977732821456,6.513560104034004e-23,52.50271090146189,2.805391895486146e-16
2852,49.43966355853927,1.1889631294502183e-20,51.82368350669064,2.805403762283648e-16
2853,58.612210650430995,1.8119953041581413e-24,53.948734839378616,4.2152961905957045e-21
2854,60.047837160069896,4.847761220917881e-25,55.06977959809092,1.5747168074064252e-21
2855,60.69235436595213,2.1341622028060614e-25,55.53868819414858,1.5728472529310363e-21
2856,49.41399660713417,2.1883696589109617e-20,54.86773084762565,3.759055176838637e-21
2857,49.68027629595458,1.2854378388502489e-20,54.38783641887602,5.036088130740985e-21
2858,60.19071637938524,3.3176878257984684e-25,55.23786859590463,4.891903810378806e-21
2859,63.276364330698755,1.1861752028336491e-26,55.75063510914943,4.891645798295138e-21
2860,54.59157794930469,7.428389477101492e-23,56.06159750302912,4.676997958610678e-21
2861,59.90877249740779,4.049118053275059e-25,56.58537697948775,4.6705248896871766e-21
2862,58.46315588600045,2.18482605835508e-24,57.48772621223387,3.481780242842795e-21
2863,57.6314841071753,5.8472012590789496e-24,57.3896535579083,3.482183763438287e-21
2864,53.1140269187415,4.506461393085729e-22,56.696272533775456,3.527199899756934e-21
2865,51.557789796579904,2.4550828227741453e-21,55.78281607683823,3.77268684041232e-21
2866,58.697196212449654,1.3357063314354972e-24,56.71113603736978,1.5844507521345027e-21
2867,54.19065861744643,1.092481958579934e-22,57.16217426951896,3.0993773287005314e-22
2868,60.70691841852687,1.6247585420754384e-25,57.21379447343313,3.0992080357721593e-22
2869,56.02887748483283,2.1519564783309018e-23,56.48904578884653,3.12071573880344e-22
2870,53.21170151246394,5.7960907567898445e-22,56.35105814516246,3.6260409197114096e-22
2871,55.0200027296786,6.236797132495275e-23,55.86218116838954,3.688003979231035e-22
2872,64.69727964822933,2.9479534738442756e-27,56.485593544612435,3.685822101126154e-22
2873,58.83617482330841,1.0559844447547603e-24,56.60606261622574,3.681030884311829e-22
2874,60.207556450193344,3.088748168989368e-25,57.31541556937093,3.2306936198201553e-22
2875,53.17131981660234,1.709467424132934e-22,57.47676857137318,9.465575394593036e-23
2876,56.074149939524204,1.679758360835905e-23,57.214463944080634,9.620194167362272e-23
2877,55.401363999166875,6.224989956471359e-23,57.33553448225267,9.150211204429474e-23
2878,56.01983557450697,2.6801925611204466e-23,56.866826197850685,9.416605701999442e-23
2879,57.29082419053236,5.530601835352062e-24,56.993020868420636,9.256716072519873e-23
2880,53.47937930149224,3.8994679995093313e-22,57.019788647323466,7.36009331523936e-23
2881,51.168828129394804,1.728282150793428e-21,56.63467118729509,2.4019235109924113e-22
2882,55.11768625608586,3.8064096232429416e-23,55.67671184808074,2.439984659271367e-22
2883,59.9443904231114,3.6176759211953615e-25,55.78753340806104,2.4392904424187315e-22
2884,61.85600691092695,5.372976320471181e-26,55.9523784541344,2.439035297365037e-22
2885,56.558537410465384,5.3632312060722964e-24,56.2911002135207,2.2734517861578163e-22
2886,60.54731378883078,1.213555436867771e-25,56.738416598451366,2.2567755580931437e-22
2887,58.299118130982855,2.262582128382536e-24,57.02819201163296,2.1967882406568124e-22
2888,65.50983240687258,1.1926194217969993e-27,57.97719169486952,2.1699875076650304e-22
2889,55.97225423090342,1.4950368674550704e-23,57.845334698906626,2.179407274504229e-22
2890,56.07840276866227,1.9912815365843966e-23,58.10523704562363,1.8093732899191396e-22
2891,58.73481613779905,1.221582180860034e-24,58.861835846464054,8.231272130657179e-24
2892,47.79963319813001,7.388647832930351e-20,58.130030540668464,7.393072695437765e-21
2893,59.52622456614299,7.457153127925145e-25,58.08821395497163,7.393111090209834e-21
2894,60.60436454851631,2.5862914532405853e-25,57.963049718730566,7.393131580148045e-21
2895,52.27935077774706,1.3149816730601011e-21,57.53513105545873,7.524093424333447e-21
2896,57.10115887333147,8.404915477889424e-24,57.1905155639088,7.524921780326868e-21
2897,52.203243613477945,8.723328479955902e-22,56.58092811215831,7.61192880691359e-21
2898,55.66716139313061,3.8172572044423184e-23,55.59666101078411,7.615745944856088e-21
2899,54.75096280456045,8.825598712173888e-23,55.47453186814981,7.623076506700807e-21
2900,57.894781523425316,2.683595270342057e-24,55.65616974362613,7.621353584691257e-21
2901,55.77887007310419,3.4725421300257433e-23,55.36057513715663,7.624703968603197e-21
2902,56.680448004999356,1.2920759604788298e-23,56.24865661784357,2.373482116333247e-22
2903,54.75770905111745,2.3946965100755247e-23,55.77180506634102,2.3966833661212097e-22
2904,57.511005082813796,2.956724965360694e-24,55.462469119770766,2.399381461941246e-22
2905,55.870398842184755,2.5858375703396885e-23,55.82157392621453,1.110258164584542e-22
2906,56.521536571054746,9.211651839893788e-24,55.76361169598685,1.1110649009465467e-22
2907,63.16029782001937,2.4317459058046352e-26,56.85931711664101,2.387563704100145e-23
2908,59.9407712297684,5.560478575749988e-25,57.28667810030479,2.0113984622316632e-23
2909,54.426653990019844,1.5107790862189002e-22,57.25424721885073,2.6396176772331745e-23
2910,53.42103592999196,4.234559472544843e-22,56.806872659507384,6.847341197074597e-23
2911,54.418203400816545,1.1839927518668268e-22,56.67080599227862,7.68407973593885e-23
2912,57.58236232272941,6.629349750473746e-24,56.76099742405163,7.621165637395704e-23
2913,52.33499396488166,9.87534395377958e-22,56.51872591542805,1.7257039940167733e-22
2914,60.72837336684484,1.8551504673543e-25,56.84046274383117,1.7229327840981476e-22
2915,57.349365177647876,6.637835498536255e-24,56.98835937737747,1.7037122438932872e-22
2916,60.4800899744666,2.3200711841753532e-25,57.384214717718656,1.694732599171811e-22
2917,52.09089370294098,1.2381193163853914e-21,56.27727430601082,2.932827598098144e-22
2918,59.72041347502334,4.963381977522285e-25,56.2552385305363,2.932767888438321e-22
2919,53.87404299951366,1.3495743543178708e-22,56.199977431485685,2.9166474152482187e-22
2920,58.56729450340006,1.7762653719577075e-24,56.7146032888265,2.494967733365692e-22
2921,53.94486681709815,2.0608905609453628e-22,56.667269630454655,2.582657514273546e-22
2922,61.65191159387784,9.458236031260453e-26,57.07422455756951,2.576122746883385e-22
2923,62.11977431416463,2.8677819887944995e-26,58.052702592497795,1.5886170293253147e-22
2924,55.119398212961535,5.69290488626303e-23,57.491805077109476,1.6453605631412096e-22
2925,56.779690182215454,1.4058220944054543e-23,57.43483757756623,1.6527809485867277e-22
2926,58.013161297685144,2.4878146315343426e-24,57.18814470988807,1.6550367560998445e-22
2927,54.18777196810108,9.526221188149399e-23,57.39783253640409,5.121796515959471e-23
2928,50.02878991516686,8.577862164878598e-21,56.42867018041844,9.089545478276792e-22
2929,51.274676958442434,1.4544445435011417e-21,56.16873357631132,1.0409032586346146e-21
2930,52.304540483527546,1.3037950053339251e-21,55.54245817432407,1.1711051326308114e-21
2931,53.83707431829793,2.1317545089176967e-22,55.531678924444044,1.171813772110535e-21
2932,56.68839700773814,1.6970176140888503e-23,55.03532746583007,1.1735013314885921e-21
2933,55.84537391376195,2.2955895246029335e-23,54.407887425789816,1.1757940532312066e-21
2934,53.39003884739724,2.215385230822734e-22,54.23495148923338,1.1922550006531708e-21
2935,58.45986377781422,1.5613697932064134e-24,54.402968848793265,1.191005315538086e-21
2936,59.11540815511086,1.0482711198163546e-24,54.51319353453583,1.190861361186914e-21
2937,59.19309715786314,1.0793966480477378e-24,55.01372605351204,1.1814430796635697e-21
2938,58.440524509320085,2.675742528067754e-24,55.854899512927354,3.2392443742851664e-22
2939,54.616715066251196,1.306042454312687e-22,56.18910332370823,1.9154040762152928e-22
2940,55.26531840675262,1.3305537812507033e-23,56.485181116030745,6.24914608693875e-23
2941,50.61614937647624,6.535533407558305e-21,56.163088621848566,6.947272565360411e-22
2942,61.76706467930447,7.289643671713047e-26,56.6709553890052,6.93037528565624e-22
2943,31.054221805380323,2.0294532488139073e-12,54.191840178167034,2.0294532557213265e-13
2944,54.1545886064609,1.0207614807559254e-22,54.26829515407341,2.029453255601864e-13
2945,55.270019528273394,5.069448152548952e-23,53.94931072911932,2.029453255650997e-13
2946,57.2083646459387,7.941061652427773e-24,53.75860637820212,2.0294532556578898e-13
2947,56.52246400828887,1.450467214847116e-23,53.491543063244684,2.0294532556713153e-13
2948,62.76188709902882,2.6957662081154227e-26,53.92367932221555,2.029453255668667e-13
2949,55.442305596271396,3.386259957695006e-23,54.00623837521757,2.029453255571925e-13
2950,53.64766605704562,2.0135666438795011e-22,53.844473140246876,2.029453255759976e-13
2951,57.639115969226,4.044572249322355e-24,54.54676979952185,2.029453249228487e-13
2952,60.765793875801435,2.23269425993832e-25,54.44664271917154,2.0294532492286378e-13
2953,55.07788479048704,6.137392231667733e-23,56.849009017682214,4.761043490209559e-23
2954,55.99710502972188,2.227367371269724e-23,57.03326066000832,3.9630187465806054e-23
2955,55.68670032622885,4.8132793513562284e-23,57.074928739803866,3.9374018664613334e-23
2956,58.42488362463477,1.1995339833194688e-24,57.19658063767347,3.86998658977025e-23
2957,57.34322630937386,5.0985802883294004e-24,57.27865686778197,3.775925671168832e-23
2958,57.5454619940766,6.538314852551078e-24,56.75701435728674,3.8410392430735315e-23
2959,53.1165148375831,1.8881756508730313e-22,56.524435281417915,5.390588898177062e-23
2960,56.446741708729725,1.5392217063360366e-23,56.80434284658632,3.530944424931165e-23
2961,50.45307059757734,8.077440086341968e-21,56.08573830942147,8.426489956585763e-22
2962,59.543595913367454,9.706170255603923e-25,55.963518513178066,8.427237304185329e-22
2963,58.95294960668442,1.3567432017995656e-24,56.35102499479781,8.36722012507045e-22
2964,58.38291777302325,2.5751230039546464e-24,56.589606269127934,8.347521574361707e-22
2965,52.287994789627504,7.074376117455187e-22,56.24973571546781,9.006826392593666e-22
2966,60.96688446641915,1.3625835598928115e-25,56.50393579964625,9.005763116966334e-22
2967,54.50756178723788,8.643075282592657e-23,56.22036934743265,9.087095289503931e-22
2968,54.421344405329975,1.4978878215697747e-22,55.90795758855798,9.230345756808357e-22
2969,55.188776154869764,4.932751843150074e-23,56.11518372028665,9.090855710152556e-22
2970,61.50531134463538,6.502149765697053e-26,56.62104068387721,9.075528514586853e-22
2971,53.706129358437984,1.63081432101516e-22,56.94634655996329,1.1611698603464005e-22
2972,58.85057087579534,1.4630149466424783e-24,56.87704405620607,1.1616622582674824e-22
2973,56.45043944424176,1.3280328548557373e-23,56.6267930399618,1.17358584361424e-22
2974,55.68532974996618,3.337067957505131e-23,56.357034237656094,1.2043814001853368e-22
2975,56.53606677973263,9.792217948612967e-24,56.7818414366666,5.0673600638843113e-23
2976,57.57472157180831,5.67336427012957e-24,56.44262514720551,5.122731123025715e-23
2977,57.5340797708351,5.500479276468671e-24,56.74527694556525,4.3134283875311355e-23
2978,59.6234115678515,5.037589539696416e-25,57.26548366181739,2.820578155501058e-23
2979,53.154064907809996,4.0690573695465453e-22,57.06201253711142,6.396360340732595e-23
2980,54.968588972656676,8.564502991689985e-23,56.40834029991354,7.252160424925025e-23
2981,54.69358154044406,8.168053681196553e-23,56.50708551811415,6.438151472029519e-23
2982,53.86743772464213,2.252256947544259e-22,56.00877220299884,8.675778270107353e-23
2983,58.13144030808186,2.8288710620846845e-24,56.17687228938284,8.571263695242626e-23
2984,54.17796490346183,9.126739856769939e-23,56.026135804732405,9.150230885169108e-23
2985,54.76459390166369,9.718035559706762e-23,55.84898851692551,1.0024112261653652e-22
2986,52.348983955291814,1.055688563885067e-21,55.326414755273866,2.0524264257803026e-22
2987,54.06691388630876,1.986912481282342e-22,54.97969816682123,2.2456171946320677e-22
2988,51.84350109945929,8.094534870964883e-22,54.20170711998202,3.0545669227745872e-22
2989,63.08787031149822,2.1975693420070728e-26,55.19508766035083,2.6476831615133524e-22
2990,60.95241961011003,1.8389184926797038e-25,55.79347072409617,2.56222202344572e-22
2991,54.42154664925729,1.3651615954061745e-22,55.76626723497749,2.617057646174372e-22
2992,62.845266916686704,3.155936197183481e-26,56.66405015418195,2.3918635107819184e-22
2993,51.99547550786996,1.1000203995151885e-21,56.05045367416076,3.4890550392350225e-22
2994,53.713021407779976,1.7237021811723965e-22,56.00395932459257,3.570157858784563e-22
2995,58.09493938204864,2.6963471687732856e-24,56.33699387263107,3.475673850356268e-22
2996,60.59429682485797,2.7952294826173577e-25,57.16152515958769,2.420264809419463e-22
2997,51.47554323328516,2.9670878056342108e-21,56.902388094285335,5.188661366925439e-22
2998,54.2633612462226,1.1876426101387728e-22,57.14437410896166,4.497972140842829e-22
2999,58.0096622751008,2.3001743732171566e-24,56.63655330532191,4.500250339522626e-22
3000,57.18410800711506,5.944128034108036e-24,56.25972214502242,4.506010575707465e-22
3001,56.58917431200115,1.0124800227965497e-23,56.4764849112968,4.379619216394813e-22
3002,53.77712637551528,1.8756242477351668e-22,55.56967085717965,4.567150081806358e-22
3003,52.14712195277341,5.308487584976989e-22,55.584835501670014,3.997978440788869e-22
3004,52.71291239176914,5.648946166003996e-22,55.48482460006893,4.39050283927203e-22
3005,54.23386844742224,1.0446568518356535e-22,55.098717506606285,4.492272177286822e-22
3006,55.56869985028806,2.398815799128617e-23,54.59615780914929,4.515980812329845e-22
3007,59.340738743759346,1.0683327964460587e-24,55.3826773601967,1.5499613394920806e-22
3008,56.40308143056016,1.789427834396147e-23,55.59664937863047,1.449091356822165e-22
3009,55.42113527603516,3.142548619546223e-23,55.337796678723905,1.47821666864441e-22
3010,56.93585909259773,8.99504864771612e-24,55.31297178727217,1.481267589258018e-22
3011,61.27342722103379,9.658415856591876e-26,55.78139707817543,1.4712393731886186e-22
3012,53.545042190421945,2.7864442088139153e-22,55.7581886596661,1.5623213692964935e-22
3013,52.628001496483876,6.160713564920412e-22,55.806276614037145,1.6475439672908357e-22
3014,59.75244537184817,5.6955685187296115e-25,56.51022991204504,1.0832189075423092e-22
3015,56.012891902046945,2.3920424945601535e-23,56.688132257507526,1.0026736473043455e-22
3016,60.39022514458719,3.1163648517483186e-25,57.17028478693743,9.78997125798234e-23
3017,55.32859946807139,3.188951118365066e-23,56.76907085936864,1.0098183041854385e-22
3018,55.25382375594256,6.959818854893143e-23,56.65414509190688,1.0615222143904082e-22
3019,63.31214088404601,2.1780120403458495e-26,57.44324565270796,1.0301185083153497e-22
3020,55.72591171257285,1.9805744816029523e-23,57.322250914705464,1.040929204483663e-22
3021,54.4303232784124,1.0293829957075928e-22,56.63794052044334,1.1437709198958566e-22
3022,55.097015978293804,4.320386217037565e-23,56.79313789923052,9.083303611848405e-23
3023,56.62004276842022,9.73258133966438e-24,57.19234202642416,3.0199158603246374e-23
3024,62.73536964505777,2.752887728861265e-26,57.49063445374511,3.014495580578794e-23
3025,57.22842317949776,5.342871953969507e-24,57.6121875814902,2.8287200506624734e-23
3026,53.54862529010467,2.398540934078268e-22,56.92802759604194,5.224144619888993e-23
3027,56.35347593195673,1.2534821957174097e-23,57.030515242430475,5.0305977276242274e-23
3028,55.46734030287219,2.3435041597656667e-23,57.051866897123446,4.56896625811148e-23
3029,56.236375452301544,2.0413673609605373e-23,56.344290353948985,4.772885193003498e-23
3030,58.37366067388937,1.7751513328986705e-24,56.60906525008064,4.59257925817219e-23
3031,46.52850565716592,4.78037223289927e-19,55.818883487956,4.7839354291617353e-20
3032,52.9264905964004,4.463946926076233e-22,55.60183094976666,4.787967337466107e-20
3033,60.2817613777584,3.0544013160256508e-25,55.968002810700476,4.7878730660540264e-20
3034,51.7190984929362,1.3474851626650389e-21,54.866375695488316,4.801347642391904e-20
3035,56.882278306254186,1.1402105073003314e-23,54.83176120816396,4.801408234723093e-20
3036,52.186304398761095,1.3516298015150757e-21,54.69552911902961,4.812525991804167e-20
3037,50.93556793027923,4.086268557721622e-21,54.15373831886185,4.853263329161811e-20
3038,50.126740870361346,9.538602973940772e-21,53.61967837561076,4.948415008485242e-20
3039,56.06850825504321,1.6845863765192817e-23,53.60289165588493,4.948379330386798e-20
3040,56.41494602730641,1.577593735979845e-23,53.407020191226636,4.948519338247068e-20
3041,59.86212618033902,5.063419256562525e-25,54.74038224354395,1.6815216876705382e-21
3042,58.03689115974784,2.7471319479650344e-24,55.2514222998787,1.6371569316045727e-21
3043,59.11388492763101,9.787393258159602e-25,55.134634654865955,1.6372242615239944e-21
3044,57.31060247615484,5.5582257453229956e-24,55.693785053187824,1.5030315678320226e-21
3045,55.05405148568872,7.210292453458099e-23,55.51096237113127,1.5091016497781802e-21
3046,56.57977929993194,1.2472914168521513e-23,55.950309861248364,1.3751859610435249e-21
3047,54.79854374118901,8.610626716927876e-23,56.336607442339336,9.751697319882904e-22
3048,57.5753958536897,6.2545602602931315e-24,57.081472940672164,2.193489062024259e-23
3049,54.538990483358035,5.506953317953539e-23,56.928521163503646,2.5757257561676848e-23
3050,53.40602638508244,2.962634031117538e-22,56.62762919928126,5.380600413687239e-23
3051,51.19399493355988,3.2958405355748326e-21,55.76081607460334,3.8333942350179e-22
3052,55.288637923570825,4.490596685795997e-23,55.485990750985636,3.875553069927895e-22
3053,56.99632198044679,3.506704896642881e-24,55.27423445626721,3.8780810354987225e-22
3054,57.09327612219439,1.0054540152270693e-23,55.25250182087118,3.88257734990567e-22
3055,59.37700413692168,1.1396691617098152e-24,55.68479708599447,3.8116140945327986e-22
3056,55.9379374919802,1.2844648774434547e-23,55.6206129051993,3.8119858291387113e-22
3057,57.8215644958351,3.7079471696329375e-24,55.922914980663904,3.7295875091390666e-22
3058,64.4992313129879,4.564496640041192e-27,56.61529852659373,3.7233375133754134e-22
3059,61.044915031638716,1.771448712507841e-25,57.265890981421784,3.668445125067129e-22
3060,56.16436553853095,1.709102453981985e-23,57.54172489676665,3.389272746495195e-22
3061,53.2343856069904,4.102719806962862e-22,57.7457639641097,5.0370419161664773e-23
3062,60.88401662683116,1.7207835050377367e-25,58.30530183443572,4.5897030310919154e-23
3063,58.27890271132734,3.214716171787451e-24,58.43355990752377,4.586783143843361e-23
3064,57.61358431401193,5.2281652950879535e-24,58.48559072670554,4.538519395271533e-23
3065,53.485990600695565,2.1159117588306858e-22,57.89648937308293,6.643034462485121e-23
3066,59.126939895154884,8.394721389822385e-25,58.2153896134004,6.522982696130597e-23
3067,55.56775795871875,4.6361969042035124e-23,57.99000895968876,6.94952291485462e-23
3068,55.64601176308744,3.6546399814570276e-23,57.104687004698725,7.314941268033922e-23
3069,54.291886579735795,1.0563462155340713e-22,56.42938415950842,8.369516034855487e-23
3070,57.02583144550964,6.0111434134321144e-24,56.51553075020629,8.258717223591609e-23
3071,56.864322511824604,1.191226937055135e-23,56.878524440689716,4.2751201103342606e-23
3072,54.69895969202333,9.605648656470569e-23,56.260018747208925,5.233964192476279e-23
3073,30.925937543399424,2.1682720445976034e-12,53.52472223041614,2.1682720451177854e-13
3074,56.78324723171021,6.708210863145496e-24,53.44168852218596,2.1682720451192652e-13
3075,53.17462977114684,3.9334133743073767e-22,53.41055243923108,2.1682720453010152e-13
3076,50.553647205354565,4.318119148921658e-21,52.55322317025106,2.1682720496182952e-13
3077,55.7564736104247,3.772720722328329e-23,52.57209473542165,2.16827204960966e-13
3078,60.49198700238315,2.769409981353327e-25,53.05669225935122,2.168272049573391e-13
3079,54.46083241160372,1.3584731592680455e-22,53.07358684253802,2.1682720496036035e-13
3080,56.954058406504565,1.0537739050411292e-23,53.066409538637515,2.1682720496081304e-13
3081,57.315856209704194,4.6482209605299075e-24,53.11156290842547,2.168272049600866e-13
3082,56.06866820653796,2.4337537272461935e-23,53.248533759876935,2.168272049529147e-13
3083,53.67200345423318,1.555753275461246e-22,55.523140350960304,5.087118986193292e-22
3084,56.304745107360276,1.8935558926607277e-23,55.47529013852532,5.099346334256754e-22
3085,54.73867910267114,8.051112013105503e-23,55.63169507167775,4.786516116957072e-22
3086,56.09101175720309,2.3688246056900774e-23,56.18543152686259,4.9208521409231397e-23
3087,59.59243248606458,6.236286690199417e-25,56.56902741442659,4.5498163553805063e-23
3088,57.35544701958945,5.110546567361784e-24,56.25537341614721,4.5981524110727706e-23
3089,54.2043915005081,7.877488648610848e-23,56.229729325037646,4.027428116665811e-23
3090,55.69411220691334,3.2187915322659343e-23,56.10373470507854,4.2439298793882905e-23
3091,55.576045420748414,4.689135941855917e-23,55.92975362618296,4.666361263968584e-23
3092,55.213025340442236,5.664289567811465e-23,55.84418933957338,4.989414848025111e-23
3093,53.27538626114408,4.008569911274554e-22,55.804527620264466,7.442231483838418e-23
3094,57.444128531998004,4.981387721822646e-24,55.91846596272825,7.302689771790573e-23
3095,57.4166368484443,8.410370838922211e-24,56.186261737305564,6.581682278869245e-23
3096,53.243863879691524,3.1151273769927546e-22,55.9015469495544,9.459927195292993e-23
3097,56.42239428283229,1.8347851057007204e-23,55.584543129231164,9.637169419172864e-23
3098,58.11976856978824,2.7756100291751005e-24,55.66097528425105,9.613820053790996e-23
3099,54.854845040061946,7.765132673531441e-23,55.726020638206435,9.602584456283058e-23
3100,57.8941769317777,3.0173588094839088e-24,55.946027110692874,9.3108788911513e-23
3101,56.35914631860543,1.8716688885081607e-23,56.02433720047857,9.029132185816524e-23
3102,57.135985899059236,6.2272578494478765e-24,56.21663325634027,8.524975807529858e-23
3103,56.84622841114991,1.2213916358349404e-23,56.573717471340856,4.638545059838798e-23
3104,62.25868720946032,4.345012085864558e-26,57.055173339087084,4.5891656838291574e-23
3105,61.6794216310241,9.485475295370374e-26,57.48145181734507,4.5060105229694735e-23
3106,58.085968844240966,3.486332721665742e-24,57.96566231380001,1.4257464731933756e-23
3107,56.49716691183316,1.1742963874221163e-23,57.9731395767001,1.3596976013655156e-23
3108,50.2847482165227,6.241616008860966e-21,57.18963754137356,6.374810158968343e-22
3109,56.91184971944482,9.259479766074031e-24,57.39533800931184,6.306418311999103e-22
3110,57.499791709533206,5.395986226837762e-24,57.35589948708738,6.308796939416456e-22
3111,59.02102344492801,4.854571774465447e-25,57.62208719971964,6.290565707708822e-22
3112,52.614266990234455,7.281073906642633e-22,57.16991530883716,7.012445840523637e-22
3113,54.930623309261605,7.941578486621034e-23,56.97835479864833,7.079647709031497e-22
3114,60.9524781997489,8.72486382840971e-26,56.8477338976772,7.079691507548922e-22
3115,50.038720522840634,9.241436958038433e-21,55.683663786858844,1.6321033610834405e-21
3116,54.05480929862826,1.329684144313672e-22,55.28054783229758,1.6450515692544103e-21
3117,54.95018870356124,2.5012216825437776e-23,55.125850011470376,1.646378494549532e-21
3118,56.79338774502147,1.008931291438901e-23,55.776713964320265,1.0232258249548741e-21
3119,53.29993202619828,3.0868730576800507e-22,55.4155221949956,1.0531686075550673e-21
3120,59.30292950969109,7.413834716571402e-25,55.59583597501139,1.0527031472795492e-21
3121,53.665269463431976,3.3689819583780617e-22,55.060260576861786,1.0863444211455854e-21
3122,59.33581203018767,7.875670509784663e-25,55.73241508085711,1.0136124387842569e-21
3123,55.51827799455628,4.9677728405334936e-23,55.79118054938657,1.0106386331381692e-21
3124,55.010774114877854,7.859167725264004e-23,55.19701014089948,1.0184890759996048e-21
3125,58.22786294451643,3.9492831854873225e-24,56.01592438306706,9.474030851431034e-23
3126,58.188937488565266,1.625553965500692e-24,56.42933720206075,8.160602246772366e-23
3127,61.908850253976034,5.346627521270299e-26,57.12520335710224,7.911014741270116e-23
3128,56.44889102716557,2.1191541640196328e-23,57.09075368531664,8.022037028528189e-23
3129,53.754189200871316,1.4433224453995314e-22,57.13617940278395,6.378486416247669e-23
3130,55.440136122594105,2.7023879631141644e-23,56.749900064074254,6.641311377842515e-23
3131,52.54140740308846,5.797690343670693e-22,56.6375138580399,9.070019763135146e-23
3132,59.4635021043831,6.578235228111417e-25,56.65028286545944,9.068722327853474e-23
3133,57.75228848864636,2.810923514592709e-24,56.87368391486846,8.600054278946049e-23
3134,56.206447164322725,2.455149989968235e-23,56.99325121981294,8.059652505416473e-23
3135,61.15121495919206,1.563009099171917e-25,57.285586421280506,8.021722682660773e-23
3136,55.017899573114995,6.873849981627392e-23,56.96848262973547,8.692852141168504e-23
3137,57.87118117798589,2.724386808230734e-24,56.56471572213646,8.719561346498686e-23
3138,54.73000767325081,4.3820377517145214e-23,56.392827386744976,8.945849705268174e-23
3139,56.11746835278766,2.838841530613385e-23,56.62915530193662,7.78641141292998e-23
3140,58.43031541533226,2.5083869771799825e-24,56.92817323121044,7.541256486390363e-23
3141,59.800995535382185,5.691292087863714e-25,57.654132044439805,1.7492574348075344e-23
3142,56.31954350645803,2.428960645481683e-23,57.3397361846473,1.9855752641275915e-23
3143,59.36551792743495,6.591233700192815e-25,57.501059128526165,1.9640572626818573e-23
3144,57.61330232166627,6.2660320020529425e-24,57.64174464426052,1.781202583705563e-23
3145,52.566052503603196,6.883388421233519e-22,56.783228398701624,8.66302799583991e-23
3146,51.311483544552004,2.780771070183155e-21,56.41258679584532,3.578335369950872e-22
3147,58.461864314696726,2.6940095272664794e-24,56.471655109516405,3.578304992669908e-22
3148,61.13117634802853,1.2711257356561492e-25,57.11177197699419,3.534611727726329e-22
3149,56.243824673545056,1.812806136716397e-23,57.124407609069934,3.524351373787359e-22
3150,55.90272213606937,2.0797900017885858e-23,56.87164828114364,3.5426408868280644e-22
3151,53.043940635795984,3.194988141421426e-22,56.195942791185004,3.861570571761421e-22
3152,61.74376499592224,7.917889636404771e-26,56.73836494013143,3.837360144202968e-22
3153,62.96867286082883,3.657844019466742e-26,57.09868043347082,3.8367375992731433e-22
3154,56.09098662017228,2.5903124689892512e-23,56.94644886332143,3.856374691960984e-22
3155,60.494297406858735,4.242278529913382e-25,57.73927335364698,3.1684600776906225e-22
3156,60.90249750885103,1.5634661687960647e-25,58.69837475007688,3.878453541243467e-23
3157,51.98437920936684,1.4989778639972362e-21,58.05062623954389,1.8841292085943166e-22
3158,61.00405783586737,1.3052992630963111e-25,58.03791438832777,1.8841326259470603e-22
3159,53.755485361341485,1.7101861754578897e-22,57.78908045710741,2.0370231821256855e-22
3160,56.81771554498735,1.038570192599513e-23,57.88057979799921,2.0266109840337946e-22
3161,55.49545915361907,4.6613897797381927e-23,58.12573164978153,1.7537260676890341e-22
3162,52.71092666457073,4.323200105627875e-22,57.22244781664638,2.1859668993554576e-22
3163,57.219524933721786,6.339384297201159e-24,56.64753302393567,2.192269705212464e-22
3164,62.97233450709916,1.4078380992606692e-26,57.33566781262836,2.1663806589035637e-22
3165,54.806477223521085,7.239722024841532e-23,56.7668857942946,2.238353651298988e-22
3166,58.09629085229611,2.7461328039906707e-24,56.486265128639104,2.2409434374860987e-22
3167,55.09887026213286,7.497011528663245e-23,56.7977142339157,8.169356887754954e-23
3168,51.58058933224666,2.0479787109503803e-21,55.85536738355363,2.864783869799566e-22
3169,53.18001417922085,2.4501009794852956e-22,55.79782026534157,2.9387753502023066e-22
3170,51.835069515067104,1.3622238415591784e-21,55.29955566234954,4.29061348983549e-22
3171,55.39387478634836,4.32753473042735e-23,55.28939722562247,4.287274939342383e-22
3172,59.45977323001111,6.456129814402445e-25,55.9642818821665,3.8556005417610354e-22
3173,58.98648275165524,1.0073167687262407e-24,56.140977663959845,3.8502684742325596e-22
3174,53.685045933883956,2.5006439754206133e-22,55.21224880663833,4.100318793393629e-22
3175,52.35665174483588,8.998329171374773e-22,54.96726625876981,4.92775449028269e-22
3176,52.69951941532999,3.2031196647086783e-22,54.427589115073204,5.245320323949567e-22
3177,43.80385249631029,4.4724510489718856e-18,53.29808733849094,4.477621399180548e-19
3178,59.551795661246544,7.747886462233133e-25,54.09520797139093,4.475574195258244e-19
3179,54.85274972606311,6.753271070856922e-23,54.262481526075156,4.475396717871004e-19
3180,56.426246696580186,6.030486834385837e-24,54.72159924422647,4.474040524516279e-19
3181,62.23411898208677,4.0495862882930896e-26,55.405623663800306,4.473997289664838e-19
3182,58.604828217471756,1.56152343398995e-24,55.320129162546365,4.47399820557529e-19
3183,55.74350305400798,3.0807279840314373e-23,54.995831192781644,4.474028005538362e-19
3184,53.54776037259471,2.771183893389844e-22,54.982102636652726,4.474055059530159e-19
3185,59.77659671086459,3.5589161216910216e-25,55.72409713325559,4.473155582504634e-19
3186,56.673379927784225,8.058658581055817e-24,56.12148318450102,4.472843329196744e-19
3187,56.970136738701584,4.473044608726007e-24,57.43811160874016,3.9675326946730097e-23
3188,50.859618277412906,2.673319203194053e-21,56.56889387035678,3.0692976840151307e-22
3189,50.346871894790034,7.698253223931215e-21,56.11830608722947,1.0700018197237776e-21
3190,60.12589213635048,3.3936022665424363e-25,56.488270631206504,1.0694327070630045e-21
3191,53.963360200473964,1.6634911922617557e-22,55.66119475304522,1.086063569399334e-21
3192,57.418042247040866,5.017561210445647e-24,55.54251615600214,1.086409173176979e-21
3193,55.994336373044355,2.3500587528194244e-23,55.567599487905774,1.0856785039457674e-21
3194,52.22021508932687,1.3965137697345915e-21,55.43484495957898,1.1976180419853278e-21
3195,54.27369494141808,9.643358861488247e-23,54.88455478263434,1.2072258116855994e-21
3196,59.173888632236896,1.5713318891749632e-24,55.134605653079596,1.2065770790164111e-21
3197,59.1404679873116,8.843430794841061e-25,55.35163877794061,1.206218208863487e-21
3198,59.641721652597774,4.754858458489078e-25,56.22984911545909,9.389338371286665e-22
3199,14.50823222249061,3.130869741682348e-05,52.645985148229144,3.1308697416823483e-06
3200,62.99989243094899,1.3400843147564067e-26,52.933385177689004,3.1308697416823483e-06
3201,59.62592294061045,7.076717394517951e-25,53.49964145170266,3.1308697416823483e-06
3202,57.73417500649351,3.845907486087129e-24,53.53125472764791,3.1308697416823483e-06
3203,54.01915715984826,1.8502211987966395e-22,53.333736806328304,3.1308697416823483e-06
3204,54.840891896180445,9.9748902815195e-23,53.595804487013666,3.1308697416823483e-06
3205,54.07442885714276,2.0015033692373003e-22,53.57587787858613,3.1308697416823483e-06
3206,57.963532647410226,3.0029083876307064e-24,53.454842280103456,3.1308697416823483e-06
3207,57.02982860224124,1.1234710380020339e-23,53.24377834159643,3.1308697416823483e-06
3208,52.69836324358661,7.019166401802824e-22,52.54944250069531,3.1308697416823483e-06
3209,58.168768610619814,3.1827154372710907e-24,56.91549613950824,1.20882531407248e-22
3210,57.78200251021647,4.3784096530429155e-24,56.393707147434974,1.213190322882375e-22
3211,39.330075707383,3.5821513435546196e-16,54.36412242411224,3.582163468381131e-17
3212,54.62883664454073,1.010768156657038e-22,54.053588587916956,3.582164440690213e-17
3213,61.379948832800714,1.0519134916348777e-25,54.7896677552122,3.582162591520928e-17
3214,49.95948327239505,1.111096601821648e-20,54.30152689283366,3.582272703692082e-17
3215,56.833445598170854,1.4550436150040886e-23,54.577428566936476,3.5822708476930745e-17
3216,59.8998362833775,4.522987985987959e-25,54.771058930533194,3.582270822186978e-17
3217,51.3336011080657,2.4767938837748675e-21,54.20143618111565,3.5822954777787115e-17
3218,57.06235842189726,7.236898444238482e-24,54.63783569894671,3.582288530981295e-17
3219,55.301983349912724,6.515897373072434e-23,54.351157172876,3.5822891507438784e-17
3220,46.737800856075516,2.7663743484796216e-19,53.2467370074619,3.5850554813082605e-17
3221,60.325533140044904,3.116430406529653e-25,55.34628275072809,2.9041408700713266e-20
3222,57.168282616281324,8.875219771293108e-24,55.60022734790216,2.9032188541123826e-20
3223,56.031644344208516,1.7516639054563998e-23,55.06539689904294,2.903392968589436e-20
3224,53.39111982706676,3.693803542935608e-22,55.40856055451011,2.795977111950207e-20
3225,53.700940240522954,1.9151223306116091e-22,55.095310018745316,2.797746729919319e-20
3226,60.49272307104574,2.9173167712597492e-25,55.15459869751214,2.7977451242481036e-20
3227,53.55464672184506,3.438133659570754e-22,55.376703258890075,2.776415319069926e-20
3228,55.625189358068965,3.050595584503623e-23,55.23298635250725,2.776648009643934e-20
3229,52.3912158924665,6.389538488501745e-22,54.94190960676262,2.7823859583951284e-20
3230,61.396420508555934,1.3176188272219738e-25,56.40777157201067,1.6012927534333662e-22
3231,55.46777545136754,3.7609175216928555e-23,55.921995803142934,1.6385902856096417e-22
3232,52.097561326773345,8.34085314123712e-22,55.41492367419213,2.4638003799620604e-22
3233,55.958130259824785,3.411927618578841e-23,55.407572265753764,2.480403017093285e-22
3234,50.51670222417805,4.802480123222487e-21,55.120130505464886,6.913502786022211e-22
3235,54.172056574187586,1.6079296979972009e-22,55.167242138831355,6.882783522760771e-22
3236,56.23807838991084,1.639406412889962e-23,54.741777670717866,6.898885855212543e-22
3237,55.23370706135903,6.510266422729983e-23,54.90968370466926,6.620175153482768e-22
3238,53.674163228783655,2.6289410753665123e-22,54.714581091740726,6.852563305174385e-22
3239,53.9857967769162,7.992131439382252e-23,54.8740391801857,6.293530770718032e-22
3240,59.01241171795138,6.649027530617238e-25,54.63563830112524,6.29406391158837e-22
3241,54.26891333364696,1.0099111736824649e-22,54.51575208935319,6.357445853739688e-22
3242,55.23264818875944,7.163419758137118e-23,54.82926077555179,5.594994737197348e-22
3243,57.99845724870188,3.2610499555967173e-24,55.0332934744395,5.564136510967156e-22
3244,54.45970279497096,1.1855677775372367e-22,55.42759353151879,8.802131654983931e-23
3245,58.179184840099815,2.927367174962397e-24,55.82830635811001,7.223475628736354e-23
3246,60.643309557269,1.3281308338927359e-25,56.26882947484584,7.060863118281251e-23
3247,56.508041145366136,1.6397929365854792e-23,56.39626288324655,6.573815769666799e-23
3248,52.8152383751746,5.366004814460536e-22,56.31037039788564,9.310879508760823e-23
3249,61.1643699736065,1.4395653743879432e-25,57.02822771755467,8.513105930196986e-23
3250,53.54512868551089,2.297253870014552e-22,56.48149941431061,1.0803710772680923e-22
3251,57.739142504705235,4.7770610582766364e-24,56.828522331416444,9.841570209581222e-23
3252,55.04745347101525,4.3879424084100834e-23,56.81000285964203,9.564022474608518e-23
3253,58.723160185123945,1.4860986771142045e-24,56.88247315328423,9.546272961823695e-23
3254,56.12796122755599,1.9501885619337828e-23,57.049298996542724,8.555724040479834e-23
3255,54.98808742531815,7.333404951325339e-23,56.730189255064566,9.259790863862744e-23
3256,51.74423555465985,1.97409869518859e-21,55.84028185480365,2.899944968491475e-22
3257,56.5615846417797,7.960672467780023e-24,55.84563620444501,2.8915077115934006e-22
3258,54.95855731383019,5.0500389065002614e-23,56.05996809831057,2.4054076192123496e-22
3259,57.1662519426957,7.063568116312629e-24,55.66015629521949,2.412327230791223e-22
3260,53.79808352683532,1.4664576728367264e-22,55.68545177935192,2.329247611073441e-22
3261,57.731070285055665,4.4452332543267e-24,55.68464455738698,2.328915783269491e-22
3262,58.87626662330824,1.4453458539822007e-24,56.06752587261627,2.2864817050393717e-22
3263,57.9417172086357,5.026524103024912e-24,55.98938157496745,2.290022130465283e-22
3264,54.991839913666574,7.580591439782589e-23,55.8757694435785,2.3463261592437713e-22
3265,58.31451058001388,2.659106660069265e-24,56.208411759048076,2.275651216390587e-22
3266,55.70722413102872,2.901465660444616e-23,56.60471061668496,3.3056717780644305e-23
3267,51.93885240889,1.784911601652651e-21,56.142437393395994,2.1075181069913141e-22
3268,61.09879384715981,1.5444271140033607e-25,56.756461046728965,2.057172160637712e-22
3269,51.86305480107993,1.816771932704528e-21,56.22614133256739,3.866880525225927e-22
3270,58.762978520208144,1.533848873000504e-24,56.72263083190467,3.721768606815255e-22
3271,55.90702645748297,1.8708967308994173e-23,56.5402264491474,3.7360323408699227e-22
3272,56.060261020624964,2.233750663873691e-23,56.25862588887907,3.7569245016546783e-22
3273,56.34481904956144,1.7091766441124877e-23,56.09893607297164,3.7689897439927777e-22
3274,57.465583066965564,4.782347411732365e-24,56.34631038830154,3.697966177006684e-22
3275,59.55563661760821,5.678673559208816e-25,56.47042299206097,3.6958749377025354e-22
3276,57.67487692665398,3.4209538529117235e-24,56.6671882716235,3.670281234951002e-22
3277,60.19053385012488,2.833088971823878e-25,57.49235641574698,1.8856529421955325e-22
3278,58.840882907563106,1.1595490945716054e-24,57.266565321787326,1.8866580485787038e-22
3279,56.05554704664992,1.2156488758817064e-23,57.68581454634432,8.204260463299249e-24
3280,57.65505319159184,3.5394901404998794e-24,57.575022013482695,8.404824590049187e-24
3281,55.42150523554487,4.9727273706319425e-23,57.526469891288876,1.1506655229781712e-23
3282,55.34992705178087,5.427794515828665e-23,57.455436494404466,1.4700699081736686e-23
3283,56.63394601358735,5.5708392680692205e-24,57.48434919080705,1.354860636443112e-23
3284,54.88029576570239,8.177166684057818e-23,57.22582046068074,2.1247538307315704e-23
3285,57.344720003608714,3.5853099898849905e-24,57.00472879928079,2.1549282570712112e-23
3286,57.13213262452388,8.533268744200809e-24,56.95045436906778,2.206051405984102e-23
3287,58.406973804148244,1.889406480030633e-24,56.77209836447012,2.2221123818125845e-23
3288,58.48603519335483,1.974922887783187e-24,56.736613593049285,2.2302661197447003e-23
3289,58.23681283360917,2.539022368351394e-24,56.95474017174522,2.1340914558400434e-23
3290,54.86973165654735,7.551505961111463e-23,56.676208018240764,2.853847150546191e-23
3291,52.86906135456746,4.141476663854285e-22,56.42096363014302,6.498051077337282e-23
3292,65.1670434152313,2.0151412439668447e-27,57.40267526648806,5.955291777166857e-23
3293,55.238345593884254,5.1860954187888374e-23,57.263115224517755,6.418192926365048e-23
3294,56.64376139498232,1.3863862924459175e-23,57.43946178744575,5.739114887203857e-23
3295,57.54419504104467,4.98200436190146e-24,57.459409291189345,5.753081830924022e-23
3296,59.12780778814076,1.0342974368167835e-24,57.65897680755104,5.678092117850183e-23
3297,52.88360145935626,4.5352495356022205e-22,57.10663957307183,1.0194447588652097e-22
3298,56.4839673632001,1.0715115732470109e-23,56.906432790056364,1.0281849517098965e-22
3299,57.696023166763204,3.1897867488420527e-24,56.852353823371764,1.0288357160903872e-22
3300,55.95956446209817,1.8565820039868305e-23,56.96133710392685,9.718864765191406e-23
3301,50.167147528788725,4.796724738645151e-21,56.691145721348974,5.354463548778863e-22
3302,57.78182719279111,2.9828449901873826e-24,55.95262409910496,5.357444378627806e-22
3303,54.08738813878247,1.7597309442636921e-22,55.83752835359478,5.481556518866288e-22
3304,57.62327647591266,4.546802159289227e-24,55.93547986168782,5.4722394581011175e-22
3305,58.07073347752813,2.5580161951470977e-24,55.98813370533617,5.469815469934364e-22
3306,55.55822291494739,3.442310211632641e-23,55.63117521801682,5.503204274613873e-22
3307,62.42884147587928,1.8375899049740852e-26,56.58569921966913,5.049697696952701e-22
3308,54.1607396937102,9.118012067830244e-23,56.353376452720134,5.130162701898533e-22
3309,59.09460006838937,9.367542840931124e-25,56.49323414288275,5.127909669433784e-22
3310,58.798256485771894,1.560864194798614e-24,56.777103345250126,5.110904713588714e-22
3311,56.348269681179325,1.7962672816463057e-23,57.39521556048918,3.321426477600263e-23
3312,53.840909229876125,1.1682266709067128e-22,57.001123764197686,4.459824698605103e-23
3313,59.343291868573935,7.706833005792804e-25,57.52671413717684,2.7078005873472024e-23
3314,49.234496947157254,2.4157962438252077e-20,56.68783618430128,2.442419569482751e-21
3315,48.94904677792927,2.4253086649760294e-20,55.77566751434141,4.867472432839266e-21
3316,59.79474589679073,6.95223713020842e-25,56.19931981252573,4.864099644998935e-21
3317,57.80209629597404,3.862104823832322e-24,55.73664529453522,4.864484017891413e-21
3318,58.82158186291205,1.3165318841786508e-24,56.20272951145539,4.855497659012e-21
3319,53.069494390956294,5.5234280986055715e-22,55.60021894371209,4.9106382645696475e-21
3320,56.55640888379619,9.982943766926339e-24,55.37603418351451,4.91148047252686e-21
3321,61.57426067515556,8.884932995171513e-26,55.89863328291214,4.909693090178208e-21
3322,54.58944589693755,7.039010632238078e-23,55.97348694961829,4.905049834101379e-21
3323,57.91536708111737,2.0320691536640393e-24,55.83069447087263,4.905175972686688e-21
3324,55.79101251103626,2.951737078666037e-23,56.48634602726054,2.4923314659401467e-21
3325,51.65477188127066,1.470188765154332e-21,56.75691853759467,2.140416774795504e-22
3326,53.07325561096093,2.385190013297875e-22,56.0847695090117,2.3782405524122707e-22
3327,49.32684737390382,1.565497226251349e-20,55.23724461680466,1.8029350710101928e-21
3328,56.935481026172425,7.004773220390487e-24,55.04863453313071,1.803503895143814e-21
3329,55.47682495378985,6.0776459237911e-23,55.28936758941406,1.7543472600815494e-21
3330,54.3863364241364,6.786205379786678e-23,55.072360343448075,1.7601351710846434e-21
3331,57.460931891007036,4.7637851388573785e-24,54.66102746503323,1.760602664665534e-21
3332,58.896269870503325,1.1488973806576256e-24,55.091709862389806,1.7536785437713617e-21
3333,55.66878090327873,1.416156931284611e-23,54.867051244605946,1.7548914937872797e-21
3334,53.08149799719899,3.9288437032871236e-22,54.59609979322222,1.791228193741485e-21
3335,60.117016652305246,4.8689657529033935e-25,55.44232427032567,1.6442580068835808e-21
3336,59.32370607206683,7.980427334300493e-25,56.06736931643627,1.6204859110239454e-21
3337,62.25462476239258,3.259071291653476e-26,57.36014705528514,5.499194384388787e-23
3338,57.77926237918061,3.058342205821803e-24,57.44452519058596,5.4597300742431e-23
3339,57.93853709872073,2.6295455104420277e-24,57.69069640507905,4.8782609369684095e-23
3340,51.98295941871452,1.245145911991071e-21,57.45035870453686,1.6651099518900452e-22
3341,20.601183023281173,2.189956322852292e-08,53.764383817764255,2.1899563228524578e-09
3342,51.92701625318045,1.1058509259708204e-21,53.067458456031986,2.1899563228525682e-09
3343,56.256475445338964,1.0238544689384976e-23,53.126227910238015,2.189956322852568e-09
3344,58.65314255487798,1.4963111836146785e-24,53.68339236600591,2.1899563228525285e-09
3345,56.88773594202297,7.329113500445013e-24,53.36046429497768,2.189956322852529e-09
3346,54.758850249584874,8.428255804489185e-23,52.90397871272948,2.1899563228525376e-09
3347,56.81309367956337,1.0479245928322549e-23,52.35982560444656,2.189956322852539e-09
3348,51.846404231809075,9.412297012743069e-22,51.766539789709405,2.1899563228526323e-09
3349,57.96662873897621,3.9872990312412595e-24,51.76934895373496,2.1899563228526323e-09
3350,58.13848371580085,2.0458129714848723e-24,52.38490138344359,2.1899563228525087e-09
3351,55.01739978562406,6.406578613937523e-23,55.82652305967788,2.231005298733888e-22
3352,61.491324287903474,9.374494639833311e-26,56.78295386315018,1.1252481177094655e-22
3353,58.44175497614198,2.0350653652265165e-24,57.00148181623049,1.1170446383853073e-22
3354,54.203256808638486,1.181080887807498e-22,56.55649324160653,1.2336564159824424e-22
3355,46.27376467580814,3.3102014753572055e-19,55.49509611498505,3.3224647483820254e-20
3356,55.33438923777221,4.473103220569426e-23,55.55265001380379,3.3220692331236336e-20
3357,56.57858427464828,8.644954145827669e-24,55.52919907331227,3.3220508902058085e-20
3358,58.65122828406766,1.5826913134662408e-24,56.209681478538144,3.3126544201062e-20
3359,61.35729539077906,1.2400473658728761e-25,56.54874814371842,3.312615787163254e-20
3360,58.05204049332126,1.8762998814335696e-24,56.54010382147045,3.312614092032353e-20
3361,51.892688087181696,1.2999923520580887e-21,56.22763265162623,3.32497335769154e-20
3362,66.87307111715795,3.213922384298027e-28,56.76580733455167,3.324972423455999e-20
3363,51.50747466699707,1.6505700869671563e-21,56.072379303637184,3.341457773672018e-20
3364,63.6083107540956,1.364608583146903e-26,57.01288469818288,3.3402768292450684e-20
3365,59.72938810123288,6.268042311125224e-25,58.35844704072535,3.008162193017436e-22
3366,56.88275512874717,1.0654328525114825e-23,58.51328362982285,2.974085489336857e-22
3367,62.46430245518183,4.1598075656549134e-26,59.10185544787621,2.965482133266686e-22
3368,59.411001157771594,9.59927499814247e-25,59.177832735246604,2.9648593694530343e-22
3369,62.185143961617996,3.843006420428015e-26,59.260617592330505,2.9647737947806507e-22
3370,55.7312851389699,1.6203872742599472e-23,59.02854205689537,2.9791013676418166e-22
3371,54.841489384532466,5.0452372877863525e-23,59.323422186630445,1.729561388461592e-22
3372,53.7539721484551,3.338424106786275e-22,58.01151228976016,2.063403477747981e-22
3373,50.01721879249346,1.0177960332836128e-20,57.86248670230981,1.0590793723616952e-21
3374,58.24014948022254,1.795187606958674e-24,57.32567057492249,1.059257526513808e-21
3375,52.00829777224096,8.754946219512591e-22,56.5535615420233,1.1467443082858225e-21
3376,55.70842457621589,1.9185534419253966e-23,56.43612848677018,1.1475974288752366e-21
3377,46.56003171730986,2.4953393657166243e-19,54.845701412982976,2.6100986926233913e-20
3378,53.31619525130313,3.759153390377175e-22,54.236220822336136,2.61384824673877e-20
3379,51.99648716315901,1.2884813699016699e-21,53.217355142490234,2.626732676137145e-20
3380,57.188616177445276,6.455054535013273e-24,53.36308824633777,2.626635187955069e-20
3381,52.184432935395726,1.2180589273203042e-21,53.0973826014241,2.6383112534994938e-20
3382,43.62890421639974,6.895787484119101e-18,52.084875808218555,7.159284767058372e-19
3383,59.641711872220924,7.108567705293396e-25,53.04732511619132,7.1491075175823065e-19
3384,54.91808563396465,1.09918804244905e-22,52.71511873156552,7.149215641198945e-19
3385,55.67095853465955,1.9457148138108485e-23,53.081384807807375,7.148359603725131e-19
3386,50.12143608645245,7.201291083200742e-21,52.52268595883104,7.155541709273912e-19
3387,56.11786708308285,2.5440965355422598e-23,53.47846949540833,6.906033213667606e-19
3388,57.16298925763296,9.481670061007373e-24,53.86314889604131,6.905666779998629e-19
3389,52.54839707879403,8.180224624782668e-22,53.918339887604816,6.905196321091205e-19
3390,50.231588899662256,5.4430003143407664e-21,53.22263715982651,6.910632866351012e-19
3391,53.943294489780655,1.7105194673090327e-22,53.398523315265,6.909585859370422e-19
3392,59.5867031417566,7.065670525747598e-25,54.99430320780069,1.3799081818373225e-21
3393,60.17685249071494,3.4492878883142834e-25,55.0478172696501,1.3798715890391527e-21
3394,58.38427802822953,1.889651411266886e-24,55.394436509076584,1.3690686737557892e-21
3395,63.03936776403623,2.344118126656345e-26,56.13127743201426,1.3671253030601047e-21
3396,54.477519865910985,1.3942019086152471e-22,56.566885809960105,6.609382138261832e-22
3397,56.98320497086952,6.81424188689578e-24,56.65341959873878,6.590755414793305e-22
3398,55.188422717621826,5.344723809147949e-23,56.45596294473766,6.634720982823775e-22
3399,48.11534155993348,8.02244412135097e-20,56.01265739285161,8.604113973385522e-21
3400,57.72273645304862,2.877519968218895e-24,56.761772148190246,8.060101693948267e-21
3401,61.64396062114766,1.0232773252083703e-25,57.53183876132694,8.043006732048428e-21
3402,60.43572125011613,2.6404841007609726e-25,57.6167405721629,8.042962480184179e-21
3403,53.536365461858466,2.240713027487479e-22,56.952691869277245,8.06533511758017e-21
3404,58.76427644742303,8.630991516758985e-25,56.9906917111966,8.065232462354213e-21
3405,59.885360480401275,3.4949558794168874e-25,56.6752909828331,8.065265067794879e-21
3406,60.66458768885881,8.755043569987674e-26,57.293997765127884,8.051331803752296e-21
3407,58.396422153362906,1.3342911329426318e-24,57.435319483377214,8.050783808676899e-21
3408,47.95677488207335,8.743959765765491e-20,56.71215469982237,1.6789398850633243e-20
3409,51.58946671635283,1.6157191397002432e-21,57.05956721546431,8.928526643252299e-21
3410,56.0433968195185,2.159319706287781e-23,56.8916332521113,8.930398210961764e-21
3411,56.7468567790768,6.63710599683831e-24,56.40192286790422,8.931051688788195e-21
3412,53.66638636169034,3.153774465796205e-22,55.724989379061626,8.96256302860515e-21
3413,59.25690361830144,3.4335878347104847e-25,56.29704319470593,8.940190234208622e-21
3414,57.6089938283463,5.192881934993902e-24,56.18151493279826,8.940623212486953e-21
3415,61.64366560597848,1.0132816990252724e-25,56.357345445355975,8.94059839574515e-21
3416,55.33136474137346,4.2199404226461484e-23,55.82402315060743,8.944809581124226e-21
3417,51.1213886868118,3.1304640154336872e-21,55.09651980395233,9.257722553554302e-21
3418,56.23365454596562,1.706214173616983e-23,55.92420777034156,5.154690019624266e-22
3419,56.54619825779675,1.414977536223825e-23,56.41988092448595,3.5531206552862606e-22
3420,55.941499378091535,1.3116820149873334e-23,56.409691180343245,3.5446442783732565e-22
3421,51.288155514261376,1.805508748986293e-21,55.863821053861706,5.34351592136271e-22
3422,55.543814483610966,2.993768484024659e-23,56.051563866053776,5.058076159623337e-22
3423,55.15716651576047,3.512354249161206e-23,55.641590155799676,5.092856343331478e-22
3424,58.04450079778931,2.2978327694940256e-24,55.68514085274397,5.089961294165977e-22
3425,53.67101022195915,1.9335448054108428e-22,54.88787531434205,5.28321444653716e-22
3426,57.488560897217816,3.0958825226607223e-24,55.10359492992647,5.244110924833359e-22
3427,57.354758108399096,5.949321932286929e-24,55.72693187208522,2.1195962313319594e-22
3428,56.955541143814905,4.6760715001666716e-24,55.799120531870145,2.1072101610959557e-22
3429,53.320388495754926,2.8912560817390443e-22,55.47653955566595,2.382185993907622e-22
3430,62.693553323205506,4.1937401724622236e-26,56.15174495017735,2.369111111159474e-22
3431,59.790828096786655,5.539517994876845e-25,57.00201220842988,5.641563139726681e-23
3432,55.45484967160049,5.2337876207962956e-23,56.99311572722884,5.865565053403844e-23
3433,54.12278366431466,9.800485981096486e-23,56.88967744208425,6.494378226597373e-23
3434,59.51395133733435,8.78537957029561e-25,57.03662249603876,6.480185278472729e-23
3435,61.55022969335367,5.102443020366529e-26,57.824544443178205,4.54715071736392e-23
3436,57.191037110751786,1.0276355162794881e-23,57.79479206453161,4.618955443765263e-23
3437,51.77655787716211,1.4990437606165854e-21,57.23697204140791,1.9549899830608249e-22
3438,58.82341212049801,1.0620585803873235e-24,57.42375913907622,1.9513759701410453e-22
3439,53.428728728125506,2.8281591249444315e-22,57.43459316231328,1.945066274461584e-22
3440,50.48066486742079,4.3808604752336856e-21,56.213304316734806,6.325884812293545e-22
3441,56.22488815470593,2.180478242983097e-23,55.85671032252674,6.347135642923888e-22
3442,57.31724723926219,3.851915558675779e-24,56.04295007929291,6.2986496822746e-22
3443,55.76595446040542,3.8115376330128743e-23,56.207267158901985,6.238760198793764e-22
3444,56.30897312809603,2.1209279223120692e-23,55.88676933797815,6.259090940059856e-22
3445,59.56859366213761,6.989808113284595e-25,55.68860573485654,6.25973889644098e-22
3446,60.458027197290825,1.3577556050149522e-25,56.01530474351044,6.249598316838688e-22
3447,54.64899352406908,7.549452909185205e-23,56.30254830820114,4.826049085313954e-22
3448,58.21452564142741,1.770344490553553e-24,56.241659660294076,4.826757371224121e-22
3449,56.69537326533685,5.2987283166804764e-24,56.568324114015205,4.549240187046357e-22
3450,56.39336615809866,1.0323337678551348e-23,57.15959424308299,1.787030494912236e-23
3451,58.182104858151455,2.063521566673403e-24,57.355315913427546,1.58961788628066e-23
3452,56.85370425902614,5.008392266443662e-24,57.30896161540394,1.6011826533583392e-23
3453,56.26803524664309,2.3174656627151594e-23,57.359169694027706,1.4517754563285676e-23
3454,58.102137624407206,2.142044276489905e-24,57.53848614365883,1.2611031068622596e-23
3455,57.591444007970445,3.9804902080257135e-24,57.34077117824212,1.2939182008292321e-23
3456,57.03533698459453,6.726332021922616e-24,56.99850215697249,1.3598237654434432e-23
3457,60.524633534480685,2.2661248867883495e-25,57.58606615801365,6.071445994117111e-24
3458,54.704511270666146,1.0887576961946636e-22,57.23506472093751,1.6781988507008392e-23
3459,62.45492937539085,4.726259236840149e-26,57.81102033194291,1.6256841934577183e-23
3460,54.16209212147788,1.0794294007857381e-22,57.58789292828085,2.601880217457943e-23
3461,54.57275323986916,1.3148462961927767e-22,57.22695776645262,3.8960912979839856e-23
3462,62.877306669508044,3.159151275836079e-26,57.829318007500795,3.846323290447132e-23
3463,55.327561368662856,4.8387193107821605e-23,57.73527061970278,4.098448655253833e-23
3464,57.75027658961271,4.052660830908073e-24,57.70008451622332,4.117554820798015e-23
3465,55.5572101877865,4.2997902548372365e-23,57.49666113420493,4.507728944201481e-23
3466,53.26962315928588,3.7817993879810984e-22,57.12008975167407,8.222265011963352e-23
3467,60.289976344734974,4.236033963912228e-25,57.0966240326995,8.224234921040475e-23
3468,56.818944404617746,6.914143751521686e-24,57.30806734609466,7.204618662361031e-23
3469,59.537933916084874,4.554653597455344e-25,57.01636780016406,7.208700690034802e-23
3470,64.12074122673113,5.784462727896303e-27,58.01223271068939,6.129329133876343e-23
3471,60.33101095918948,2.7521211236911674e-25,58.58805848262142,4.817234958807257e-23
3472,63.40826472836852,1.6970508147128486e-26,58.64115428850747,4.817088748761145e-23
3473,57.47777041934519,4.458818653650125e-24,58.8561751935757,4.3778050042194305e-23
3474,59.419971831433045,9.2894861457535e-25,59.02314471775774,4.346567882056103e-23
3475,64.80542851556548,3.3919129839940695e-27,59.94796655053564,3.916622775702219e-23
3476,61.92171464873045,7.675124012205035e-26,60.8131756994801,1.3559090012234106e-24
3477,54.95235586396688,7.61120894422086e-23,60.279413651403274,8.924757605805148e-24
3478,58.04355547979226,2.6281379781350487e-24,60.401874758920734,8.496157028466485e-24
3479,61.35089917275499,1.1606144633967517e-25,60.58317128458775,8.462216637125899e-24
3480,54.873216843982895,1.1246465980310216e-22,59.65841884631292,1.9708104171163324e-23
3481,56.55978554416228,1.7346818037757184e-23,59.2812963048102,2.141526476370213e-23
3482,56.08830589055465,2.6937663031443704e-23,58.54930042102882,2.4107334016031788e-23
3483,56.021700142293724,2.5210711314846886e-23,58.40369339332367,2.6182523282151463e-23
3484,50.734678486432024,5.196822879417634e-21,57.53516405882357,5.457719163624573e-22
3485,57.12739509884911,6.854519084682892e-24,56.76736071715193,5.464570290796271e-22
3486,58.999867626247976,1.0488621883575912e-24,56.475176014903674,5.465542401744508e-22
3487,58.18804702912537,3.795035137266662e-24,56.79874513141952,5.393225347439564e-22
3488,58.555215367221436,1.3952373024159506e-24,56.849911120162446,5.391992446763847e-22
3489,57.06367564827256,8.233218253361503e-24,56.421188767714206,5.400109603570868e-22
3490,57.77578518659597,3.734288113889572e-24,56.71144560197551,5.291379231881656e-22
3491,53.34917275463062,3.4745938419912214e-22,56.39038432302234,5.621491798043021e-22
3492,55.98170522369159,2.682180148065277e-23,56.37972425633603,5.62137593649223e-22
3493,56.159007922684445,2.664132202351154e-23,56.39345503437511,5.622806547200894e-22
3494,56.23703654458361,1.7584811922143295e-23,56.943690840190264,4.4356847970540385e-23
3495,57.396729820244396,5.31348784720069e-24,56.970624312329804,4.420274484679217e-23
3496,52.60039907261796,1.2714871232021167e-21,56.330677456966804,1.7124657094816807e-22
3497,59.76236799540554,2.6222951901836494e-25,56.48810955359481,1.7089329038634324e-22
3498,59.83531985131482,3.57533643872994e-25,56.61612000200415,1.7078952002048897e-22
3499,55.97183652419923,2.3751311724113113e-23,56.50693608959682,1.7234132936756412e-22
3500,55.71149588658123,3.2453923531793045e-23,56.30050715959535,1.7521329290935442e-22
3501,59.42946014518772,6.596515927055507e-25,56.90853589865105,1.405333196487128e-22
3502,61.19858076213624,1.650338665197922e-25,57.43022345249551,1.378676428872995e-22
3503,47.73925491096147,1.3031271822412063e-19,56.588248151323214,1.3166475333097012e-20
3504,50.1833175818917,9.040334556139311e-21,55.98287625505403,1.406875030751873e-20
3505,55.55656148867284,3.9373919232027296e-23,55.79885942189687,1.4072156350657208e-20
3506,56.97326042022557,6.589120464882351e-24,56.23614555665763,1.3945666550383487e-20
3507,56.08177809503935,1.9310104694702722e-23,55.868086566621024,1.3947571337901054e-20
3508,55.18011367688456,2.1313895566838738e-23,55.40256594917798,1.3949666974093353e-20
3509,55.93158861348561,2.0858712446648112e-23,55.398541158106624,1.3949377714165603e-20
3510,58.21651044651468,2.9877510524523908e-24,55.64904261409997,1.3946431096917673e-20
3511,63.08598269186023,9.009676106863417e-27,56.01469486876722,1.394636603272601e-20
3512,31.29803496387702,1.3135388938125e-12,53.024640288941306,1.3135390332759952e-13
3513,51.50218942187954,2.1352338968540894e-21,53.40093374003311,1.3135389050985109e-13
3514,53.42217657563418,2.3955699560208728e-22,53.72481963940736,1.3135388962977335e-13
3515,54.68284124434541,8.825346611285388e-23,53.63744761497462,1.3135388963466128e-13
3516,59.658675699966984,5.008493927655741e-25,53.90598914294876,1.3135388963405248e-13
3517,59.66080844302364,4.151050042939856e-25,54.26389217774719,1.3135388963216298e-13
3518,59.01571862702688,8.185958323932739e-25,54.64745267276142,1.3135388963011346e-13
3519,54.59928534702617,5.669776856799418e-23,54.51422234611548,1.3135388963369733e-13
3520,60.5082396610566,2.5783512476676006e-25,54.74339526756967,1.3135388963342437e-13
3521,58.94347977543623,1.2308754623116712e-24,54.329144975927264,1.3135388963354655e-13
3522,61.23212060615816,1.3798928285257724e-25,57.322553540155376,2.5231033772364085e-22
3523,51.05762177846252,3.815649550649717e-21,57.27809677581367,4.203519031032036e-22
3524,60.05071219435434,3.3244388486279436e-25,57.94095033768569,3.964294479314811e-22
3525,55.76305392330788,2.605084934066023e-23,58.04897160558194,3.902091862542618e-22
3526,54.767538118821044,9.734517128547852e-23,57.55985784746734,3.998936184435331e-22
3527,52.53344598437697,4.883750170713396e-22,56.84712160160268,4.486896096502377e-22
3528,55.99090343958564,1.8037170579255297e-23,56.54464008285855,4.504114671249239e-22
3529,56.1947093784916,2.699342134643967e-23,56.704182486005095,4.4744103240276835e-22
3530,59.1797727329111,8.875630773791284e-25,56.571335793190556,4.475040051980296e-22
3531,58.344001654625266,2.3636986035681307e-24,56.51138798110945,4.476172875121553e-22
3532,56.68177029236789,1.053614107891326e-23,56.056352949730424,4.4865710269176135e-22
3533,58.14586038975164,1.443109939005799e-24,56.76517681085934,6.723645862069025e-23
3534,56.26705342785412,1.6273090492949573e-23,56.386810934209315,6.883052328149892e-23
3535,58.36043213782577,1.8071034366329724e-24,56.6465487556611,6.640614869109619e-23
3536,59.33860447888505,4.768457175801491e-25,57.10365539166751,5.671931613430634e-23
3537,57.57898162539959,6.0719318817961254e-24,57.60820895576977,8.489007615352011e-24
3538,57.169559633412305,8.119988373454913e-24,57.72607457515244,7.497289394771972e-24
3539,59.24196834534973,7.324077596824999e-25,58.03080047183825,4.871188036096255e-24
3540,55.13125811316757,4.602893541634348e-23,57.62594900986388,9.385325269992689e-24
3541,62.72711529903131,1.6357609414693425e-26,58.0642603743045,9.150591170577348e-24
3542,59.73146601149171,6.370341567625588e-25,58.36922994621689,8.160680478362274e-24
3543,55.11888646339973,7.629891239190787e-23,58.066532553581695,1.5646260723652482e-23
3544,55.921708625031116,2.0874825525694406e-23,58.031998073299384,1.6106434226926964e-23
3545,58.765698225853725,1.4283390645573012e-24,58.072524682102184,1.6068557789719403e-23
3546,56.80165609457508,1.0151476312787841e-23,57.81882984367119,1.703602084924017e-23
3547,58.66917632968254,1.4432694734212616e-24,57.927849314099475,1.6573154608402683e-23
3548,51.022766531356694,4.184496016016336e-21,57.31317000389392,4.342107573726909e-22
3549,61.20513078833939,1.7199398185962769e-25,57.509486248192886,4.341547159949085e-22
3550,54.11672532928435,1.1909163202162557e-22,57.40803296980456,4.414609856554367e-22
3551,60.20919889366494,3.782358036280825e-25,57.15624132926793,4.41497173474858e-22
3552,61.77254411394634,6.892992829176322e-26,57.36034913951339,4.41440363052011e-22
3553,53.926219585622675,1.6622013439539617e-22,57.24108245173569,4.504324852523599e-22
3554,54.82467203876239,4.777426153310165e-23,57.13137879310881,4.531224288531006e-22
3555,55.00770563991487,6.664339431961862e-23,56.75557953451492,4.596439343786066e-22
3556,53.34565880104107,3.3327582371362546e-22,56.40997980516153,4.919563691186904e-22
3557,61.64556666456641,7.401730083727231e-26,56.70761883864991,4.918194439014319e-22
3558,55.38834817753566,5.1474209019243933e-23,57.144177003267814,7.851726320172282e-23
3559,62.85063972555102,3.230975911267383e-26,57.30872789698897,7.850329477944813e-23
3560,56.733839375882546,9.961744800764908e-24,57.57043930164879,6.759030605736204e-23
3561,59.887239198994365,5.0968421373788525e-25,57.53824333218173,6.760345089837302e-23
3562,50.275049874899025,8.704192945732774e-21,56.388493908277,9.380158524788212e-22
3563,60.2483972310122,2.532195369276207e-25,57.020711672815956,9.214191609929743e-22
3564,61.400702437755626,9.121362237795953e-26,57.67831471271528,9.166508562019021e-22
3565,62.5980945774035,1.9908473403465632e-26,58.437353606464136,9.099885076172806e-22
3566,56.12776211403762,1.5349556494956974e-23,58.7155639377638,8.781958808954137e-22
3567,54.79937762223095,8.623365603056444e-23,58.030945033530244,8.868118447683863e-22
3568,58.5951749006991,1.5795934515012411e-24,58.3516277058466,8.818223832116123e-22
3569,55.386419036685936,3.9878302631885183e-23,57.60520563696009,8.858069824988894e-22
3570,58.16786128371101,1.1791120131592325e-24,57.74860782774293,8.849287192201289e-22
3571,53.817167243577785,1.8394528945811737e-22,57.14160063220127,9.032722797445669e-22
3572,59.62393448729271,5.62297047386624e-25,58.076489093440635,3.290921487602801e-23
3573,63.97782944705611,6.47393973683337e-27,58.44943231504503,3.288454031630893e-23
3574,54.1177397650424,1.3826714320518981e-22,57.72113604777371,4.670213327459012e-23
3575,54.1283603466529,1.2223587472177786e-22,56.874162624698656,5.892372989942756e-23
3576,55.588529844819426,3.351359920716898e-23,56.82023939777683,6.074013417064876e-23
3577,60.29875753789675,4.033684376489175e-25,57.37017738934342,5.215710541135721e-23
3578,50.25772406248332,5.2800025385195714e-21,56.53643230552184,5.799993999181642e-22
3579,57.783505531956806,5.1933210081906784e-24,56.776140955048916,5.765309017557947e-22
3580,54.55013052023893,8.987372607036941e-23,56.41436787870172,5.854003631615159e-22
3581,57.87136139937783,3.470037564077913e-24,56.81978729428172,5.673528379721119e-22
3582,63.0311611234226,2.2864527987759824e-26,57.16050995789472,5.67298894720172e-22
3583,56.136493746859884,3.052254637107817e-23,56.376376387875084,5.70350501963306e-22
3584,58.30215456299835,1.4979440584490821e-24,56.79481786767068,5.56673582048632e-22
3585,54.334509587816825,1.4589220256185054e-22,56.81543279178707,5.590392148326393e-22
3586,61.66764247175274,9.137165570326412e-26,57.4233440544804,5.556969920774928e-22
3587,54.8045612375389,8.23591224123848e-23,56.873924424444624,5.638925674749663e-22
3588,52.41385473048051,7.753492368440994e-22,57.089537491244336,1.134272373074191e-22
3589,57.868799075607264,3.6105745994086025e-24,57.09806684560939,1.1326896266654088e-22
3590,51.72602929168212,1.582618069887547e-21,56.8156567227537,2.625433970482586e-22
3591,61.07665759034338,1.6528683637386512e-25,57.13618634185026,2.622129219754883e-22
3592,54.259429147561164,1.109472526279166e-22,56.25901314426411,2.7330536078548114e-22
3593,54.20455082522573,9.271710323059986e-23,56.0658188521007,2.795248164714333e-22
3594,53.869609093299644,2.160509750004773e-22,55.62256430513084,3.0098011956563614e-22
3595,58.63474611054148,1.941364800751121e-24,56.0525879574033,2.865850357895262e-22
3596,58.131290278333864,2.0413300943749664e-24,55.69895273806141,2.8678003163339338e-22
3597,49.5751053952316,2.0708168285827812e-20,55.176007153830675,2.3493609479749362e-21
3598,51.16853481767903,2.6305704627693107e-21,55.051475162550524,2.534883070567457e-21
3599,57.62927992153758,3.888563737974332e-24,55.02752324714356,2.5349108694813136e-21
3600,52.867343516856124,6.648085804680969e-22,55.141654669660966,2.4431299205393685e-21
3601,60.526975943451305,7.616910876355446e-26,55.08668650497175,2.443121008766608e-21
3602,59.41087419490815,6.186166532702166e-25,55.60183100970645,2.432088145169143e-21
3603,57.99460493246253,3.27775173730217e-24,55.98083642043014,2.423144210019813e-21
3604,57.402790456181904,8.584524915312683e-24,56.33415455671836,2.402397565011297e-21
3605,59.88876095695379,5.895129224147874e-25,56.45955604135959,2.4022623798234637e-21
3606,55.55082507530951,3.2395957978431096e-23,56.201509521057154,2.405297842611869e-21
3607,59.46664537189264,6.610810140308784e-25,57.19066351872325,3.345471221304907e-22
3608,57.035205433293314,7.65417484983488e-24,57.77733058028468,7.225549333854315e-23
3609,51.576977779026635,2.7841767636570203e-21,57.17210036603359,3.502843133304478e-22
3610,61.003294885061614,4.811239551648942e-26,57.98569550285414,2.838082665231897e-22
3611,64.02814849167453,6.0331690521940495e-27,58.33581275767646,2.8380125292921857e-22
3612,61.624115992010964,6.785580750892013e-26,58.557136937386744,2.8374617684464244e-22
3613,60.14324009426231,2.5039929891013332e-25,58.772000453566726,2.834434416008033e-22
3614,59.25758701297856,1.1147723288454063e-24,58.95748010924639,2.826964663421565e-22
3615,54.32565295536046,9.053789518857822e-23,58.40116930908706,2.9169130456877282e-22
3616,57.34713916729079,4.493321179631681e-24,58.5808007182852,2.889010408888929e-22
3617,48.67983920738964,2.6951034925011125e-20,57.50212010183488,2.983938425288602e-21
3618,60.37813842434108,4.162345873162347e-25,57.83641340093965,2.98321463126235e-21
3619,56.48257303002806,1.2807423609828371e-23,58.32697292603981,2.7060776972576312e-21
3620,59.04085868910581,1.5739958356607513e-24,58.13072930644422,2.7062302856016457e-21
3621,60.41583289245766,3.3204640996342464e-25,57.76949774652253,2.7062628869257368e-21
3622,53.97148781770862,2.266949217805071e-22,57.0042349290923,2.7289255935230366e-21
3623,56.06845108181116,1.4390912611944576e-23,56.596756027847185,2.73033964485434e-21
3624,54.610407856213776,5.904849124990598e-23,56.13203811217071,2.7361330167464456e-21
3625,53.21690252635521,3.011811904278085e-22,56.02116306927017,2.7571973462703688e-21
3626,56.45659302680442,1.210130461780073e-23,55.932108455221545,2.7579581446141863e-21
3627,60.721081314174484,2.292603421996177e-25,57.136232665900025,6.287757814729353e-23
3628,61.48285227799029,8.023411683213565e-26,57.246704051264956,6.284397810024512e-23
3629,58.10880059935815,2.2578021411636988e-24,57.40932680819795,6.178901595337866e-23
3630,59.00856406844026,9.60171198598872e-25,57.4060973461314,6.172763348967247e-23
3631,60.407570327624676,1.9708968562947435e-25,57.4052710896481,6.171413781723908e-23
3632,57.233546366418146,6.099931884748137e-24,57.73147694451906,3.965463882766317e-23
3633,55.74930915854686,2.802905305282174e-23,57.69956275219264,4.101845287175089e-23
3634,53.45752361406307,2.950676920310903e-22,57.58427432797756,6.462037294986932e-23
3635,59.38114435728101,6.991355655586257e-25,58.200698511070144,3.457216746364433e-23
3636,56.63056891468336,6.503285867944845e-24,58.21809609985803,3.4012365588658744e-23
3637,58.65273999017094,1.4298081764787952e-24,58.011261967457685,3.413242037208666e-23
3638,56.61177543796504,1.0734753173506443e-23,57.524154283455154,3.519787227775409e-23
3639,57.63688545044659,6.278019701129648e-24,57.476962768564,3.559989403375069e-23
3640,60.74758782382851,2.549446039332964e-25,57.65086514410283,3.552937137428413e-23
3641,62.4208449951946,3.4551313255228735e-26,57.85219261085981,3.5513117537046707e-23
3642,57.86059780243256,4.1815416021802324e-24,57.91489775446125,3.5321278508789915e-23
3643,58.87380762728613,7.7070046769565535e-25,58.22734760133519,3.25954432502773e-23
3644,54.39834126634788,1.265548212480676e-22,58.32142936656366,1.574415617197504e-23
3645,54.194945280012874,1.941218669018064e-22,57.80280945883685,3.5086429305599814e-23
3646,57.45796463273327,5.038791203957079e-24,57.88554903064185,3.493997983920104e-23
3647,52.09285640757485,1.0558141763721888e-21,57.22956067238223,1.4037841665877204e-22
3648,54.20210708028726,8.573176925489532e-23,56.98859383661445,1.4787811826691096e-22
3649,59.7397103188546,5.714584140239063e-25,57.19887632345526,1.4730746213820036e-22
3650,49.09387690059239,2.7388776390049464e-20,56.03350523113164,2.8861596066827535e-21
3651,58.905803986624925,8.68899805040903e-25,55.682001130274685,2.886243041531932e-21
3652,58.75900009865856,1.4920874973057156e-24,55.771841359897266,2.885974096121444e-21
3653,55.687177712467886,4.0487312831793906e-23,55.45317836841546,2.889945757357854e-21
3654,55.950755760376104,9.780489060187554e-24,55.60841981781827,2.8782683241390658e-21
3655,59.99125022539684,2.9637517165970656e-25,56.18805031235668,2.8588857749660518e-21
3656,58.22349820901043,2.4764985614520382e-24,56.26460366998439,2.8586295457018006e-21
3657,53.04725207516116,4.374902506826047e-22,56.36004323674301,2.7967971531328427e-21
3658,59.728657065875936,3.1488803845890953e-25,56.91269823530189,2.788255465011199e-21
3659,55.491720020511984,4.4908721825425296e-23,56.48789920546763,2.792689191352339e-21
3660,52.93487895292053,6.317114692633333e-22,56.871999410700425,1.1698269927372619e-22
3661,52.128982155211744,1.1158265784693814e-21,56.194317227559125,2.2847846714016027e-22
3662,45.407214025260906,6.5073256482403885e-19,54.859138620219355,6.530158574079431e-20
3663,54.994827361498515,6.376786939573159e-23,54.78990358512241,6.53039137964507e-20
3664,61.85060460021825,7.378551755260938e-26,55.37988846910662,6.530294312609645e-20
3665,55.62656030817631,3.5653654363850045e-23,54.94341947738458,6.530647885401565e-20
3666,53.59253028642936,2.9705472691515736e-22,54.48032268512647,6.533593667685102e-20
3667,61.43162521271104,6.53110395597536e-26,55.318759998881454,6.529219418288672e-20
3668,52.29524642633215,6.47125518612208e-22,54.57541893492707,6.53568752459441e-20
3669,56.00259033610051,1.6810967907744382e-23,54.62650596648592,6.535406547055234e-20
3670,24.084887719897598,1.8087243597398589e-09,51.74150684318364,1.8087243603927679e-10
3671,55.44087739787371,3.640321047460423e-23,52.072696367449836,1.8087243603916884e-10
3672,59.280515539277346,8.946295040961384e-25,53.46002651885148,1.8087243597409568e-10
3673,59.18733636014076,6.9322219935364525e-25,53.879277418715695,1.8087243597408937e-10
3674,58.169274180313785,3.6834336899434196e-24,53.511144376725255,1.808724359740897e-10
3675,55.78902630764473,2.607642996029082e-23,53.527390976672095,1.8087243597408878e-10
3676,57.544434948435956,6.0597343272574374e-24,53.92258144287276,1.8087243597405967e-10
3677,59.1410825469151,1.1584755278927705e-24,53.69352717629316,1.808724359740598e-10
3678,60.01825304243562,3.088827589975493e-25,54.46582783790351,1.808724359739951e-10
3679,53.67037977975892,2.1340656281472882e-22,54.23260678226935,1.8087243597401474e-10
3680,58.546655614537926,1.7958881931876125e-24,57.67878357173339,2.904804694503524e-23
3681,59.636944182466976,7.029472373256275e-25,58.09839025019272,2.5478020621307382e-23
3682,58.565936366577326,1.7813351050090562e-24,58.02693233292272,2.5566691181398676e-23
3683,56.66267977551779,8.898195524802245e-24,57.77446667446041,2.6387188513943535e-23
3684,62.11924619015935,3.4592292981020433e-26,58.16946387544497,2.6022304374247295e-23
3685,49.67042338621554,1.297874774618457e-20,57.557603583302054,1.3212894359966752e-21
3686,54.71193868156978,1.1004312195993573e-22,57.274353956615435,1.331687774759943e-21
3687,58.184744537758085,3.7088582579309775e-24,57.17872015569973,1.3319428130329468e-21
3688,55.9695899038269,2.3696279309854502e-23,56.773853841838864,1.3342815526880326e-21
3689,58.461950247383555,1.0768492041005876e-24,57.25301088860133,1.3130485813269699e-21
3690,53.54067785817028,2.2161291070043406e-22,56.75241311296456,1.3350302835776945e-21
3691,58.07591477386016,2.533082996542701e-24,56.59631017210387,1.3352132971536161e-21
3692,58.6416022195339,1.4194106861527745e-24,56.60387675739953,1.3351771047117305e-21
3693,53.8656932007264,1.8404153222874263e-22,56.32417809992039,1.3526914383821244e-21
3694,62.977205802441134,2.2167157787367558e-26,56.40997406114858,1.3526901958686051e-21
3695,59.15046591571674,1.0844525595763477e-24,57.357978314098695,5.492386650610578e-23
3696,53.22059536125251,4.5092263505705875e-22,57.208843982066966,8.901181781581806e-23
3697,59.93729796425689,4.621592792794691e-25,57.38409932471685,8.868714791795291e-23
3698,60.233500738857096,3.221142755316465e-25,57.81049040821987,8.634973141452063e-23
3699,63.69678618339815,7.857531601825032e-27,58.33397400182132,8.624283224727076e-23
3700,59.837373584511504,5.596370579965802e-25,58.963643574455446,6.413750488302701e-23
3701,54.75713306847198,6.124488557954515e-23,58.63176540391663,7.000868514132724e-23
3702,61.31637640756699,1.124322761084652e-25,58.89924282271993,6.987798730032282e-23
3703,56.23469341003542,1.7265572990436497e-23,59.13614284365084,5.320039137649222e-23
3704,54.673775253754876,8.695011386623023e-23,58.305799788782224,6.189318604733651e-23
3705,60.355423762761504,3.100396668778964e-25,58.426295573486684,6.181574475806664e-23
3706,52.56111110464815,4.407035182378139e-22,58.36034714782626,6.079383307614216e-23
3707,56.58435823155145,1.5034647137221684e-23,58.02505317455571,6.225108186193639e-23
3708,51.0429161905007,1.88746739883471e-21,57.10599471972008,2.509656103178542e-22
3709,54.29772368527644,1.2455138018785061e-22,56.166088469907905,2.6341996258347913e-22
3710,59.351545096207246,6.796989561080951e-25,56.11750562107748,2.6343196877329024e-22
3711,56.83086743622054,7.391010380244142e-24,56.32487905785233,2.5804658125336016e-22
3712,63.2202419682539,1.6664811082666205e-26,56.51526561392102,2.580370045068576e-22
3713,55.35190999628707,5.548416129624625e-23,56.426987272546185,2.6185886333743855e-22
3714,56.36797476365609,2.62671679397473e-23,56.59640722353631,2.5579056874479027e-22
3715,56.148209745132114,1.1415485270648562e-23,56.17568582177337,2.569011133051673e-22
3716,57.59134629734755,7.788691403982046e-24,56.6787093410433,2.136096306217842e-22
3717,53.07115210241731,6.190967881016186e-22,56.32738872812989,2.740158447182238e-22
3718,55.82437337655083,1.571018755627719e-23,56.80553444673491,8.684012359038054e-23
3719,57.67221703892611,3.6000471405616406e-24,57.142983782099876,7.474499028565165e-23
3720,52.44427379679378,1.2285110817116383e-21,56.45225665215853,1.975281285612047e-22
3721,56.415200195564424,1.1697357325071422e-23,56.410689928092914,1.979587632556874e-22
3722,57.024491451156216,9.625775942916236e-24,55.79111487638314,1.9891967436887074e-22
3723,59.88909700777829,6.223742930477445e-25,56.244833577532276,1.9343349566855088e-22
3724,49.71305639331666,1.280400656823218e-20,55.57934174049833,1.4712074356977942e-21
3725,53.82576038752259,1.37607251997786e-22,55.347096804737376,1.483826612370508e-21
3726,53.22017124819728,4.266946891695819e-22,54.90997929982235,1.5257172121470682e-21
3727,61.404803814782476,1.386662017006423e-25,55.74334447105887,1.4638213999570761e-21
3728,55.627986327371566,3.4478692575119575e-23,55.72370576614095,1.4656982504589603e-21
3729,58.72947958138662,1.5636131162656952e-24,55.82943202038699,1.4654946070565308e-21
3730,49.747151261002585,9.8581509670407e-21,55.55971976680787,2.3284585955894368e-21
3731,58.97089854961617,1.711190938013579e-24,55.815289602213056,2.3274599789507313e-21
3732,58.11991826494795,2.4797213560315387e-24,55.92483228359222,2.3267453734920424e-21
3733,53.74183837868517,2.7621559309124814e-22,55.31010642068291,2.3543046953718627e-21
3734,58.18218403531455,3.537026659093414e-24,56.1570191848827,1.074257741214554e-21
3735,63.6074960447787,1.0789782785289933e-26,57.13519275060831,1.060498094993054e-21
3736,59.796159218658204,5.862874378643139e-25,57.792791547654396,1.017887254819882e-21
3737,58.468099668895626,2.2665264665337715e-24,57.499121133065714,1.0181000408463656e-21
3738,59.717110747327105,6.242141255560814e-25,57.90803357506127,1.0147145930014092e-21
3739,62.08093550416987,3.068946332533664e-26,58.2431791673396,1.0145613006361153e-21
3740,60.56407386874228,2.317327654822206e-25,59.32487142811357,2.8769377208593366e-23
3741,55.08468376006633,7.407423998923017e-23,58.93624994915858,3.600568211371503e-23
3742,56.78830312776806,1.3872626012112338e-23,58.803088435440586,3.714497257932311e-23
3743,51.253564827264576,2.1825981139371783e-21,58.554261080298524,2.277832246639161e-22
3744,61.99793024329196,6.647100488943841e-26,58.93583570109628,2.2743616909849572e-22
3745,55.81961544958553,3.4497083227287944e-23,58.15704764157696,2.30884798442946e-22
3746,50.3337375620175,6.814682625980181e-21,57.21080547591289,9.122944322971778e-22
3747,56.63800135195412,9.964495057141619e-24,57.027795644218735,9.130642291562387e-22
3748,60.910951566991145,2.909647133074881e-25,57.14717972618514,9.130309042150138e-22
3749,52.88283763536635,5.997258533223292e-22,56.227369939304786,9.730004206009141e-22
3750,52.52806159671627,8.722543741729203e-22,55.423768712102174,1.0602026847416578e-21
3751,61.1114015511114,1.107398934806126e-25,56.026440491206685,1.052806334732083e-21
3752,54.44215422425675,6.269616907633631e-23,55.79182560085555,1.0576886890385053e-21
3753,58.29722616939254,1.940706100247903e-24,56.49619173506835,8.396229482548123e-22
3754,60.465063686719716,1.7917827317678543e-25,56.342905079411125,8.396342189816408e-22
3755,57.361616532863685,7.37042671022635e-24,56.49710518773894,8.3692155332993475e-22
3756,60.7660776173482,3.1798778453435007e-25,57.540339193272004,1.554850895103701e-22
3757,55.3168864998848,4.4341849525498607e-23,57.40822770806509,1.589228249572058e-22
3758,59.669367678974304,4.967313083060386e-25,57.2840693192634,1.5894340161670564e-22
3759,61.294293281239476,6.651778451071863e-26,58.12521488385071,9.89774680629238e-23
3760,56.0457590187439,2.8018461706779537e-23,58.476984626053465,1.4553876816309723e-23
3761,58.157427971584376,1.5843458979350986e-24,58.181587268100785,1.470123741675517e-23
3762,54.100738914977676,1.6281824056183772e-22,58.14744573717287,2.471344456530531e-23
3763,54.66009770999489,1.0619429912917129e-22,57.783732891233115,3.513880386819765e-23
3764,54.538684653562676,1.2277703790120893e-22,57.191094987917396,4.739858983100087e-23
3765,55.6438066759624,4.3997539796733755e-23,57.01931400222727,5.10613011396516e-23
3766,57.11525786207745,3.9136213139271316e-24,56.6542320267002,5.1420864492590886e-23
3767,54.502996794886336,1.5563777282837574e-23,56.57284305620035,4.854305726832477e-23
3768,57.38564737122614,5.00290236267545e-24,56.34447102542553,4.899367437376172e-23
3769,56.58821862342287,9.968545187982215e-24,55.87386355964387,4.998387711410887e-23
3770,55.02794407809419,6.319118879969751e-23,55.7720820655789,5.350114982340066e-23
3771,55.32008914792205,4.6626968020130205e-23,55.488348183212665,5.800541203562016e-23
3772,57.80054649575895,2.8332026806648737e-24,55.85832894129079,4.2006908247502894e-23
3773,53.271923948340735,2.8668423767285e-22,55.71951156512538,6.005590210187077e-23
3774,57.136678301894655,6.482530917940586e-24,55.97931092995857,4.842645140354392e-23
3775,58.54206606460154,1.4562809129848859e-24,56.269136868822486,4.417232551516904e-23
3776,54.87562727781143,1.0238167846703349e-22,56.045173810395895,5.401913123047968e-23
3777,52.34298962171847,1.0148365419184804e-21,55.8291730930791,1.5394640769404395e-22
3778,55.54217058093398,3.025634730834309e-23,55.64482541404989,1.5647175218861073e-22
3779,53.76213892753724,2.0613925793821362e-22,55.36221744446133,1.7608882346363386e-22
3780,56.55792593531393,7.583546336888087e-24,55.5152156301833,1.7052805921735294e-22
3781,59.948762506329366,2.649298434556753e-25,55.97808296602403,1.6589185539968548e-22
3782,56.62271788308824,1.253995935169272e-23,55.86030010475696,1.6686253106678824e-22
3783,53.658913698058875,1.7600589238978938e-22,55.89899907972877,1.5579469653848218e-22
3784,60.56216905025678,1.7554990946306243e-25,56.24154815456499,1.5516399843763443e-22
3785,56.22644954486016,1.7937663518019616e-23,56.00998650259085,1.5681213669813792e-22
3786,57.250337124942774,5.071538932224743e-24,56.24745748730398,1.4708112274465704e-22
3787,54.141666832927264,1.8176257892669013e-22,56.42732520842486,6.377372644547801e-23
3788,59.28646393288259,1.1264417990713323e-24,56.80175454361972,6.086073589455084e-23
3789,59.003929677344296,6.629900615264912e-25,57.32593361860042,4.031310910688212e-23
3790,60.02563394946246,1.9621210646649355e-25,57.67270442001528,3.9574375683839965e-23
3791,55.30990237312493,4.922667426588384e-23,57.20881840669483,4.447055012608278e-23
3792,55.99916909426462,1.983328671640261e-23,57.14646352781248,4.519988286255376e-23
3793,58.74587834093046,2.19432407313187e-24,57.65515999209963,2.781872603088802e-23
3794,58.02396883418768,3.758738183194722e-24,57.401339970492735,2.817704485826119e-23
3795,62.20601414164255,3.6908056406955933e-26,57.999296430170965,2.6386969312099914e-23
3796,57.901413688064856,3.710123120726767e-24,58.06440408648317,2.625082773095012e-23
3797,55.086738355633216,6.476095094447854e-23,58.15891123875376,1.4550664932728962e-23
3798,54.12249672032792,1.0137232656389337e-22,57.6425145174983,2.4575253409211163e-23
3799,53.845677400979156,2.5701292681105587e-22,57.126689289861794,5.021024708416411e-23
3800,48.00463051432943,3.4672877182528004e-20,55.92458894634848,3.517478344126318e-21
3801,50.9899852174392,4.280584892886338e-21,55.492597230779914,3.940614165988363e-21
3802,57.4816012277192,6.45960531983459e-24,55.64084044412537,3.939276797848707e-21
3803,57.45925699570173,7.26207324624119e-24,55.5121783096025,3.939783572766018e-21
3804,60.92205016871075,1.5846999646743344e-25,55.801986443054794,3.939423545947345e-21
3805,57.48941254415474,4.513246721463666e-24,55.33032628330602,3.939871179813851e-21
3806,56.69748332132938,1.5840183638425235e-23,55.20993324663247,3.94108418586562e-21
3807,55.35568851181288,3.155891062901978e-23,55.236828262250434,3.937763981834075e-21
3808,56.636979330310226,1.2040186795740928e-23,55.48827652324867,3.928830767857259e-21
3809,50.34118639511598,5.6559773364193985e-21,55.13782742266235,4.468727208818093e-21
3810,57.320280613744885,6.446134027170136e-24,56.0693924326039,1.00208410396801e-21
3811,55.24346721645037,5.750450975828895e-23,56.49474063250502,5.79776065655205e-22
3812,61.291035708095826,6.836990066881399e-26,56.87568408054268,5.7913694211328845e-22
3813,59.4484671106408,5.157286090364667e-25,57.074605092036585,5.7846230764956805e-22
3814,57.47893141849741,5.356325197364205e-24,56.73029321701525,5.789820931696577e-22
3815,58.62337916285507,1.7811438614816026e-24,56.84368987888528,5.787088828836594e-22
3816,55.278361437306806,5.358160938527458e-23,56.70177769048303,5.824830254583444e-22
3817,56.58042686324672,1.0456924175336182e-23,56.824251525626416,5.803728268129761e-22
3818,56.29488910128765,2.6593595957191856e-24,56.79004250272415,5.7943474409297385e-22
3819,56.16333138281071,2.8732841839210595e-23,57.37225700149362,1.671029463495507e-23
3820,51.14472277319919,3.461830504243338e-21,56.75470121743905,3.6224873165657185e-22
3821,57.90341113066505,1.2257352373103796e-24,57.02069560886052,3.56620854204474e-22
3822,55.74509037150849,2.269855060032048e-23,56.46610107520179,3.5888387227443916e-22
3823,60.72441217093604,2.2011624482050247e-25,56.593695581231316,3.588543110380175e-22
3824,59.83799753776651,4.402668720558929e-25,56.82960219315822,3.5836270520548677e-22
3825,51.4913035884107,2.4476211995320406e-21,56.11639463571379,6.029467107725427e-22
3826,49.943416771910734,1.2031457944300884e-20,55.582900169174174,1.8007343442641035e-21
3827,67.15631628734893,3.5975109112762514e-28,56.640489111584394,1.799688687821679e-21
3828,54.1172111442348,1.5816014301118445e-22,56.422721315879116,1.8152387661632257e-21
3829,50.288495297255224,6.501901236675557e-21,55.835237707323564,2.46255560564686e-21
3830,50.794798593202316,5.294198733323499e-21,55.80024528932388,2.6457924285548767e-21
3831,59.30712891722083,9.226144239655948e-25,55.94061706797945,2.645762116473542e-21
3832,61.16852991613698,2.091263400707476e-25,56.4829610224423,2.6435131740475174e-21
3833,56.07172112994839,2.569696512100392e-23,56.017691918343544,2.6460608589351354e-21
3834,56.40520878845751,1.253362906279888e-23,55.67441304341264,2.64727019515421e-21
3835,59.73515653753029,7.439698840948838e-25,56.49879833832459,2.4025824721894154e-21
3836,56.927139077542975,7.232643399525588e-24,57.19717056888783,1.2001599420992791e-21
3837,57.02899326512801,6.824758055305456e-24,56.18443826666574,1.2008423819297005e-21
3838,56.405266772490634,1.8228172962204443e-23,56.41324382949132,1.1868491849248025e-21
3839,55.28194208184368,5.234780307797514e-23,56.91258850795017,5.418938415650444e-22
3840,49.7697471493219,1.2733710756879568e-20,56.810083363562114,1.2858450439206513e-21
3841,60.81061788782552,2.531512488322234e-25,56.96043226062259,1.285778097603138e-21
3842,61.123217049110174,1.7114500846763265e-25,56.9559009739199,1.2857742994699776e-21
3843,55.91913724819559,2.1184276514079066e-23,56.94064258574464,1.285323030609285e-21
3844,48.637794362304795,2.834122342761598e-20,56.163901143129365,4.118192010464603e-21
3845,52.26674423585688,1.1034346113718e-21,55.41705991296202,4.228461074613374e-21
3846,54.54641842325529,1.5083796709911113e-22,55.17898784753324,4.2428216069833324e-21
3847,50.400304119333576,5.0812846756426485e-21,54.5161189329538,4.750267598742068e-21
3848,56.305277726626215,1.6542099539119727e-23,54.506120028367356,4.7500989913997575e-21
3849,53.60743188234706,1.7978183000985794e-22,54.33866900841771,4.762842394092947e-21
3850,57.169492403240106,5.930627879726153e-24,55.07864353380952,3.4900643811929616e-21
3851,61.50273397916192,8.894134545788202e-26,55.14785514294316,3.490047960202626e-21
3852,34.72166263552598,5.157476898322192e-14,52.50769970158474,5.157480388353038e-15
3853,55.919427523473566,3.185358575825987e-23,52.507728729112536,5.157480389419969e-15
3854,57.1627518231214,8.893547135326704e-24,53.36022447519421,5.157477556186981e-15
3855,51.28063645751634,1.5587845840572945e-21,53.26161369736015,5.157477601721978e-15
3856,53.51222402012215,2.5115377038033046e-22,53.15819425704683,5.157477611753558e-15
3857,53.83416655716261,3.209986418954489e-22,53.50158050082973,5.157477135724954e-15
3858,59.74776576860278,4.767936276525274e-25,53.845829305027394,5.157477134118424e-15
3859,53.20109733842099,2.1859714882710105e-22,53.805195850634775,5.157477137999956e-15
3860,62.89969609027395,2.112826858456582e-26,54.378216219338164,5.157477137409006e-15
3861,54.64192719103853,5.490645908735667e-23,53.692135540525825,5.157477142890757e-15
3862,52.771926243865735,4.694908023581843e-22,55.4971619013598,2.9151764613955396e-22
3863,48.78369611091333,2.1104185658003285e-20,54.78358876010378,2.398750853364056e-21
3864,55.2917093875982,5.570214111666579e-23,54.59648451655147,2.4034317127621904e-21
3865,61.437074558951004,1.0498694807770322e-25,55.61212832669493,2.2475637530512687e-21
3866,60.67031104869388,1.331354352464406e-25,56.3279370295521,2.2224616895567604e-21
3867,54.19491407475471,1.3649447092883042e-22,56.364011781311305,2.2040112724600986e-21
3868,54.46986612537496,1.3404988253965631e-22,55.83622181698853,2.2173685813512987e-21
3869,57.669658091040354,4.597949602664842e-24,56.28307789225047,2.1959686614288554e-21
3870,55.41987935101985,3.993510949880652e-23,55.53509621832505,2.1999600595518777e-21
3871,59.1940902703789,1.2858447045508945e-24,55.990312526259096,2.1945979981135965e-21
3872,56.18376646602545,2.6180614383547225e-23,56.33149654847507,2.1502669793161333e-21
3873,59.636641712937696,8.368179211806896e-25,57.4167911086775,3.993209530792269e-23
3874,61.25577432350403,1.8955302592908105e-25,58.013197602268086,3.4380836498849015e-23
3875,55.80699594386016,3.5957570979728546e-23,57.450189740758994,3.7966094902014096e-23
3876,55.181788925654,2.852047881585372e-23,56.90133752845502,4.0804829240074824e-23
3877,55.74947383028765,4.2004852778923065e-23,57.056793504008304,3.135586742508409e-23
3878,55.334799035484544,3.584470947594496e-23,57.143286795019264,2.1535350118712954e-23
3879,60.12762568009304,3.1072363422522697e-25,57.389083553924536,2.1106627521868997e-23
3880,53.28691829501503,4.676755872750929e-22,57.17578744832404,6.388067529949763e-23
3881,54.44299985959148,1.2850603393658501e-22,56.70067840724531,7.660269422270104e-23
3882,56.79253904133474,1.4906467160811048e-23,56.76155566477623,7.547527950042742e-23
3883,60.54146280565376,3.22506582195206e-25,56.852037774047844,7.542384836652888e-23
3884,57.85144935171003,4.292045674443712e-24,56.511605276868444,7.583409763138033e-23
3885,57.124063336092725,9.605535850548713e-24,56.643312016091706,7.319889411846234e-23
3886,55.53616677571223,2.5886458716324805e-23,56.678749801097524,7.293549210850947e-23
3887,56.59915246145986,1.3672069168542047e-23,56.763717664214745,7.010221374747137e-23
3888,56.33637965307757,2.3798018817381868e-23,56.86387572597405,6.889754468161505e-23
3889,60.31688674934536,3.7478008702124186e-25,56.88280183289928,6.890395032689466e-23
3890,53.43920007592503,1.8886490600179265e-22,56.89803001099027,4.102288219956463e-23
3891,53.79522388904952,1.7779152011227398e-22,56.83325241393609,4.595143081713353e-23
3892,57.25252745483886,6.025854054579814e-24,56.8792512552865,4.50633695065104e-23
3893,57.30409410460934,4.012927384969124e-24,56.55551438518205,4.5432411586787793e-23
3894,56.41913556092659,8.354632456566482e-24,56.41228300610371,4.583867026500007e-23
3895,59.874847058396675,5.824003349432432e-25,56.6873613783341,4.493635671343953e-23
3896,58.4016149922255,2.4813062535871775e-24,56.97390619998542,4.259584146716577e-23
3897,58.20261354685193,2.8316907900132747e-24,57.13425230852464,4.1511803629312885e-23
3898,52.29109574447749,1.2001825787924973e-21,56.729723917664636,1.5915025962682443e-22
3899,60.2451500503483,4.554544414128936e-25,56.72255024776492,1.5915832706226358e-22
3900,50.47991646805809,5.086522476154007e-21,56.426621886978225,6.48924084077485e-22
3901,59.84356587412298,7.238149076325273e-25,57.03145608548557,6.312173135570209e-22
3902,59.64947816501738,3.9691538911246035e-25,57.27115115650342,6.306544196904742e-22
3903,62.04761139417324,4.3253554376490727e-26,57.745502885459814,6.302574523074149e-22
3904,54.93002757933975,3.255957408089545e-23,57.59659208730113,6.326779464698477e-22
3905,58.60399527989214,1.5000027880869515e-24,57.469506909450686,6.327697067151622e-22
3906,54.971323994736935,4.436208708415012e-23,57.126477809701825,6.369577847982185e-22
3907,49.864936452178895,1.3300457315978949e-20,56.29271010023452,1.966720347317112e-21
3908,56.457948443085456,1.1318977026723554e-23,56.70939537009532,1.8478339871405347e-21
3909,60.135860910824306,4.225890666145688e-25,56.69846645614291,1.847830700603055e-21
3910,55.03154493515568,6.776768490302505e-23,57.15362930285268,1.3459552214779567e-21
3911,56.26762764368618,2.487582687320632e-23,56.79603547980901,1.3483704226745139e-21
3912,56.13623985657349,2.1550780628771728e-23,56.444711648964606,1.3504858091984797e-21
3913,58.44387897609839,1.4804740148264068e-24,56.08433840715712,1.3506295312445249e-21
3914,55.28423837845185,3.769918102643761e-23,56.119759487068336,1.3511434919390793e-21
3915,59.56262022237077,7.47589654796141e-25,56.215621981316204,1.35106825062575e-21
3916,61.448485829878415,9.517781616249877e-26,56.86333816483034,1.3466415596989512e-21
3917,57.13390481365566,4.8060376066831615e-24,57.59023500097803,1.7076431861724704e-23
3918,55.451324453667105,4.907475367273393e-23,57.48957260203618,2.0852009526325744e-23
3919,50.43603034733023,4.062696584401678e-21,56.51958954568678,4.270794090598321e-22
3920,57.2494655168887,6.858724121709316e-24,56.74138160386009,4.209885129817005e-22
3921,60.865978414753926,1.3447539815850446e-25,57.20121668096685,4.185143778341958e-22
3922,61.35773342344654,1.844906736592536e-25,57.72336603765416,4.163777488386845e-22
3923,50.84692424198013,2.2312217901952897e-21,56.96367056424233,6.393518804567309e-22
3924,56.13569913914102,2.268051539398804e-23,57.048816640311244,6.378500138934859e-22
3925,55.52891599408951,1.5185031420589134e-23,56.645446217483126,6.392937580700653e-22
3926,49.82249150122619,8.563460650102778e-21,55.482846784617905,1.4956303052987268e-21
3927,55.61279998609437,2.445120536592752e-23,55.33073630186177,1.4975948220746513e-21
3928,30.495993972399212,2.187632740258032e-12,52.83520325373498,2.1876327551849055e-13
3929,54.756574087455114,5.388149881570542e-23,53.26725762774747,2.18763275117609e-13
3930,60.909837613045745,9.241868656037147e-26,53.63329483736318,2.187632751169324e-13
3931,56.472365652016364,1.3438122401274723e-23,53.19393356108942,2.1876327511826276e-13
3932,58.4947798875791,7.256704947266211e-25,52.90763820750267,2.1876327511831688e-13
3933,59.73474395519775,3.824250742768028e-25,53.79642017882444,2.1876327489523293e-13
3934,61.02931324227337,8.49370829637191e-26,54.28578158913767,2.1876327489297338e-13
3935,60.87185110793981,1.8894494853123302e-25,54.82007510052271,2.1876327489147378e-13
3936,54.05443041237545,2.0241222752377362e-22,55.24326899163763,2.1876327405536892e-13
3937,59.572425111668906,7.87888130620855e-25,55.63923150419508,2.187632740530026e-13
3938,61.60409920246037,5.810132041489421e-26,58.75004202720119,2.7205223447884823e-23
3939,60.39470871643894,2.62533039285663e-25,59.313855490099584,2.1843326870242853e-23
3940,58.528492857918465,1.756988383611932e-24,59.07572101458685,2.2009783839948008e-23
3941,54.86118736668491,7.680161946977826e-23,58.914603186053704,2.834613354679836e-23
3942,58.002107967375736,3.641450621444926e-24,58.86533599403337,2.863771155947019e-23
3943,54.11628940310749,2.0183225330023996e-22,58.30349053882435,4.8782694382066505e-23
3944,57.72160066242748,4.660439291623272e-24,57.97271928083975,4.924024460293246e-23
3945,56.443669665704896,1.0183592322316894e-23,57.52990113661626,5.023970934031102e-23
3946,54.313180449380724,1.8633020478005374e-22,57.55577614031679,4.863150706593904e-23
3947,55.78654341840424,2.6295469515687162e-23,57.177187970990325,5.1182265204445673e-23
3948,54.34101940841552,1.189434388154722e-22,56.450879991585836,6.307079895395141e-23
3949,64.02453367763118,8.18172475730313e-27,56.813862487705066,6.304536382249856e-23
3950,57.57120117319688,4.701330685355246e-24,56.718133319232905,6.33397980526729e-23
3951,56.385103861428405,1.247175928296414e-23,56.870524968707265,5.690681203399149e-23
3952,55.46656468458356,1.5993109695259637e-23,56.61697064042804,5.814197794137296e-23
3953,62.31697305396023,4.8352849515921446e-26,57.43703900551331,3.7963587896300556e-23
3954,60.85511507487736,2.0720135755194616e-25,57.75039044675831,3.751826410289342e-23
3955,59.5821684726743,8.193999245697623e-25,58.06424032745524,3.658184486311871e-23
3956,56.68484110789569,1.5446004979155002e-23,58.30140639330673,1.9493424883028832e-23
3957,53.156906017711464,3.167695170152822e-22,58.03844265323746,4.8540829632988337e-23
3958,54.33892995200201,7.848301459444425e-23,58.0382337075961,4.449478721088555e-23
3959,58.01786277341843,2.8999729759953877e-24,57.43756661717483,4.478396633600935e-23
3960,57.59104114504953,4.830305288081979e-24,57.4395506143601,4.4796863796282024e-23
3961,60.93012054416082,1.8083074159542475e-25,57.89405228263333,4.356777094214515e-23
3962,58.86411761655154,1.7575993540574694e-24,58.233807575830134,4.2144219908024934e-23
3963,57.426772335214,6.850864084141062e-24,57.744787503955514,4.282447103148745e-23
3964,60.09549769346445,3.9982346955720385e-25,57.66882576581423,4.284373324268797e-23
3965,59.23465301575026,1.0172538147787152e-24,57.63407422012182,4.2863518631708864e-23
3966,54.95983241919911,4.832734935857432e-23,57.46157335125215,4.6151653069650796e-23
3967,56.56773307425613,8.229434070288892e-24,57.80265605690662,1.529764477515147e-23
3968,56.32827863911889,1.8700660588411262e-23,58.00159092561832,9.319409374548171e-24
3969,54.25827030492408,1.6523261763053165e-22,57.625631678768876,2.5552673840001797e-23
3970,56.76539252046119,1.0122388269418646e-23,57.543066816310045,2.608188213813546e-23
3971,57.437904610458226,7.138964984642873e-24,57.193845222939785,2.6777695562440206e-23
3972,57.11412065439812,1.2015763935556216e-23,57.01884552672444,2.7803512020590084e-23
3973,63.51317525845343,1.2328899717303362e-26,57.62748581904839,2.7119658502147706e-23
3974,59.4013990647027,9.400963570467526e-25,57.5580759561722,2.7173685790896657e-23
3975,63.33878345173539,1.491238133752884e-26,57.96848899977073,2.707345164755255e-23
3976,61.4905922214238,1.2313223638092993e-25,58.621564979993195,2.2253029935333207e-23
3977,60.36659210500902,3.812908388927188e-25,59.00145088306848,2.1468215612193585e-23
3978,54.49814790631144,1.1804619159806179e-22,58.818437809787746,3.1402768713158643e-23
3979,58.45836721950033,7.887777079481194e-25,59.238447501245375,1.4958384720900287e-23
3980,52.63317939636774,5.144459745587965e-22,58.82522618883602,6.539074334983807e-23
3981,54.179139861851425,1.7359421671483991e-22,58.49934971397535,8.203626852285778e-23
3982,56.20377088472091,2.0352429108247928e-23,58.40831473700763,8.286993504012696e-23
3983,51.583392836102504,3.5458080809388016e-21,57.21533649477252,4.374495102440354e-22
3984,57.309541006401474,2.9335720743531345e-24,57.0061506889424,4.37648857815766e-22
3985,60.132331918690404,3.4916979958472477e-25,56.6855055356379,4.376822835575908e-22
3986,50.01086065670844,1.1440448588943583e-20,55.53753237916637,1.5817148292283111e-21
3987,63.52834226334976,1.1324441105561302e-26,55.853707395000434,1.5816778325885323e-21
3988,49.030185978555586,2.3113086098538955e-20,55.30691120222487,3.881181823282622e-21
3989,56.640040402566285,1.36154251413524e-23,55.12507852053145,3.882464488025962e-21
3990,46.50393057613626,1.9905513188898207e-19,54.5121536385083,2.373653307946829e-20
3991,53.42410198423011,2.9800641401807683e-22,54.43664985074618,2.3748974299198615e-20
3992,51.056530435422964,3.607669394192671e-21,53.92192580581637,2.4107705995707052e-20
3993,63.74474511369408,1.3271427109752577e-26,55.13806103357554,2.3753126514755884e-20
3994,59.748144613030746,6.3364362289811e-25,55.38192139423846,2.3752896521910737e-20
3995,58.6793307261971,1.0034140693678486e-24,55.23662127498913,2.3752961946337715e-20
3996,59.96942437852131,4.156673563083192e-25,56.23247764717043,2.260895865417899e-20
3997,54.06449673173939,1.0081147058408451e-22,55.28609309400938,2.2619038668793287e-20
3998,64.18311582861368,6.264052236332721e-27,56.801386079015195,2.0307730685344616e-20
3999,53.68352036320089,1.0633706246213096e-22,56.50573407507865,2.0317002849076694e-20
4000,63.3819629249087,1.953699085058255e-26,58.1935373099559,4.114916138775734e-22
4001,53.839210586034156,2.440806806065386e-22,58.2350481701363,4.0609904053641963e-22
4002,58.399034388264226,2.1706687119141995e-24,58.96929856542043,4.554916798834393e-23
4003,59.95772741427658,5.836176412428693e-25,58.590596795478675,4.560620260975724e-23
4004,55.79166011463592,2.3185603284429115e-23,58.19494834563919,4.786139857591034e-23
4005,60.209337445774025,3.2618031750360523e-25,58.34794901759689,4.779367520072391e-23
4006,56.682278628735205,1.3807411059788294e-23,58.01923444261828,4.9132849571071905e-23
4007,56.66968824688162,1.4953027580746922e-23,58.27975359413249,4.0547005270738153e-23
4008,56.79899980018024,6.426595102693729e-24,57.54134199128915,4.118903837578389e-23
4009,50.34181350880123,5.113455819720157e-21,57.207171305849194,5.419009141015865e-22
4010,59.549775151580135,1.1355409751584738e-24,56.82395252851633,5.420125145000173e-22
4011,59.169652772944765,1.0139983399117354e-24,57.35699674720739,5.177058462733546e-22
4012,55.70296871484497,3.440314516147402e-23,57.087390179865466,5.209290939183106e-22
4013,58.20981108218292,3.6556259147985206e-24,56.9125985466561,5.212362947456662e-22
4014,60.5552034229491,2.1500018329528773e-25,57.38895287748743,5.189392344355527e-22
4015,53.75430832126437,3.235056706402349e-22,56.74344996503646,5.512571834678259e-22
4016,61.28713493860859,1.1608369070866273e-25,57.20393559602379,5.49888050730918e-22
4017,57.26452204344155,9.645034052195661e-24,57.263418975679784,5.493572513780628e-22
4018,56.590951259605596,1.6375707668947344e-23,57.24261412162232,5.503521626346883e-22
4019,58.24514715254249,3.7611041811997995e-24,58.032947485996445,3.9382691080792447e-23
4020,59.059178128581834,1.0626997050383257e-24,57.983887783696616,3.937540695378043e-23
4021,55.83419815665436,2.4917164506420667e-23,57.65034232206758,4.176572357043132e-23
4022,55.90166456097877,2.2975978722333682e-23,57.67021190668096,4.0623006926517287e-23
4023,48.38091883344471,3.663798263926408e-20,56.687322681807146,3.704055708261445e-21
4024,55.16576510541833,6.210966942951747e-23,56.14837885005405,3.710245175186068e-21
4025,58.94090518936588,8.112210769236004e-25,56.66703853686422,3.6779757302297364e-21
4026,60.65897212062265,2.236794582681701e-25,56.60422225506561,3.6779864898064925e-21
4027,61.97686759210781,2.8406302583317984e-26,57.07545680993225,3.677024827031532e-21
4028,60.63555447154506,1.2466624032762636e-25,57.47991713112619,3.67539972288867e-21
4029,53.16346306132012,5.008722715046379e-22,56.971748722003966,3.725110839621014e-21
4030,52.93392197174,5.033887752074748e-22,56.35922310631976,3.7753434471712575e-21
4031,46.85375691574495,1.2896502693463816e-19,55.46117898222883,1.666935442418443e-20
4032,56.061978483550355,2.5996698318952304e-23,55.47721037448599,1.6669656496144093e-20
4033,61.955963060643946,8.047463678646591e-26,56.83471479720591,1.3005866279681363e-20
4034,56.7027534592133,1.2824906528356936e-23,56.98841363258541,1.3000937803391249e-20
4035,54.87420656055203,6.855429392246144e-23,56.58174376970402,1.30077121106758e-20
4036,51.6423720145909,2.5464721161652607e-21,55.68008375910085,1.3262336954346497e-20
4037,58.96070779159878,1.2518313001666242e-24,55.378467779049934,1.3262459296846256e-20
4038,57.66612283944855,5.3778049361184524e-24,55.081524615840294,1.3262984610715836e-20
4039,51.14737782379226,2.535250793504434e-21,54.8799160920875,1.3466422462915815e-20
4040,57.810218945582996,4.277973810994408e-24,55.367545789471805,1.341651138277617e-20
4041,54.79342279259805,4.7157202297914234e-23,56.16151237715712,5.247244095421445e-22
4042,57.006723760346176,7.788534435639327e-24,56.25598690483671,5.229035931538133e-22
4043,57.089753189139664,8.191760999213677e-24,55.769365917686265,5.23714721790056e-22
4044,60.778676497174445,1.5529617012407796e-25,56.176958221482394,5.224477607542327e-22
4045,60.34177439559934,2.9296442097527125e-25,56.72371500498711,5.156216278040841e-22
4046,57.43823347041961,3.393619842082052e-24,57.303301150569986,2.613137781717662e-22
4047,56.287624326963424,2.1016453204747524e-23,57.03599280410644,2.632902403622243e-22
4048,55.23536777757007,5.591019496455171e-23,56.792917297918606,2.6834347936506766e-22
4049,53.11400733507009,4.703015591236016e-22,56.98958024904639,6.18485559269844e-23
4050,61.744029580315015,8.519670833906236e-26,57.38296131251959,6.142927821671886e-23
4051,60.97121467148244,2.0674741094284873e-25,58.00074050040803,5.673423272802171e-23
4052,51.10245862339096,2.602496638956261e-21,57.4103139867125,3.162050431800839e-22
4053,60.152115897126635,4.242812412345596e-25,57.7165502575112,3.15428295204286e-22
4054,57.95808198452939,3.727014534979023e-24,57.434490806246686,3.157854670407715e-22
4055,57.94529283914554,1.6965711156021736e-24,57.19484265060131,3.1592582771023416e-22
4056,60.97060146714638,1.704710655743081e-25,57.548079450273995,3.156035128325834e-22
4057,59.69693786209671,6.608614331702208e-25,57.88901080378732,3.135679536554257e-22
4058,63.739288985057286,9.743573228137035e-27,58.739402924536044,3.0797790851629332e-22
4059,60.29017657595068,4.0422556899314686e-25,59.457019848624114,2.609881751608325e-22
4060,51.516103766501566,2.051923885765283e-21,58.43422726724276,4.661720440665269e-22
4061,55.01628967480134,5.653828658452079e-23,57.83873476757465,4.718051979838846e-22
4062,61.25014990733393,7.082833331172759e-26,58.85350389596895,2.1156261692158974e-22
4063,55.34394125894656,3.119629818467681e-23,58.37268643215093,2.1463981861593394e-22
4064,56.48840422832223,9.88722041166354e-24,58.22571865653022,2.152558392036024e-22
4065,59.99256915099988,4.907688634051719e-25,58.430446287715654,2.151352589783827e-22
4066,61.295166743873715,9.482455700439605e-26,58.46290281538838,2.151276943275257e-22
4067,55.77188388146755,2.8259681514058564e-23,58.07039741732548,2.178875763356145e-22
4068,55.059151787900745,6.322536386465803e-23,57.20238369760982,2.2420913836475755e-22
4069,53.48528974644336,1.4441826178983995e-22,56.521895014659094,2.3861054198684223e-22
4070,55.164844704538844,2.276661887138341e-23,56.886769108462815,3.569481529745224e-23
4071,64.15023226885435,6.725346362359871e-27,57.800163367868116,3.004165917363639e-23
4072,57.45186190888816,7.121977724567734e-24,57.42033456802354,3.074677411276199e-23
4073,61.93219917585357,6.358274360153705e-26,58.07916035971424,2.763350256865447e-23
4074,51.64218526148023,1.369796842532643e-21,57.59453846303004,1.636244647807524e-22
4075,65.57064575140585,1.562619935508698e-27,58.15234612307064,1.6357554415640544e-22
4076,59.49088831113983,7.733780880502749e-25,57.97191827979725,1.6364339950951004e-22
4077,56.51213523172454,2.200163667616635e-23,58.04594341482294,1.630175950257208e-22
4078,58.853974147724095,1.179479725514635e-24,58.42542565080529,1.5681300661180647e-22
4079,62.040212655836754,6.139784878413953e-26,59.28091794174462,1.4237732021770088e-22
4080,51.54379023840605,1.5961409417250907e-21,58.91881249513134,2.9971475250307163e-22
4081,55.65741628700032,2.612985816712038e-23,58.069530896945935,3.0232706578514743e-22
4082,53.446617556462925,1.151830112949253e-22,57.66900646170342,3.1313316914218316e-22
4083,64.06747958780332,7.995599532417541e-27,57.88253450289839,3.1312761042777624e-22
4084,58.378921259532234,1.8662140837409572e-24,58.55620810270359,1.7633454758288605e-22
4085,56.1316793643553,1.663946369695876e-23,57.61231146399852,1.7799833769058838e-22
4086,55.58848284181802,1.7813130716480368e-23,57.222070917066354,1.797023129534314e-22
4087,52.554169272755686,7.176519888901481e-22,56.826274321169464,2.4926734817482956e-22
4088,54.47698104437544,6.674328985713136e-23,56.38857501083461,2.558237291879912e-22
4089,53.53999545111476,2.560595788168955e-22,55.5385532903624,2.814235472848024e-22
4090,58.86767105877389,2.1938159809325573e-24,56.27094137239918,1.2202883471038659e-22
4091,49.29660184085013,1.757710259589717e-20,55.63485992778417,1.8771261084833915e-21
4092,56.926077144645795,6.895313484097215e-24,55.982805886602456,1.8662973387023086e-21
4093,56.63152766683769,1.2047436326519096e-23,55.23921069450589,1.8675012827750074e-21
4094,51.49564707285784,1.5479186477993782e-21,54.55088327583845,2.022106526146571e-21
4095,59.22840271692954,8.433151090668934e-25,54.860555611095876,2.020526911287782e-21
4096,56.28741627833654,1.5418652907768187e-23,54.930448954747725,2.0202874635069105e-21
4097,54.8904991759013,5.270968196029502e-23,55.164081945062286,1.9537932328139253e-21
4098,63.63654152300367,9.148247598088211e-27,56.08003799292512,1.947119818652972e-21
4099,64.15431770906318,7.298050386221048e-27,57.14147021871996,1.921514590576321e-21
4100,58.13200263944482,2.6436439278406102e-24,57.06790337678706,1.9215595733710118e-21
4101,63.61917017379409,1.096139816963372e-26,58.50016021008146,1.6385040992111188e-22
4102,57.8927344179227,2.9248636309629378e-24,58.59682593740914,1.6345336493579845e-22
4103,61.42916824077176,9.302512718122527e-26,59.076589994802546,1.6225792381586468e-22
4104,59.65334072745293,6.67054743272526e-25,59.89235936026205,7.532764510254134e-24
4105,50.61885875489729,3.818955588845055e-21,59.03140496405882,3.8934399188385292e-22
4106,50.15655199694373,7.055232370177839e-21,58.418318535919546,1.09332536361086e-21
4107,61.449844616431484,1.0472821624480285e-25,59.074253079972564,1.088064868236455e-21
4108,56.39772115306745,1.4024336898809407e-23,58.35037104297894,1.0894663871015762e-21
4109,55.25286939757523,5.1921780445792643e-23,57.46022621183014,1.0946578353411169e-21
4110,56.20554526479435,2.2262127011638202e-23,57.267580474365104,1.0966196836494965e-21
4111,56.5968468735251,1.3576465866664382e-23,56.5653481443382,1.0979762340963461e-21
4112,58.841779203364844,7.7227392893736755e-25,56.660252622882425,1.0977609751261434e-21
4113,55.082373757517225,6.282407486883593e-23,56.02557317455696,1.104034080100309e-21
4114,59.0510271872924,1.3019010865635202e-24,55.965341820540914,1.1040975647346382e-21
4115,59.64772861477961,7.177379799172108e-25,56.868228806529146,7.222737796481243e-22
4116,59.918637101595884,3.610744027201957e-25,57.84443731699436,1.6786650070612364e-23
4117,54.26106995705042,1.5871254968065143e-22,57.125559851056245,3.264743221705303e-23
4118,62.07219093986069,7.268344916162127e-26,57.693006829735566,3.1252266872088245e-23
4119,60.85607154739315,1.1356399320478988e-25,58.253327044717366,2.6071445226829463e-23
4120,58.82380680876865,1.0105856721670237e-24,58.5151531991148,2.3946291092882343e-23
4121,57.22391177887334,8.422042403114082e-24,58.57785968964962,2.3430848746527315e-23
4122,57.752939313717114,3.699051151572447e-24,58.46897570068484,2.3723526468790825e-23
4123,55.55612312443056,3.342261633413314e-23,58.516350637376185,2.0783380615320546e-23
4124,60.84981373702013,2.1316180670128525e-25,58.696229292348946,2.0674506687334323e-23
4125,52.79779236708184,4.5711668919117755e-22,58.01123566757917,6.631440180846036e-23
4126,57.31086459782635,3.700894900777403e-24,57.75045841720222,6.664838385826608e-23
4127,57.11855004010728,8.406118000093268e-24,58.036206425507906,5.1617740690210274e-23
4128,57.495968708363954,1.3201653553261808e-24,57.57858420235824,5.174248888082671e-23
4129,68.48280949926912,1.1119795645764226e-28,58.34125799754584,5.173114360130189e-23
4130,55.33901627777468,4.736769257043455e-23,57.992778944446435,5.636685429112863e-23
4131,56.57660842829296,9.449453554866148e-24,57.9280486093884,5.646959540630384e-23
4132,60.49031412566078,3.3183638782479603e-25,58.201786090582765,5.613287392992907e-23
4133,55.212136832079665,7.113625393731175e-23,58.16738746134767,5.990423769024695e-23
4134,56.99084364087542,8.389283318667986e-24,57.781490451733205,6.072184984144361e-23
4135,47.27602301698434,1.2709726559612416e-19,57.22931351672345,1.2724736740534743e-20
4136,52.35565416848398,1.0650798101003609e-21,56.73379247378922,1.2830874632054701e-20
4137,53.94287789184843,1.0824987134819633e-22,56.41622525896334,1.2840859007389513e-20
4138,56.4695011021772,8.981263582623974e-24,56.313578498344654,1.2841625117212239e-20
4139,61.62104594937639,8.832559377503426e-26,55.62740214335538,1.2841633938651823e-20
4140,57.080287583601205,7.980190715613299e-24,55.80152927393804,1.2837695188466342e-20
4141,51.19642054100192,2.615520166629704e-21,55.263510485208926,1.3098302259773827e-20
4142,59.55374086233405,7.214280684358164e-25,55.16985315887625,1.3098341218941884e-20
4143,47.755304000387596,4.6623410822564525e-20,54.42416987570705,1.7753568675804607e-20
4144,59.22347778485108,6.562564110677673e-25,54.647433290104615,1.7752795373113848e-20
4145,56.96216575613412,1.4216500196056848e-23,55.616047564019595,5.044490463521037e-21
4146,63.95845345196162,1.298519967419118e-26,56.776327492367365,4.937983781030968e-21
4147,59.754194681811526,3.459110545066658e-25,57.35745917136368,4.9271933850015984e-21
4148,58.806347828594284,1.3569266444807854e-24,57.59114384400539,4.926430951307784e-21
4149,56.95515056293597,8.714081179746978e-24,57.124554305361336,4.927293526866382e-21
4150,51.35705262846207,1.8573352908257947e-21,56.55223080984742,5.1122290368774006e-21
4151,54.709333202504205,7.325596321567953e-23,56.90352207599766,4.858002616535998e-21
4152,57.2601627970617,8.500520192286776e-24,56.67416426947042,4.858780525748382e-21
4153,58.64094948059935,1.3723439895975731e-24,57.7627288174916,1.9657667789088917e-22
4154,55.480615710801274,3.687771230302706e-23,57.388442610086614,2.0019882348008516e-22
4155,54.27948762449478,1.770663812464338e-22,57.12017479692268,2.164838115851228e-22
4156,60.961440739284924,2.064006627936192e-25,56.82047352565502,2.1650315313143475e-22
4157,58.17858766776641,2.9642832899039834e-24,56.6629128242505,2.167649903549745e-22
4158,62.942299061139295,2.7613049549419897e-26,57.076507947505,2.166320589954814e-22
4159,54.55368877192219,1.1018382164818904e-22,56.83636176840362,2.2677903304232557e-22
4160,59.479239928779656,4.974928198574437e-25,57.64858049843538,4.109525324173182e-23
4161,55.39347389850978,3.759122139666783e-23,57.71699456803594,3.752877905983065e-23
4162,56.28082174630515,2.0954875243087755e-23,57.619060462960284,3.877421456491075e-23
4163,56.79286060434361,1.1013117603567826e-23,57.4342515753347,3.973829192630778e-23
4164,55.854019186702885,2.701770983268641e-23,57.47159192292486,3.875229167927372e-23
4165,61.19245113955003,1.0108598339067278e-25,58.162888274430394,2.10557621529694e-23
4166,57.342895868694654,7.031388478424684e-24,57.80103378737137,2.1738260934532506e-23
4167,55.44878569057738,4.8288771520066594e-23,57.52805358965247,2.6270709757548773e-23
4168,60.4141652742815,3.337430318604809e-25,57.27524021096667,2.6301322755779873e-23
4169,58.04821391111492,4.2151558756097894e-24,57.624692724885946,1.570445617852195e-23
4170,56.03037137806844,2.5678958181622905e-23,57.279805869814844,1.8222602714698493e-23
4171,57.525792090648885,6.749290743360353e-24,57.49303768902875,1.5138409649367747e-23
4172,60.01335318302965,3.5344378799415105e-25,57.86629083270119,1.3078266503858386e-23
4173,60.89968571007151,2.0611481628282573e-25,58.27697334327398,1.1997566225129886e-23
4174,58.369020031440634,2.775425093832424e-24,58.528473427747755,9.573337751244489e-24
4175,55.13335994238539,7.541423499902475e-23,57.92256430803129,1.7104652652807893e-23
4176,59.00156737281745,1.5257301582799119e-24,58.08843145844359,1.655408682079342e-23
4177,57.150158758581505,1.0433213209449918e-23,58.25856876524399,1.276853098973175e-23
4178,60.75837515155923,2.474903824818814e-25,58.29298975297176,1.275990572479389e-23
4179,59.382170587559074,7.6214451733470865e-25,58.42638542061618,1.2414604588966382e-23
4180,57.353484609113515,8.465078068039637e-24,58.55869674372069,1.0693216577608056e-23
4181,56.61148714642496,1.3621341519065468e-23,58.46726624929829,1.1380421655178567e-23
4182,52.5375934944475,8.55331825783628e-22,57.71969028044007,9.687825985474195e-23
4183,60.24808244631183,2.5141398608508564e-25,57.6545299540641,9.688278977172218e-23
4184,61.65051954379304,8.434081939451529e-26,57.98267990529935,9.661368134427841e-23
4185,55.85448818720635,3.5878850916204233e-23,58.05479272978145,9.266014293599637e-23
4186,53.68598092486242,2.8608196307327565e-22,57.52323408498594,1.2111576622749593e-22
4187,52.10973936650009,1.0189728139076017e-21,57.0191921457778,2.219697262973111e-22
4188,59.75700998704584,3.1114045354458984e-25,56.919055629326465,2.219760913044173e-22
4189,61.733241662860365,6.939171466833608e-26,57.154162736856584,2.219068160241507e-22
4190,55.40311643941401,2.1387184101049126e-23,56.95912591988664,2.2319902662745165e-22
4191,52.53166996422445,1.8701980347386468e-22,56.55114420166658,2.405388728229316e-22
4192,58.11556559312707,1.9277276773053707e-24,57.108941411534545,1.5519846301229935e-22
4193,60.50841164918448,2.023210395817774e-25,57.13497433182181,1.5519355371764902e-22
4194,57.42299175069935,4.7219563496326174e-24,56.712221552512446,1.5565731527067282e-22
4195,56.804652764694794,7.680421297241683e-24,56.80723801026129,1.5283747230877654e-22
4196,58.72446831492438,8.808607578072998e-25,57.31108674926749,1.2431736207722973e-22
4197,58.69521217645711,1.9505202943492114e-24,57.96963403026318,2.2615132715904472e-23
4198,56.12583639372731,2.3718142156540858e-23,57.60651667093134,2.4955832886204096e-23
4199,56.341593442905,1.0852572273327035e-23,57.0673518489358,2.6034150942069963e-23
4200,59.16933869313717,9.363565256326903e-25,57.443974074308116,2.3989068184528323e-23
4201,55.1782810134582,6.324131685417613e-23,57.708635179231486,1.1611219522559469e-23
4202,53.23685380926268,4.668108120724741e-22,57.22076400084505,5.809952796207634e-23
4203,55.57551156546387,3.074316378786397e-23,56.727473992472994,6.115361223690457e-23
4204,58.31541503594072,2.605111208270777e-24,56.81671632099712,6.094192772276839e-23
4205,56.00642442966402,2.858594772502944e-23,56.736893487494044,6.303248036554716e-23
4206,54.339099148817226,1.0794856364565099e-22,56.298356570883335,7.373925065433153e-23
4207,57.29271707679284,6.5688671233660565e-24,56.158107060916905,7.420108533723322e-23
4208,59.67435280358353,3.377976939245294e-25,56.51295870190252,7.186305089097158e-23
4209,55.750201112590325,3.615399644332194e-23,56.45381946887105,7.439319330797107e-23
4210,58.182841228587606,3.648042849276897e-24,56.3551697224161,7.466436194033548e-23
4211,57.765104730739786,4.430071373072935e-24,56.613852094144264,6.878323739222517e-23
4212,58.89180251155179,1.587720573921362e-24,57.17934696437317,2.2260928242369888e-23
4213,53.689800007876784,3.707917387079854e-22,56.990775808614465,5.626578573438203e-23
4214,53.00741575504706,4.805019202512142e-22,56.4599758805251,1.0405546663867636e-22
4215,62.85171334801204,1.947976794673245e-26,57.1445047723599,1.0119881984296811e-22
4216,60.780584812720114,6.597991213722545e-26,57.788653338750194,9.041056146961673e-23
4217,61.943195270146354,5.689188494178201e-26,58.25370115808554,8.97593639457743e-23
4218,55.173899522730856,5.364241224235755e-23,57.80365583000027,9.508982540061761e-23
4219,54.76531384724034,4.425645377438549e-23,57.70516710346527,9.590007113372397e-23
4220,58.717275091529665,1.6465780953833184e-24,57.75861048975948,9.56999246583346e-23
4221,53.45349617072692,1.7186208650653387e-22,57.32744963375819,1.124431261716807e-22
4222,60.56317947354298,2.988388883910096e-25,57.49458732995731,1.1231423800312766e-22
4223,51.33899492009536,3.623541100103961e-21,57.25950682117917,4.375891741427253e-22
4224,56.42469744590831,2.033758982680899e-23,57.6012349902653,3.9157274110028465e-22
4225,55.33951190173332,2.6681333980115894e-23,56.85001484563743,3.942389265215016e-22
4226,60.0392090090727,1.6158940608993415e-25,56.775877265272676,3.942484874708968e-22
4227,63.15602490085552,7.55081907711181e-27,56.897160228343594,3.942435533643104e-22
4228,57.21196257681423,4.603239285676705e-24,57.10096653375193,3.893396360686422e-22
4229,55.88014811043609,2.6294987605189825e-23,57.2124499600715,3.875434894517228e-22
4230,48.06762738063939,8.121485632020797e-20,56.147485188982465,8.508864463662981e-21
4231,53.13365006240483,2.8994788390781085e-22,56.115500578150275,8.52067304340311e-21
4232,60.67112441169244,1.9269380740486066e-25,56.12629507196522,8.52066242889501e-21
4233,57.20166317141172,7.723300678029047e-24,56.71256189709685,8.15908064895242e-21
4234,56.76873771616988,1.4291622365297693e-23,56.74696592412302,8.158476052206266e-21
4235,59.38976125153567,9.210121553509398e-25,57.15199085910325,8.155900020023789e-21
4236,62.91848325518662,1.6428263841776654e-26,57.43991828371463,8.155885503909564e-21
4237,55.9379129227907,1.807778164370503e-23,56.71810708590816,8.157692526992029e-21
4238,57.33007232349178,6.61312187052665e-24,56.72991806057591,8.157893515250512e-21
4239,57.90040690970275,3.946086213831831e-24,56.931943940502585,8.155658625111377e-21
4240,56.90361645681112,1.247989048741609e-23,57.815542848119755,3.5420982139321475e-23
4241,52.01230516940731,5.841294708482454e-22,57.70340835882,6.483914083336493e-23
4242,58.45440452577893,1.760920933822442e-24,57.48173637022866,6.499596354600669e-23
4243,57.846725184679116,2.2490073921886066e-24,57.54624257155539,6.444853421742265e-23
4244,58.93231729770415,1.063288288891095e-24,57.76260052970881,6.312570080978199e-23
4245,56.12582770684004,1.1180703855130221e-23,57.43620717523925,6.415166997975991e-23
4246,58.396129493040526,2.348590866015959e-24,56.983971799024644,6.438488623997732e-23
4247,57.45946986072158,4.187307052134689e-24,57.13612749281773,6.299583878082029e-23
4248,58.57460828716025,2.187186739432916e-24,57.260581089184576,6.255324526771092e-23
4249,56.81717177468412,5.349368873011526e-24,57.15225757568271,6.26935735336289e-23
4250,55.882275503569694,2.4866378495384203e-23,57.05012348035857,6.39322223344257e-23
4251,54.24755803163421,1.45391354207752e-22,57.27364876658125,2.0058410670376366e-23
4252,56.90539762916204,7.032771642950889e-24,57.11874807691957,2.0585595741289212e-23
4253,57.46580297156078,5.6791458298371026e-24,57.08065585560773,2.0928609585054062e-23
4254,61.271580625791394,1.059762681829425e-25,57.314582188416466,2.0832878382983243e-23
4255,58.06696754731942,2.7184295356825005e-24,57.50869617246441,1.9986650951038475e-23
4256,53.69342542877668,3.5346666255151216e-22,57.03842576603802,5.50984581195881e-23
4257,55.21905717809036,5.678452414654151e-23,56.814384497774896,6.035817982902877e-23
4258,62.397930752824855,3.976729874646772e-26,57.19671674434136,6.014343788496012e-23
4259,52.799809214782144,5.165373763249694e-22,56.79498048835116,1.1126223863015591e-22
4260,55.28587399403352,3.0272871655031046e-23,56.735340337397545,1.118028879461206e-22
4261,62.859666772969426,1.4445843665335626e-26,57.59655121153105,9.726519710971192e-23
4262,56.081021463321946,1.3066429655922925e-23,57.51411359494705,9.786856291100914e-23
4263,54.195737253313,1.6356349580149565e-22,57.18710702312228,1.1365699790817499e-22
4264,59.900629857544004,5.391637671129928e-25,57.05001194629754,1.13700316658068e-22
4265,54.81078725052987,6.938530260243879e-23,56.72439391661858,1.2036700396474362e-22
4266,59.44480212278081,5.378656457913708e-25,57.299531586019,8.507412427417155e-23
4267,60.01518407512102,3.2603001500040056e-25,57.77914427572207,7.942827486101745e-23
4268,53.510598797077456,2.0732268373001586e-22,56.89041108014732,1.0015656650414438e-22
4269,57.578875387552095,4.583311228698029e-24,57.368317697424324,4.896115999451724e-23
4270,58.44215298279844,1.5069318561141036e-24,57.6839455963008,4.6084566014625544e-23
4271,56.158784553241034,1.3963446361412114e-23,57.01385737432797,4.747946606640023e-23
4272,55.159814754504765,7.452267946819506e-23,56.92173670344624,5.362509104762744e-23
4273,56.60465948924739,1.7014949389477254e-23,57.16262892703969,3.89702364064256e-23
4274,61.53720050337941,9.747355614259904e-26,57.32628599162323,3.892606738532856e-23
4275,56.394472932858804,1.5818071016175463e-23,57.48465455985612,3.3569344226702226e-23
4276,52.96904591782282,5.040118791394719e-22,56.83707893936031,8.391674557607027e-23
4277,56.71223517602989,1.0454821020974129e-23,56.50678404945121,8.492962467666765e-23
4278,52.61447303774776,8.065460764123698e-22,56.41717147351824,1.4485196394490305e-22
4279,61.36470548723546,8.168790542230768e-26,56.795754483486576,1.4440180161257547e-22
4280,51.4642437014248,2.963795669181203e-21,56.09796355534921,4.406306753450843e-22
4281,64.77909198503892,4.827457328388083e-27,56.959994298529,4.392348134546759e-22
4282,54.09627710182854,1.3908347715496918e-22,56.85364053326138,4.456908932233534e-22
4283,58.44066281483657,2.033484311300882e-24,57.037240865820294,4.441927467155359e-22
4284,56.15206311364577,1.0096002583152698e-23,56.49872712684694,4.451925996182368e-22
4285,56.89117322734067,1.3364991833646628e-23,56.54839715629512,4.449472916999839e-22
4286,60.79771764666143,1.9981143942947886e-25,57.331264329178985,3.945660849299797e-22
4287,52.69191643355156,7.338637580179541e-22,56.92923245493115,4.669069786296778e-22
4288,55.646806312627895,5.370087166637294e-23,57.23246578241916,3.9162245815507797e-22
4289,52.26581672240537,9.338046644796064e-22,56.32257690593616,4.849947558124964e-22
4290,55.609382066968024,1.7049177445451433e-23,56.73709074249048,1.903201066389212e-22
4291,57.71892317959862,5.8701830041179395e-24,56.031073861946446,1.909066421936002e-22
4292,53.9988888156758,2.0920484990820335e-22,56.02133503333117,1.979187794689236e-22
4293,57.00592835396639,9.377583700353786e-24,55.87786158724415,1.986531894078289e-22
4294,57.71544128770296,4.049132412858245e-24,56.03419940464987,1.9804850239079942e-22
4295,51.56050463641717,2.2822635185824574e-21,55.50113254555752,4.249383550656805e-22
4296,55.990505863791796,2.2056222834239092e-23,55.02041136727056,4.271239962051614e-22
4297,51.992515254271154,9.678534128590701e-22,54.95047124934251,4.505229616892732e-22
4298,59.172183494271,1.2379947978819663e-24,55.303008967506834,4.452766740024239e-22
4299,57.82703001698064,4.387318514133991e-24,55.85913029696435,3.5233493940587674e-22
4300,55.652430818144325,2.3092889609979595e-23,55.863435172081985,3.5293931062232947e-22
4301,59.79236962617002,9.031899883874444e-25,56.070779816739126,3.5244261132075644e-22
4302,50.17299721532372,6.07910208766186e-21,55.688190656703924,9.394323350961222e-22
4303,58.002828188462736,3.293180722980226e-24,55.78788064015356,9.388238947983846e-22
4304,52.46391071168405,1.0087364645374009e-21,55.262727582551655,1.0392926280108389e-21
4305,61.71594030392895,8.547700176326776e-26,56.27827114930284,8.110748238527697e-22
4306,60.59456829338719,2.4976694490600955e-25,56.738677392262375,8.088941782638361e-22
4307,57.27297711902735,7.177028447688272e-24,57.266723578738,7.128265398226982e-22
4308,60.11759443686485,4.839215501600152e-25,57.36126467299738,7.12751132497926e-22
4309,56.08935288007591,2.1980275042308167e-23,57.187496959306905,7.145104281507434e-22
4310,55.956365052860704,3.693023097352289e-23,57.217890382778556,7.158941622870976e-22
4311,58.38653769679543,1.946592645784683e-24,57.0773071898411,7.159985025528376e-22
4312,56.904932584214095,1.1752502016760921e-23,57.750500726730124,1.0926354398832753e-22
4313,56.6073433366064,9.31754555767911e-24,57.61095224154449,1.0986598047179743e-22
4314,58.626167720593756,1.782715896312137e-24,58.22717794243547,9.170605607688547e-24
4315,58.80567547917253,1.7799180743888356e-24,57.93615145995983,9.340049714951103e-24
4316,59.49516853065057,5.029566540111515e-25,57.82621148368615,9.365368685861618e-24
4317,56.897852802723285,9.751571873045751e-24,57.78869905205575,9.622823028397367e-24
4318,58.96539372746864,9.764882721282309e-25,57.673478981116126,9.672079700594186e-24
4319,59.370709472492145,6.252072720711828e-25,58.001614640357765,7.536572923570489e-24
4320,54.60620162337048,1.2563135283853297e-22,57.866598297408736,1.6406685110071498e-23
4321,60.54247565352189,2.6418288924621355e-25,58.08219209308138,1.623844413441765e-23
4322,57.40398422522171,5.7408443210022104e-24,58.132097257182146,1.5637278364841782e-23
4323,55.97098823075561,2.7749258621244394e-23,58.068461746597066,1.748044967119831e-23
4324,52.62349420972971,5.701344514885787e-22,57.46819439551067,7.431562323042496e-23
4325,61.73620689023683,5.708594452686428e-26,57.76124753661709,7.414334001743875e-23
4326,54.243457366828565,2.0457592016129797e-22,57.236076420234895,9.455063636816744e-23
4327,57.45583571043307,4.097662760606145e-24,57.29187471100587,9.398524545692349e-23
4328,56.70599925926937,4.649042266742957e-24,57.06593526418594,9.435250085638495e-23
4329,60.58578326357216,3.0685562125519085e-25,57.18744264329395,9.432066569130334e-23
4330,53.28139107461981,5.242513892148373e-22,57.05496158841887,1.3418266932893378e-22
4331,60.18964294340173,3.098763030947223e-25,57.01967831740685,1.3418723867031865e-22
4332,57.544144683842156,5.277078271392697e-24,57.0336943632689,1.3414086206535769e-22
4333,60.290624979994476,3.121810610997976e-25,57.46565803819279,1.3139715430934323e-22
4334,56.987116254963034,8.7159159167566e-24,57.90202024271612,7.525530075216103e-23
4335,60.86017227533793,1.7954625255658275e-25,57.81441678122623,7.5267546782964e-23
4336,53.941239861029835,2.241075997472248e-22,57.784195030646366,7.722071474155668e-23
4337,61.0777186528576,1.333465333926226e-25,58.146383324888816,7.682428311883533e-23
4338,59.65750307024622,2.662727750253231e-25,58.44153370598649,7.638600616966356e-23
4339,57.38580340787743,5.201739253861381e-24,58.12153572041702,7.687549453292418e-23
4340,46.9249988739885,1.7986172089910956e-19,57.485896500353896,1.8010622445522394e-20
4341,55.102478726200786,6.730460255113875e-23,56.97718007863379,1.80173219181472e-20
4342,58.445797963845905,2.3778678123394732e-24,57.067345406634175,1.8017031997101296e-20
4343,60.64124448447643,3.210390953058263e-25,57.10240735708237,1.8017032882904716e-20
4344,59.803713808812034,4.917606516679278e-25,57.38406711246728,1.8016210467378207e-20
4345,50.94143052899343,2.7667232332364513e-21,56.39219293783282,1.8292864836076595e-20
4346,57.68001544951016,4.416137517362867e-24,56.76607049668085,1.8270895689853613e-20
4347,54.88760262717201,8.968907940777699e-23,56.1470588941123,1.8279851263141046e-20
4348,55.647305006209685,3.043758192124596e-23,55.74603908770863,1.8282868394055672e-20
4349,54.55112098200272,9.692543884622712e-23,55.46257084512117,1.8292040764014907e-20
4350,59.528425046286564,8.112887664123907e-25,56.722913462350974,3.059498029805929e-22
4351,54.8739318516763,5.0018167372356086e-23,56.70005877489852,3.042211594627146e-22
4352,62.35747715057336,3.4128736663091674e-26,57.091226693571265,3.03986785555147e-22
4353,62.05136655651968,4.9783840225658267e-26,57.2322389007756,3.0395966002963894e-22
4354,64.08693363146342,5.9857148676038255e-27,57.66056088304074,3.0391108253595896e-22
4355,55.52120275061908,4.7568294380044636e-23,58.1185381052033,3.199558865031824e-23
4356,62.07025547441395,7.267177624118844e-26,58.55756210769367,3.156124207620607e-23
4357,53.58890989409675,3.1348945588058223e-22,58.42769283438615,5.394127972348658e-23
4358,58.016152219262324,2.335698297382734e-24,58.66457755569142,5.113109136110027e-23
4359,60.66822525168614,2.0270472490770494e-25,59.27628798265975,4.1458817948968334e-23
4360,60.63643437017975,2.599252540926587e-25,59.38708891504907,4.140368159773636e-23
4361,56.388835596644114,1.1890832540686892e-23,59.53857928954585,3.759094811456944e-23
4362,59.9101168138436,2.5153327066966605e-25,59.29384325587288,3.7612688567970097e-23
4363,63.272054663443456,1.5979415280464008e-26,59.41591206656526,3.7609308125475575e-23
4364,57.1840938245471,7.285650983600378e-24,58.72562808587362,3.8337274652348853e-23
4365,56.43354751482206,1.551637570171232e-23,58.81686256229392,3.513208278451562e-23
4366,55.39080111292319,4.649508859465695e-23,58.14891712614485,3.97743244663572e-23
4367,55.427598794015275,2.4211939990672456e-23,58.332786016136694,1.0846572877366222e-23
4368,62.150233009347936,2.4583338965031184e-26,58.74619409514527,1.0615461381524452e-23
4369,60.32957350005281,2.5574484250576187e-25,58.71232891998193,1.0620765393284256e-23
4370,56.82201022384062,1.3651063785299842e-23,58.33088650534802,1.1959879246404976e-23
4371,60.998375257399324,1.6065828942107062e-25,58.79184047142353,1.0786861821278394e-23
4372,63.364799086162684,1.9216081696942274e-26,59.137308698655445,1.0763630102381121e-23
4373,62.1058057879213,2.7327689146690064e-26,59.02068381110323,1.0764764929767743e-23
4374,61.69279689203442,1.0023251866121156e-25,59.471554117851966,1.0046223083273828e-23
4375,52.95256816367514,2.896959253777286e-22,59.123456182737264,3.746417805087546e-23
4376,58.0334768520031,3.83143226588971e-24,59.38772375664526,3.319781241799873e-23
4377,58.89282437272038,9.729121443460597e-25,59.73424631451577,3.0873909633366094e-23
4378,61.308019320046185,1.369527675712666e-25,59.6500249455856,3.0885146576226717e-23
4379,58.89335051614556,9.73174979129639e-25,59.506402647194875,3.09568895898891e-23
4380,59.54607573347747,4.813904987489733e-25,59.778809198158555,2.963992226123402e-23
4381,59.563814655230445,7.631824526376954e-25,59.63535313794167,2.9700174677555677e-23
4382,61.73989948820204,9.718120866810853e-26,59.4728631781456,2.9707971190252793e-23
4383,61.918326218646115,6.281119103321123e-26,59.45411522121809,2.971151954044145e-23
4384,56.170503135192206,2.86263963728896e-23,58.90188584553387,3.256413592586429e-23
4385,63.2907474634913,1.3101892696705662e-26,59.93570377551548,3.595853577361097e-24
4386,51.94653458490635,4.728629403100189e-22,59.327009548805805,5.049900438177402e-23
4387,58.8930814026965,1.295761482071496e-24,59.32703525180341,5.053128931554656e-23
4388,50.94561139168358,4.049488383035487e-21,58.29079445896715,4.5546643234233815e-22
4389,61.800162036806114,5.955787305175707e-26,58.58147561103321,4.553750706317303e-22
4390,58.9385590319389,8.1126872921615665e-25,58.520723940879364,4.554080584547771e-22
4391,56.52097991568926,1.3250311060398175e-23,58.216440466925235,4.5665677131555315e-22
4392,60.63529157281109,5.66141509222937e-26,58.10597967538614,4.5665271460977865e-22
4393,59.435910251113974,2.08346495667518e-25,57.85773807863293,4.566672681402421e-22
4394,59.7487099684911,6.9556842624449215e-25,58.21555876196281,4.538741853455774e-22
4395,57.09573125001076,7.855264884787844e-24,57.59605714061477,4.546584016447865e-22
4396,61.2865037075731,1.3863086564821123e-25,58.530054052881425,4.073859707003494e-22
4397,58.83123770940308,1.024225398843996e-24,58.52386968355209,4.073588170920267e-22
4398,61.46176407073852,3.9526414389136146e-26,59.57548495145759,2.4139314299169574e-24
4399,59.31676339586096,9.488261687144882e-25,59.32714508736308,2.502858259483231e-24
4400,57.93128253046366,3.2160572186690294e-24,59.22641743721556,2.7433371084285182e-24
4401,58.12273087977674,4.157874241897509e-24,59.38659253362431,1.834093426578452e-24
4402,57.47378093217514,6.148574307691437e-24,59.070441469560706,2.4432894422553662e-24
4403,59.237118219467014,9.918530272974835e-25,59.050562266396,2.521640095418363e-24
4404,59.91552893939259,2.7667407469141336e-25,59.06724416348616,2.479750660263055e-24
4405,61.939113114829915,5.27715764985049e-26,59.551582349968065,1.699501329434121e-24
4406,59.61678828395952,5.713926983370601e-25,59.384610807606705,1.742777512703006e-24
4407,58.0117902404687,3.369304907653451e-24,59.30266606071327,1.9772854635839516e-24
4408,56.25682879713264,1.0107482020191877e-23,58.78217253335269,2.9840810241642253e-24
4409,58.170839621921786,4.119419074472273e-24,58.667580155958774,3.3011403147400038e-24
4410,57.84344329356764,5.500328479192177e-24,58.65879623226916,3.5295674407923186e-24
4411,61.46298090400187,7.411645520414091e-26,58.99282123469167,3.1211916621229817e-24
4412,59.548949329736985,7.6413097686681575e-25,59.200338074447856,2.58274732904052e-24
4413,55.91057366987174,2.4888157801550537e-23,58.86768361948833,4.972377806465825e-24
4414,61.45726004117082,6.467545341776492e-26,59.02185672966616,4.95117794433846e-24
4415,57.951520020820794,4.426406161643563e-24,58.62309742026524,5.3885414028529654e-24
4416,58.900306698703744,1.371100142304981e-24,58.55144926173968,5.468512147249758e-24
4417,51.10125968153888,2.8373280278590218e-21,57.86039620584669,2.8886438444238657e-22
4418,58.397345445987284,2.642712680913375e-24,58.07444787073216,2.8811790750845874e-22
4419,58.381647806214005,1.8516140715455672e-24,58.09552868916137,2.8789112700816607e-22
4420,58.56830773809632,1.6578183644860822e-24,58.16801513361425,2.875068759966955e-22
4421,60.336143993117105,2.7322391768935538e-25,58.05533144252577,2.87526786742944e-22
4422,51.432353346880696,2.7226719048546033e-21,57.24367184424015,5.597175641307176e-22
4423,59.1460674344044,1.2459739141804236e-24,57.56722122069341,5.573533457419807e-22
4424,60.267399068179614,2.628288360591802e-25,57.448235123394284,5.573731610802447e-22
4425,63.89353749511008,7.810920826005755e-27,58.04243687082321,5.569313015561631e-22
4426,54.59128490220875,1.0619766430679692e-22,57.61153469117371,5.674139579726122e-22
4427,47.5229396231289,1.2202167974459265e-19,57.25370268533271,1.2485849129645975e-20
4428,60.37935669015749,4.500147276768508e-25,57.45190380974973,1.248562985985065e-20
4429,51.307963377259696,3.1757275408573674e-21,56.744535366854315,1.2803017452529233e-20
4430,60.9179852755551,1.61849276700611e-25,56.97950312060018,1.2802867855620454e-20
4431,54.76385537269963,5.939982233924479e-23,56.42227425855843,1.2808780515462611e-20
4432,60.061814461111375,4.332552166385113e-25,57.285220369981495,1.2536556650498814e-20
4433,61.45625462446232,1.0233851035956225e-25,57.51623908898729,1.2536442286958432e-20
4434,57.693036750568,2.851151311221432e-24,57.25880285722614,1.253670111920595e-20
4435,57.92450795564569,3.599743848715657e-24,56.661899903279696,1.2537060312498738e-20
4436,57.216161058672974,5.550108430229431e-24,56.92438751892611,1.2526995556911081e-20
4437,59.755265185083616,7.771038775686122e-25,58.14762007512159,3.249052928395723e-22
4438,55.675146115922146,2.656643557920462e-23,57.67719901769806,3.27516934924725e-22
4439,55.44221656140971,4.6601429521310385e-23,58.09062433611306,1.4604323791119363e-23
4440,56.919586048220886,1.1195740611861819e-23,57.69078441337964,1.570771292463548e-23
4441,56.219248292876415,1.4178862028245265e-23,57.83632370539732,1.1185616893535531e-23
4442,59.60486809099418,8.438752026973486e-25,57.79062906838559,1.1226678892141412e-23
4443,61.33457076725902,8.39281368745883e-26,57.77846068266526,1.1224837854792917e-23
4444,62.32567068626725,3.756157758677539e-26,58.24172407623519,1.094347888142945e-23
4445,60.01033021776081,4.585426345425229e-25,58.4503063024467,1.0629358760012137e-23
4446,62.98309279487056,2.288163431101334e-26,59.026999476066464,1.0076636080420294e-23
4447,50.850755243318375,3.65032746382084e-21,58.13654848188994,3.750316720747474e-22
4448,58.64917560705414,1.669154640278019e-24,58.43395143100314,3.725419439808548e-22
4449,54.803446837202905,8.368495567584622e-23,58.370074458582465,3.762502965963084e-22
4450,57.88516241671489,5.133627321001101e-24,58.46663209543186,3.7564408526722225e-22
4451,55.617131365317796,4.791360070649497e-23,58.406420402676,3.7901755913504725e-22
4452,61.26007596282942,9.819982997731188e-26,58.57194118985952,3.7894299159777524e-22
4453,58.56794554719513,7.889435550372186e-25,58.29527866785313,3.790134931395915e-22
4454,30.839853077145765,2.2395743323822933e-12,55.14669690694099,2.239574336172391e-13
4455,54.28843021453781,1.126343172812297e-22,54.57450690661868,2.2395743362845664e-13
4456,59.80987968209116,5.463872988081996e-25,54.257185595340744,2.2395743362850897e-13
4457,56.28429298821613,1.7923177349146886e-23,54.80053936983052,2.2395743326526857e-13
4458,44.413578252293284,2.5047138795742132e-18,53.37697963435443,2.2395768373648964e-13
4459,55.171281934273125,4.273985412618795e-23,53.413763144061456,2.2395768373239508e-13
4460,61.31561341232015,8.29548540725942e-26,53.75680824362198,2.2395768373188998e-13
4461,60.29020117474555,1.6515517254284658e-25,54.22411522456474,2.2395768372711514e-13
4462,63.48804377758153,1.1950525721767914e-26,54.446912006039966,2.2395768372710658e-13
4463,55.411867518886076,5.151729187958904e-23,54.13130420320906,2.239576837321794e-13
4464,52.12961679504488,1.0945367063422985e-21,56.260280574998966,2.5060340373690425e-19
4465,61.1084737447409,1.4960119595545566e-25,56.942284928019276,2.5059215526529577e-19
4466,55.85678434162356,2.107803505037708e-23,56.54697539397252,2.505942084300709e-19
4467,61.64035490650314,4.897588008063118e-26,57.08258158580122,2.5059242100992403e-19
4468,58.273326985551364,2.7169160638639e-24,58.468556459127036,1.21304744109069e-22
4469,60.653696618226746,1.5673859630401837e-25,59.0167979275224,1.1704643255608058e-22
4470,59.51142203962664,6.965648864749907e-25,58.836378790253036,1.1710779355932082e-22
4471,58.06436847823536,2.334038420467302e-24,58.61379552060201,1.1732468188411328e-22
4472,61.810511119914544,7.256728160340563e-26,58.44604225483532,1.1733074355970144e-22
4473,64.31179928231938,5.756575098512344e-27,59.33603543117865,1.121795900292524e-22
4474,61.89806637059522,6.565382161864684e-26,60.31288038873369,2.732484777184394e-24
4475,57.48342269826371,4.859262463239262e-24,59.950375284085965,3.2034509039127746e-24
4476,60.86461850469162,1.2822626514293886e-25,60.451158700392774,1.1084700253893606e-24
4477,55.6544209711274,2.8227244723837745e-23,59.8525653068552,3.9262969097650726e-24
4478,54.273023172924624,1.5803276980120128e-22,59.45253492559252,1.945788228349881e-23
4479,59.407139976080344,6.993889656839305e-25,59.32787926137788,1.9512147320436802e-23
4480,57.22938674116632,9.323322267458892e-24,59.09967573153185,2.0374823058535192e-23
4481,59.5342271307819,6.815047625443998e-25,59.24666159678651,2.0209569692742903e-23
4482,58.097255867972336,2.632842425427602e-24,58.87533607159228,2.046559720712532e-23
4483,55.41792229502575,4.8008540125694127e-23,57.98594837286292,2.526587556218488e-23
4484,58.273322649168385,3.4530630905085775e-24,57.623474000720236,2.5604616489073874e-23
4485,51.27007690145487,3.680211454059602e-21,57.00213942103936,3.9313983564871013e-22
4486,55.2196780820938,3.7260033542262205e-23,56.437645378779564,3.9685301637642205e-22
4487,56.336960774881305,1.0971936841553921e-23,56.50589935915497,3.9512748558819374e-22
4488,64.88571897472889,2.2819076592150532e-27,57.56716893933539,3.7932443679883947e-22
4489,58.48533835979787,1.4255643182342155e-24,57.47498877770714,3.7939705433409454e-22
4490,56.05197185930251,2.979369630443411e-23,57.357247289520764,3.81444091737792e-22
4491,55.51091364394668,3.8518264706582346e-23,56.95491594083724,3.852277677321959e-22
4492,55.807439633042556,2.961344791600811e-23,56.72593431734426,3.8792582828125386e-22
4493,58.44528071450384,1.1859344352380342e-24,57.028670159292076,3.832435677122083e-22
4494,63.13012664678882,1.978954061378668e-26,57.51435055905411,3.829002403572189e-22
4495,52.861157054152805,5.1496383337538e-22,57.67345857432391,6.63754782887966e-23
4496,58.82551305253572,8.996794148990966e-25,58.034042071368106,6.273944287606028e-23
4497,57.47311515092083,4.350654747647338e-24,58.14765750897205,6.207731466666964e-23
4498,58.8482419503524,7.749651369392855e-25,57.54390980653441,6.215458298959764e-23
4499,54.724096748408705,8.59645107274251e-23,57.16778564539548,7.060847763051673e-23
4500,55.945047485531795,2.6343059728255663e-23,57.15709320801841,7.026341397289887e-23
4501,62.56053958099954,3.234309760673244e-26,57.86205580172369,6.641482181200133e-23
4502,59.01421237313802,9.28602333491752e-25,58.182733075733246,6.354633725374969e-23
4503,57.20815102144201,4.396082052521396e-24,58.05902010642707,6.386735201547801e-23
4504,54.85247550537451,6.745714611866187e-23,57.23125499228564,7.061108767328282e-23
4505,59.47874643135158,9.685760332482106e-25,57.89301393000552,1.9211561939069642e-23
4506,52.031354292029405,8.348370296822888e-22,57.213598053954875,1.0260529696580862e-22
4507,58.94653772035639,1.8073811521640143e-24,57.36094031089844,1.0235096960626029e-22
4508,46.62810737525684,3.4553224962963473e-19,56.138926853388874,3.465549843605604e-20
4509,63.71304786143771,1.359290666823266e-26,57.03782196469179,3.464690334427396e-20
4510,55.98888158893787,2.87337623886594e-23,57.04220537503238,3.464714241454e-20
4511,59.89150310834489,5.5465769323505e-25,56.77530172776693,3.4647194645999567e-20
4512,56.27238734177684,1.0110137976534476e-23,56.501119224630806,3.464811279956387e-20
4513,56.783054790977275,1.0790599007915439e-23,56.45860960158433,3.464875225125941e-20
4514,62.45209819296461,5.0118329839749406e-26,57.21857187034334,3.4642011548480526e-20
4515,58.23446791918767,3.444255512749554e-24,57.09414401912695,3.4642259116428475e-20
4516,56.43602558428236,1.6917915571893763e-23,57.53461114835225,3.4560467205017436e-20
4517,60.50518889376712,2.173162935940554e-25,57.69047626569331,3.456030819853158e-20
4518,57.768398995062995,2.225523192050398e-24,58.80450542767393,7.305787887314014e-24
4519,47.4584599189275,1.225970561941431e-19,57.179046633422914,1.2267010048010958e-20
4520,57.65710779065916,5.48525450611251e-24,57.34586925359505,1.2264685197222704e-20
4521,57.66335903466988,4.0664500180150865e-24,57.12305484622755,1.2265036376455182e-20
4522,60.55952174813618,2.598350804825097e-25,57.551768286863464,1.2264051346165577e-20
4523,56.2703467035053,9.871333979238277e-24,57.50049747811628,1.2263959419662708e-20
4524,58.44005181807765,1.0283877723072616e-24,57.099292840627584,1.2264057246606956e-20
4525,61.6344459354439,1.2538078616233712e-25,57.439290642253205,1.2263725359134298e-20
4526,57.70722238207793,4.950361464107424e-24,57.56641032203275,1.226252860372352e-20
4527,61.2075679014403,1.0974583813158673e-25,57.636648222800076,1.2262517846677973e-20
4528,55.408515645027,4.08943204959456e-23,57.400659887796486,1.2266384726408362e-20
4529,57.46071668648137,4.252710479066454e-24,58.40088556455187,7.104378041956905e-24
4530,60.806800292340256,1.850539477259611e-25,58.715854814719975,6.574357986118249e-24
4531,56.5623919641098,8.527842608310513e-24,58.60575810766397,7.020497245147792e-24
4532,59.28454976384045,1.2276714029577235e-24,58.47826090923439,7.117280877395314e-24
4533,60.79775761964176,2.660303979361002e-25,58.93100200084804,6.156750519265095e-24
4534,58.890067054755406,1.3559876363185505e-24,58.97600352451582,6.189510505666224e-24
4535,57.75346917724776,2.388718425594893e-24,58.587905848696195,6.41584426960948e-24
4536,56.063321049238375,1.0636694015269485e-23,58.42351571541226,6.984477524725686e-24
4537,59.279020413345684,8.035413611810867e-25,58.2306609666028,7.053857077030635e-24
4538,55.456914146466744,4.6409233301446975e-23,58.235500816746764,7.605348357580774e-24
4539,59.20766455547443,6.90824226251529e-25,58.41019560364607,7.249159732299283e-24
4540,58.19990143382052,3.018112232504647e-24,58.14950571779409,7.532465560777151e-24
4541,58.09413398733851,2.9949115122180032e-24,58.302679920116965,6.979172451167899e-24
4542,57.71757061041676,1.749292173948152e-24,58.14598200477459,7.031334528266941e-24
4543,57.79490692190217,3.314176736907515e-24,57.84569693500064,7.336149162164084e-24
4544,57.73035042778734,4.346857432614372e-24,57.729725272303824,7.635236141793665e-24
4545,59.83888679243093,2.4890704954039204e-25,57.93826703382215,7.421255004188215e-24
4546,41.77132519470851,3.023941927452492e-17,56.50906744836916,3.0239482850380946e-18
4547,56.868067120233235,5.490054731880314e-24,56.26797211905792,3.023948753689432e-18
4548,59.315919454864286,1.0681499349150485e-24,56.65387264989768,3.0239442195810953e-18
4549,59.725858587159735,3.1209648448350456e-25,56.705692053066194,3.0239441817083208e-18
4550,57.62952647115084,4.4306654499148606e-24,56.64865455679923,3.0239443229636427e-18
4551,60.54185579671632,2.818953688577942e-25,56.893426737737016,3.0239440516620287e-18
4552,61.26854523583686,1.208577979823885e-25,57.24852420027902,3.0239438888185906e-18
4553,59.95432389397731,2.2802600433417103e-25,57.464465897486534,3.0239435802035176e-18
4554,59.092124158450105,4.1282729039348714e-25,57.600643270552816,3.023943186800504e-18
4555,59.07906907385239,1.2048164237130476e-24,57.524661498694954,3.0239432823914413e-18
4556,59.090397886750914,9.876241941866572e-25,59.256568767899196,1.4537013680661274e-24
4557,60.237758274841156,3.0996571135572918e-25,59.59353788336,9.356924660136688e-25
4558,56.98867377480164,1.4041134363618682e-23,59.36081331535373,2.2329909088840322e-24
4559,56.16000138272581,2.636825930006224e-23,59.00422759491033,4.838607190441905e-24
4560,58.00623566786433,3.432980154479225e-24,59.04189851458168,4.7388386608983426e-24
4561,58.60297157073419,2.7678482630608805e-24,58.848010091983475,4.98743395031865e-24
4562,56.76659674947173,1.2035325584916404e-23,58.39781524334696,6.178880729012052e-24
4563,61.13409611140794,1.1594020135861668e-25,58.51579246509003,6.1676721487144965e-24
4564,59.37437854549488,7.845644980860845e-25,58.54401790379451,6.2048458694837555e-24
4565,60.125145659164865,3.7323628989785317e-25,58.648625562325755,6.1216878561022376e-24
4566,60.57021575931672,2.063352525731128e-25,58.796607349582324,6.043558961940883e-24
4567,58.38504151288523,1.9571413680223768e-24,58.61133567338673,6.208276527607546e-24
4568,61.91171046990308,5.346641159885143e-26,59.10363934289687,4.8095097324055634e-24
4569,58.82944218538664,1.7020759853968774e-24,59.370583423162955,2.3428914009390284e-24
4570,58.43595005346632,1.7831363654719045e-24,59.41355486172315,2.177907022038296e-24
4571,57.618259029964484,6.084323673840338e-24,59.315083607646194,2.5095545631162417e-24
4572,57.100765471929755,8.96340655895209e-24,59.348500479891996,2.2023626605198105e-24
4573,52.37356778454022,8.55429493304934e-22,58.472447647205215,8.773371797087734e-23
4574,51.60658642642922,1.864386739932505e-21,57.69566843529865,2.7409393551431926e-22
4575,57.591242863930965,4.192811342739099e-24,57.44227815577526,2.7447589301960337e-22
4576,58.447303024059636,2.49123830930373e-24,57.22998688224955,2.7470438332527647e-22
4577,57.44434082140812,3.5838806909537076e-24,57.13591681310184,2.7486705725756954e-22
4578,60.865275643524974,1.0321590942850553e-25,57.03127333046403,2.748720322073526e-22
4579,56.764585226600225,1.5681145150583043e-23,56.82478763458539,2.7626993912387118e-22
4580,63.256715063113155,2.0654022508336733e-26,57.30686413555007,2.760936908895748e-22
4581,55.30359184950326,4.236733776831548e-23,57.07539741750395,2.797219922990223e-22
4582,59.01292072257023,7.802157910559177e-25,57.266612942567996,2.789036732222327e-22
4583,61.01302323846961,1.7209819219135101e-25,58.13055848796093,1.9337793371095843e-22
4584,57.502873040690694,6.903073681240684e-24,58.72018714938709,7.629567085831986e-24
4585,61.88024894198417,6.724219634554516e-26,59.14908775719241,7.21701017119263e-24
4586,63.981289804596315,1.0329053655899458e-26,59.70248643524608,6.968919245627848e-24
4587,48.61343963946237,3.0149166043779414e-20,58.819396317051506,3.0215271355544738e-21
4588,57.94944729570139,3.629559858558778e-24,58.52781348226914,3.021879769949387e-21
4589,59.35474003406311,3.3740399680936815e-25,58.786828963015424,3.0203453958340096e-21
4590,60.11878921154369,3.290935968312546e-25,58.47303637785848,3.020376239791442e-21
4591,58.23364961053189,1.4852700920506545e-24,58.76604215396135,3.016288033023816e-21
4592,56.47342053566901,1.674391403902231e-23,58.512092135271224,3.0178844028486126e-21
4593,59.506184068930125,6.204388531154372e-25,58.36140821831727,3.0179292369147043e-21
4594,60.58775804803101,1.8678525674299522e-25,58.6698967190513,3.0172576080722545e-21
4595,58.42214829824343,2.6047483555823204e-24,58.32408665467724,3.0175113586881782e-21
4596,56.7533187521558,8.134878338129483e-24,57.60128954943318,3.0183238136166262e-21
4597,54.98287982192258,5.550748933519232e-23,58.23823356767921,8.957958172203492e-24
4598,57.35195208672429,6.057671274423484e-24,58.17848404678149,9.200769313789962e-24
4599,61.88637309695183,8.287762900471021e-26,58.43164735307037,9.175316677009497e-24
4600,57.96821964665419,2.0474562769589198e-24,58.216590396581424,9.347152945022262e-24
4601,57.092825700381105,1.3077576967032496e-23,58.10250800556635,1.0506383632520447e-23
4602,62.62773870544945,1.664372180658947e-26,58.71793982254438,8.833656600798876e-24
4603,59.1754086489665,1.1799447810680258e-24,58.68486228054802,8.889607193594134e-24
4604,57.470517157178534,3.909701147486126e-24,58.37313819146276,9.261898782668448e-24
4605,56.597056690708854,1.4561841751208873e-23,58.19062903070932,1.0457608122231105e-23
4606,62.09980027132133,5.441367278463444e-26,58.725277182625874,9.649561655696618e-24
4607,59.11650775338335,7.697460803897831e-25,59.13863997577194,4.175787330216363e-24
4608,56.4532493263569,2.1409472293990552e-23,59.04876969973519,5.710967432173071e-24
4609,56.76477977163168,9.98907231740341e-24,58.53661036720318,6.701586901012941e-24
4610,59.71485355083074,4.993171000752745e-25,58.711273757620845,6.546772983324575e-24
4611,63.67316173553612,9.111085228114507e-27,59.36930736113635,5.2399263951441396e-24
4612,61.66150004062413,8.356367366587455e-26,59.27268349465381,5.2466183903300666e-24
4613,61.1246616265682,9.995864413007601e-26,59.46760879241399,5.138619776636271e-24
4614,58.19809585558038,2.0944696184544753e-24,59.540366662254165,4.957096623733107e-24
4615,57.0961761971914,8.017862884407089e-24,59.590278612902424,4.302698737052929e-24
4616,57.9586684845954,4.21309134515534e-24,59.17616543422982,4.7185665042899986e-24
4617,53.91026880122193,2.131512604388851e-22,58.65554153901369,2.595671794013953e-23
4618,54.11850227136581,1.5997873308407442e-22,58.42206683351458,3.9813644019147915e-23
4619,56.74176570549029,1.053534137218879e-23,58.41976542690044,3.986827092462646e-23
4620,59.180175020399716,7.874085302951187e-25,58.36629757385733,3.9897080067648443e-23
4621,61.99195316888766,5.739898887248709e-26,58.198176717192496,3.9901908858012876e-23
4622,53.299903102342356,2.5324316318555883e-22,57.36201702336431,6.521786880920217e-23
4623,56.604963553847355,1.2973850391293885e-23,56.91004721609223,6.650525798391855e-23
4624,58.112321335906515,4.8173560135433026e-24,56.90146976412484,6.677754662342743e-23
4625,55.03808430299528,7.169770956591594e-23,56.69566057470523,7.314553129157832e-23
4626,55.67317362422807,3.6245921237621496e-23,56.4671110886685,7.634881428082494e-23
4627,58.907181312023255,2.0436502332641152e-24,56.96680233974863,5.523805326026283e-23
4628,56.59688606961506,1.583057555088719e-23,57.21464071957355,4.082323750694412e-23
4629,62.5175584397584,2.0737004387351806e-26,57.792219993000366,3.977177707016398e-23
4630,55.120690723484635,5.434374388083008e-23,57.38627156330885,4.512741060521746e-23
4631,64.3541298497879,7.850267047132238e-27,57.62248923139888,4.5122455733034926e-23
4632,58.75701597651267,1.6663132982569728e-24,58.16820051881591,1.9964770744304745e-23
4633,58.26128327641817,2.1700177449319904e-24,58.33383249107298,1.888438747966856e-23
4634,51.17871226585514,1.8552694071368254e-21,57.640471584067846,2.0392959259199678e-22
4635,56.611934281723144,1.53744103491496e-23,57.79785658194064,1.9829726267032014e-22
4636,59.05837098127145,9.120644851357144e-25,58.13637631764499,1.9476387699507155e-22
4637,56.5149745857815,1.3780479981612118e-23,57.8971556450208,1.9593755996990637e-22
4638,60.78397400066715,1.8839245168438958e-25,58.31586443812601,1.9437334165998604e-22
4639,55.005417163213075,3.095739126490744e-23,57.564650310471485,1.9746700708603809e-22
4640,57.16420554066914,3.615175204051077e-24,57.76900179218994,1.9239415021836018e-22
4641,61.238900207962836,1.4302306904295772e-25,57.45747882800744,1.9240766749855976e-22
4642,62.11761905526514,6.448441636612382e-26,57.79353913588267,1.9224748461037065e-22
4643,58.061349703983396,1.2874868638956234e-24,57.773545778639196,1.9215923152226705e-22
4644,57.083318618144496,6.330053781455513e-24,58.364006413868125,7.265296186730058e-24
4645,57.83782782750364,3.907009385258682e-24,58.48659576844618,6.118556090340964e-24
4646,57.707278779779955,2.9727836284290135e-24,58.35148654829703,6.324628004670293e-24
4647,60.547831550650386,3.34607816090463e-25,58.75477224478392,4.980040788118128e-24
4648,60.70221614235559,3.15635722937868e-25,58.746596458952766,4.9927651152434764e-24
4649,63.657586584203294,1.1990598645079094e-26,59.61181340105179,1.8982250486172402e-24
4650,61.80242124591815,3.645815766164848e-26,60.07563497157669,1.5403533439782973e-24
4651,62.60085031832794,3.431162513660415e-26,60.211829982613196,1.529482199587662e-24
4652,61.1489538643801,1.3353935497743619e-25,60.1149634635247,1.5363876934487934e-24
4653,60.988279203480076,2.150249214314495e-25,60.40765641347436,1.4291414992023755e-24
4654,45.20366698258624,9.100713336953967e-19,59.21969124991854,9.100792950566072e-20
4655,61.853201081911514,5.347823026283192e-26,59.621228575359325,9.100754415254522e-20
4656,52.791087328277996,8.833013232427107e-22,59.12960943020912,9.109557700650666e-20
4657,64.52865450416404,4.838381454657704e-27,59.52769172556049,9.109554402956319e-20
4658,59.58550503238322,6.724013731569882e-25,59.416020614563266,9.109557970612823e-20
4659,62.50713969955756,4.050257080279595e-26,59.30097592609868,9.109558255732543e-20
4660,54.56961528015796,1.0136805134564472e-22,58.577695329522655,9.110571571664422e-20
4661,54.64946024416494,5.1598971294417503e-23,57.78255632210636,9.111087218261116e-20
4662,55.50810401109697,3.5200520426529504e-23,57.21847133677805,9.11143788807183e-20
4663,62.371156893952616,3.882123402613446e-26,57.35675910582531,9.111436126034955e-20
4664,57.25075444514684,7.016398793580469e-24,58.561467852081364,1.0792953068925865e-22
4665,59.07154527301583,8.142031230635423e-25,58.28330227119179,1.080056031785387e-22
4666,59.75356102194967,6.143958880506699e-25,58.97954964055897,1.9736910443072698e-23
4667,64.01291534442753,7.609391734033495e-27,58.9279757245853,1.9737187544100636e-23
4668,57.551167768064055,6.1225598428886546e-24,58.72454199815339,2.0282203391073802e-23
4669,56.85259105240298,8.812031968619311e-24,58.159087133437936,2.1159356330855452e-23
4670,57.71858047043756,3.2925738418024095e-24,58.473983652465904,1.135180858047122e-23
4671,61.23304663878284,1.2188421060486353e-25,59.13234229192769,6.204099872089959e-24
4672,61.836142067056684,4.6811402296443736e-26,59.76514609752367,2.6887289696666535e-24
4673,64.08101057166053,5.111258603026029e-27,59.936131465294444,2.6853579721243414e-24
4674,61.457114568649345,9.064891555142241e-26,60.3567674776447,1.9927829843214374e-24
4675,54.39787870100998,1.20465380034708e-22,59.88940082044411,1.3957900675485883e-23
4676,52.662536688027025,5.237586465435023e-22,59.18029838705185,6.627232574103104e-23
4677,56.18523422839549,1.3400642803171945e-23,58.39753027544865,6.761162908217484e-23
4678,60.53448925892611,1.8196804316672055e-25,58.69586242453486,6.701756990220265e-23
4679,15.481528589777657,1.1114602188262331e-05,54.558756178272326,1.1114602188262332e-06
4680,60.312751689159604,3.1491769137758324e-25,54.81817330014453,1.1114602188262332e-06
4681,56.22035130076494,1.353127846544889e-23,54.31690376634274,1.1114602188262332e-06
4682,58.21582202636683,2.3946797707310678e-24,53.954871762273754,1.1114602188262332e-06
4683,54.883265448043126,8.355352307406296e-23,53.03509724991202,1.1114602188262332e-06
4684,59.499924699367455,9.406982774267785e-25,52.839378262983814,1.1114602188262332e-06
4685,58.8962304235423,1.1719687683006927e-24,53.289213435237045,1.1114602188262332e-06
4686,58.096510100446814,3.2419902426194103e-24,53.83261077647903,1.1114602188262332e-06
4687,58.31735903452957,2.9622848905642047e-24,54.045823257092444,1.1114602188262332e-06
4688,56.13170777819989,1.9849933144363064e-23,53.605545109019815,1.1114602188262332e-06
4689,61.26925668363137,1.2798075369541843e-25,58.18431791840519,1.2808925507859006e-23
4690,61.30279300341904,1.1723545967107277e-25,58.283322049831135,1.2789157284688355e-23
4691,58.41067713344922,2.8768067620695712e-24,58.50235463309956,1.1723710114350423e-23
4692,59.01137981771049,1.4798643727829037e-24,58.581910412233924,1.1632228574555607e-23
4693,60.137055237866605,4.150933462206616e-25,59.10728939121627,3.318385601771378e-24
4694,59.7487324321928,6.637744829490591e-25,59.1321701644988,3.290693222323606e-24
4695,58.578354505837275,1.1860344578387099e-24,59.100382572728314,3.2920997912774076e-24
4696,61.22201882168393,9.395397586289986e-26,59.41293344485202,2.9772961646017563e-24
4697,55.01300555273186,6.92263300144413e-23,59.082498096672246,9.603700676989466e-24
4698,66.26417922781579,9.087492201905843e-28,60.09574524163385,7.618798237475179e-24
4699,56.26442952362522,1.9436437700524484e-23,59.59526252563323,9.549643932158085e-24
4700,56.90116186929811,1.1242820265230608e-23,59.15509941222113,1.066220241271404e-23
4701,59.75302308531014,3.2405490785440606e-25,59.28933400740722,1.0406927227292523e-23
4702,60.492768689816145,2.2024845219796624e-25,59.437472894617784,1.0280965635234029e-23
4703,59.98385645694521,3.807522358730884e-25,59.42215301652565,1.027753152419927e-23
4704,55.89781091850062,2.172650443192895e-23,59.03706086515642,1.238380451909726e-23
4705,53.097414993930414,4.495931270777813e-22,58.48896691396574,5.722451378109152e-23
4706,58.48990635547953,2.9731210131946857e-24,58.215755667345306,5.75124304848247e-23
4707,59.89513613821869,2.9619613691079593e-25,58.70396872589399,5.0619417097071635e-23
4708,59.77765681017118,2.7191948112280996e-25,58.05531648412953,5.064651817026191e-23
4709,57.887860838671386,3.649629998757079e-24,58.21765961563413,4.906783740008517e-23
4710,40.96517578353111,9.224137504809729e-17,56.62406100705745,9.224185448365102e-18
4711,61.38718164241674,5.0451966823800913e-26,56.78747686276811,9.224185421004809e-18
4712,57.25670223279823,4.3303765411255786e-24,56.463870217066315,9.224185832017618e-18
4713,58.11953794463951,2.0401342502658117e-24,56.27743836583575,9.224185997955818e-18
4714,60.51245698020131,2.0097069562136026e-25,56.7389029720058,9.224183845402446e-18
4715,62.93147288374272,2.617010504512301e-26,57.72230876098704,9.224138888706748e-18
4716,57.10076655851604,6.690089322814079e-24,57.58339478129069,9.224139260403579e-18
4717,57.5838432683436,4.623984923753798e-24,57.35226549430318,9.224139693182457e-18
4718,58.631712355318044,1.1935751493329026e-24,57.23767104881788,9.224139785348024e-18
4719,58.588274373165405,2.1718689805002056e-24,57.30771240226727,9.224139637571923e-18
4720,62.45430149981367,4.973244351469211e-26,59.45662497389553,2.1377354378797353e-24
4721,59.42163284711294,9.807411437259539e-25,59.260070094365155,2.2307643555699506e-24
4722,54.760097313036184,6.035741997452298e-23,59.01040960238895,7.83346869890969e-24
4723,62.842435898014685,2.8639401356463016e-26,59.48269939772647,7.632319214018756e-24
4724,62.3344831126347,3.056643743367348e-26,59.66490201096978,7.615278788199987e-24
4725,54.743873880051424,1.3013900024576396e-22,58.84614211060067,2.062656180227187e-23
4726,60.78809596970278,2.561353870506072e-25,59.214875051719346,1.9983166408695523e-23
4727,60.134669818643104,3.6704415054760384e-25,59.4699577067493,1.9557472331374904e-23
4728,54.15615588104266,1.3340455242927895e-22,59.022402059321756,3.277857005936951e-23
4729,62.27728995263897,6.157829864755311e-26,59.391303617269116,3.256754099118424e-23
4730,57.966198765794935,3.224281432699803e-24,58.94249334386724,3.288499589010275e-23
4731,60.02549196325479,4.347624565190475e-25,59.002879255481425,3.283039802138206e-23
4732,58.32581455106034,1.8015158786670086e-24,59.359450979283835,2.6974807611796464e-23
4733,59.240931401110494,1.0421834038358666e-24,58.99930052959341,2.7076162012044406e-23
4734,60.51710592018236,2.6713530308675444e-25,58.81756281034818,2.709981889860971e-23
4735,60.088228594631424,4.536532307148062e-25,59.35199828180619,1.41312841971048e-23
4736,58.58591853552256,1.580958464551788e-24,59.131780538388156,1.426376650485492e-23
4737,59.44380664077613,7.076741574517224e-25,59.06269422060145,1.429782950554533e-23
4738,61.84441955313254,7.074922137757935e-26,59.83152058781045,9.644491847551928e-25
4739,53.85055863590448,2.6954831559115574e-22,58.988847456137,2.791312291400601e-23
4740,63.59191954009515,1.5103631534001428e-26,59.551419533567014,2.7592205133889427e-23
4741,60.723298451213275,2.194095184321976e-25,59.621200182362884,2.7570669840080745e-23
4742,60.70791480966248,1.7036365569831323e-25,59.85941020822308,2.740755461778387e-23
4743,58.34048531457935,7.479360293033793e-25,59.76936559956998,2.737812988033062e-23
4744,62.64580634357173,3.888822193960109e-26,59.982235641908915,2.7355305172215916e-23
4745,56.63142415217465,1.1546654800091893e-23,59.636555197663235,2.8464605329153624e-23
4746,58.05196026624275,1.524337344438157e-24,59.58315937073526,2.8458943217142256e-23
4747,61.96624933667265,8.614422626774336e-26,59.8354036403249,2.8396790224023856e-23
4748,63.94526276083573,8.257817054031843e-27,60.04548796109522,2.839054108359151e-23
4749,58.26377453360101,2.900629530228305e-24,60.48680955086487,1.725772477498762e-24
4750,59.127346409044875,1.3120476455689851e-24,60.04035223775985,1.8554668789022605e-24
4751,59.09969949988941,5.437542768334473e-25,59.877992342627465,1.8879013547423856e-24
4752,60.00646745784151,1.5048568996056495e-25,59.80784760744537,1.8859135581686113e-24
4753,59.85738222504087,5.753139844750953e-25,59.95953729849151,1.8686513536857824e-24
4754,60.74450175467612,2.653395785523451e-25,59.769406839601956,1.8912964893470565e-24
4755,60.00283732214838,3.4672915637243325e-25,60.10654815659933,7.713039249751109e-25
4756,57.754162985342205,4.451514459186337e-24,60.076768428509276,1.064021636449929e-24
4757,54.35417226212781,5.31954257052101e-23,59.315560721054794,6.3749497843441645e-24
4758,14.590495148661264,2.783073168702807e-05,54.38008395983735,2.783073168702807e-06
4759,56.32744641594093,1.4365991527487263e-23,54.18645114807134,2.783073168702807e-06
4760,62.215872168359546,4.1682276326215205e-26,54.4953037240028,2.783073168702807e-06
4761,57.87351310353347,4.140958262382131e-24,54.372685084367205,2.783073168702807e-06
4762,61.35739723110589,5.1123180482448747e-26,54.50777806169365,2.783073168702807e-06
4763,59.18836048804855,7.738901107337993e-25,54.44087588799442,2.783073168702807e-06
4764,58.510890052069676,1.3353028212019335e-24,54.21751471773378,2.783073168702807e-06
4765,54.6460063288715,1.0764961197461991e-22,53.68183161840608,2.783073168702807e-06
4766,62.12182693105126,5.210320625292082e-26,54.11859801297699,2.783073168702807e-06
4767,59.85019814206506,6.152278583199352e-25,54.668200600970714,2.783073168702807e-06
4768,58.72047513769619,1.43430356804987e-24,59.08119859987421,1.3046019478585644e-23
4769,60.32362648163031,2.919338972685876e-25,59.48081660644315,1.1638613715563774e-23
4770,60.69653665566946,8.965630973838214e-26,59.32888305517413,1.1643411118904992e-23
4771,57.873003479134994,4.023170174664797e-24,59.328832092734295,1.163163231013326e-23
4772,56.650406259878714,7.401943398617161e-24,58.858132995611584,1.236671433194673e-23
4773,60.01198159269359,5.905984940339764e-25,58.940495106076085,1.2348385170276746e-23
4774,58.33030583792749,2.4674555047611314e-24,58.92243668466186,1.2461600438632667e-23
4775,60.55640570612933,2.9404464665103435e-25,59.51347662238764,1.7260437058357796e-24
4776,56.73783025139671,8.537645292639649e-24,58.97507695442219,2.5745979144744526e-24
4777,55.093347304041274,5.59038298101763e-23,58.49939187061981,8.10345810966009e-24
4778,58.100510309558466,3.605346377920441e-24,58.437395387806035,8.320562390647146e-24
4779,56.24369282470434,2.1525425510339057e-23,58.02940202211344,1.0443911551954193e-23
4780,56.27341778774448,9.921380288095704e-24,57.58709013532094,1.1427083949789923e-23
4781,63.474439064959874,1.3607074836467102e-26,58.147233693903424,1.1026127639807093e-23
4782,58.49278299752456,1.8901188423845753e-24,58.331471367667994,1.0474945184183833e-23
4783,57.36687727429695,7.175011604264906e-24,58.06696093582834,1.1133386495206925e-23
4784,57.668484615023054,3.266301570087524e-24,58.000778813537906,1.1213271101739565e-23
4785,61.194836160141676,1.0174182926120502e-25,58.06462185893914,1.1194040820000584e-23
4786,60.0383672015954,4.209489791805309e-25,58.394675553959004,1.038237118865467e-23
4787,58.03626808386409,2.31788142540441e-24,58.688967631941296,5.023776350177482e-24
4788,62.22292812863901,3.078077956043783e-26,59.10120941384935,4.666319790341481e-24
4789,59.47840483189784,8.140818866338621e-25,59.42468061456869,2.5951854279709624e-24
4790,62.700596948569455,2.6468639753979805e-26,60.06739853065119,1.6056942631367897e-24
4791,62.07941534385714,5.498612319965534e-26,59.92789615854092,1.6098321679731086e-24
4792,58.22049619914081,1.5710971730557434e-24,59.900667478702545,1.5779300010402255e-24
4793,58.57062431473124,1.292221713761194e-24,60.02104218274597,9.896510119898542e-25
4794,60.06363193554203,3.613324533138348e-25,60.260556914797874,6.991541003124851e-25
4795,55.97170981856199,3.641511934926473e-23,59.738244280639904,4.330491852312838e-24
4796,58.203308613156906,2.6608698783501985e-24,59.554738421796046,4.554483942229804e-24
4797,55.430307135882536,5.344694774768555e-23,59.29414232699789,9.667390574457919e-24
4798,61.1710705647785,1.2951637305899183e-25,59.18895657061184,9.677264133807773e-24
4799,56.13992087090081,3.1380741703378176e-23,58.85510817451215,1.2733930115482205e-23
4800,56.297618249352624,1.5205124390219545e-23,58.21481030459046,1.4251795690528763e-23
4801,57.214738035174484,7.576578840860371e-24,57.728342573722195,1.5003954962294834e-23
4802,56.7610950934525,1.4195808890968134e-23,57.58240246315336,1.626642613408607e-23
4803,55.095758513700076,5.544819773799266e-23,57.23491588305025,2.168202373650922e-23
4804,58.78938881093374,1.0758775506243537e-24,57.10749157058941,2.1753478246240268e-23
4805,63.69439356978699,1.1593118810861392e-26,57.87975994571191,1.8113125623194885e-23
4806,51.43468276524689,1.3436569769004461e-21,57.20289736092091,1.5221273632540447e-22
4807,57.0938357225416,3.660586692471412e-24,57.36925021958682,1.4723410021988305e-22
4808,62.698150131253,1.9626898164629117e-26,57.52195817623427,1.472231112723936e-22
4809,59.82276117490378,1.7030883793065737e-25,57.89024220663457,1.4410206798584886e-22
4810,57.259260504166775,7.570201777711343e-24,57.986406432116,1.4333857572459804e-22
4811,58.20529449984237,3.086897837633566e-24,58.08546207858277,1.4288960762427538e-22
4812,58.369247273502275,1.6812989365509838e-24,58.246277296587756,1.4163815662883366e-22
4813,56.77148614074682,8.312961224531865e-24,58.413850059292415,1.369246329774876e-22
4814,59.8496165915167,5.723500231949475e-25,58.51987283735072,1.368742802247446e-22
4815,61.42364725422067,8.525824635673841e-26,58.292798205794085,1.368816467374992e-22
4816,61.996198218618964,4.7417243485646864e-26,59.34894975113129,2.5206907718031785e-24
4817,56.5109495678596,9.231909863955266e-24,59.29066113566309,3.077823088951564e-24
4818,57.191171164388834,1.5554622972313885e-24,58.73996323897668,3.2314066288582405e-24
4819,62.4078499118927,2.613826684800584e-26,58.998472112675564,3.2169895717499752e-24
4820,57.4038672899685,5.2625643755793844e-24,59.01293279125574,2.9862258315367796e-24
4821,56.28090192172344,1.4252523690685367e-23,58.820493533443845,4.102788416841959e-24
4822,58.01013084703214,4.1010071353706815e-24,58.78458189079682,4.344759236723929e-24
4823,59.39127260802585,7.3109971535572505e-25,59.04656053752474,3.586573085806315e-24
4824,58.55447550078539,9.604899759572241e-25,58.91704642845161,3.625387081082542e-24
4825,52.10827383313111,1.0836991888733773e-21,57.98550908634265,1.119867801437846e-22
4826,54.926485477219565,3.744495490911429e-23,57.27853781220271,1.1572653391034745e-22
4827,59.48472226078052,6.66976172774904e-25,57.575915081494806,1.1487004054122941e-22
4828,59.4775293350401,5.543882543268479e-25,57.80455089855993,1.1476993313693897e-22
4829,56.45812431185102,1.3724283718677107e-23,57.209578338555765,1.1613974768212187e-22
4830,56.48671135362047,1.654360567027519e-23,57.117862744920956,1.1726785181159145e-22
4831,59.393158975259986,7.880993288781105e-25,57.42908845027462,1.1592140937541071e-22
4832,61.928855218002695,5.289743191505007e-26,57.82096088737167,1.1551659840506514e-22
4833,59.26950567306688,7.479981118604898e-25,57.80878419387577,1.1551828824471563e-22
4834,60.385866815626294,3.9369946098659454e-25,57.991923325359856,1.1546160919321858e-22
4835,58.442723310016554,2.395558176868585e-24,58.6253682730484,7.331246123567718e-24
4836,58.45555076037042,2.0040688738937467e-24,58.97827480136349,3.7871575200456625e-24
4837,59.1199654517685,1.4218192204294007e-24,58.94179912046229,3.862641824811113e-24
4838,56.864387355441664,1.2064123484649702e-23,58.680484922502444,5.0136153478433975e-24
4839,56.63500324309498,1.1552161204950616e-23,58.69817281562685,4.796403096470748e-24
4840,63.401073622763846,1.0562427823683943e-26,59.38960904254119,3.1430987722255976e-24
4841,53.031525948259166,5.133403007164228e-22,58.753445739841105,5.439831891098006e-23
4842,55.7449539117478,2.746938829622465e-23,58.13505560921561,5.713996799741104e-23
4843,60.271507451993244,2.973639071134327e-25,58.235255787108244,5.709490457693633e-23
4844,56.79337722481729,8.399691825602377e-24,57.87600682802734,5.78955038133979e-23
4845,52.81188283306977,5.799785521766889e-22,57.31292278033267,1.1565380321337995e-22
4846,61.62970807869552,1.1064656986881038e-25,57.63033851216518,1.1546446098297744e-22
4847,51.2139134499057,3.674969866181381e-21,56.8397333119789,4.828192656790727e-22
4848,54.06602031968456,1.1952737563275281e-22,56.559896608403186,4.935655908938829e-22
4849,63.14436102698376,1.7787954484553492e-26,57.21083238679207,4.924121535688364e-22
4850,60.8036365850858,1.309235746586891e-25,56.95108868302426,4.9242418968352e-22
4851,58.51049959351896,9.85466693167557e-25,57.49898604755024,4.411887062811942e-22
4852,56.821306295496385,7.8600421124916e-24,57.6066212859251,4.39227771662821e-22
4853,59.44319251816583,8.688880920456534e-25,57.52378979254236,4.392849240813142e-22
4854,57.32916211897648,5.321398422456723e-24,57.57736828195827,4.389770947409997e-22
4855,52.849010846043136,3.6453770982898945e-22,57.58108108325562,4.1743301050622965e-22
4856,56.54488470550095,1.0879801355201155e-23,57.07259874593616,4.18509925984763e-22
4857,61.20513287628519,1.5342719342084006e-25,58.07172068857411,5.10282820859669e-23
4858,60.898988284833194,2.48516358007582e-25,58.75501748508897,3.910039615849238e-23
4859,60.687551252411104,2.3354997503829125e-25,58.5093365076317,3.9121972360547754e-23
4860,55.832042793718344,2.9549782860053666e-23,58.012177128494955,4.2063858289087255e-23
4861,62.64778792101337,1.7862503938064524e-26,58.425905961244396,4.19670978701643e-23
4862,56.4163156586225,1.2852184012213482e-23,58.385406897557004,4.24663120601365e-23
4863,59.88814698446085,5.893535715881164e-25,58.42990234418651,4.243835860809074e-23
4864,58.82336670204648,1.4310623491713543e-24,58.57932280249351,4.2049325000762206e-23
4865,57.74981601325409,5.264007007684147e-24,59.0694033192146,6.12195471863167e-24
4866,62.665384819377955,3.149377054618576e-26,59.68145333060231,5.0371239601661736e-24
4867,62.368636801115954,5.0289799468705075e-26,59.79780372308538,5.02681022077096e-24
4868,53.93062001516829,2.2806871258044886e-22,59.10096689611889,2.780882984301509e-23
4869,65.03230764620228,3.8663050435331e-27,59.53544253549801,2.7785861476015614e-23
4870,61.51562264088964,4.8602717259759145e-26,60.103800520215145,2.4835743461736218e-23
4871,61.32122388183433,1.4127241687087595e-25,59.971144116297225,2.4848084453029498e-23
4872,59.265916647922616,6.928152991488852e-25,60.25610421522725,2.363214758172304e-23
4873,58.60728257486163,7.366439387499934e-25,60.12801777426732,2.364687661843923e-23
4874,60.92794398361949,1.2567377126392384e-25,60.33847550242463,2.3516337760648482e-23
4875,57.28257692181893,5.652971590092694e-24,60.291751593281106,2.3555234218889344e-23
4876,59.70197510877211,6.777995306336794e-25,59.995410622220525,2.361986479489809e-23
4877,62.58981568899211,2.1113545274843196e-26,60.01752851100814,2.3616947169478712e-23
4878,63.39438176899919,1.8662041380819074e-26,60.96390468639123,8.119421155719004e-25
4879,57.92926943451362,3.846435379766157e-24,60.25360086522236,1.196199023044163e-24
4880,49.76316893389348,1.399731241946003e-20,59.07835549452274,1.4009225806973213e-21
4881,57.797577983193804,3.035059300031137e-24,58.725990904658694,1.4012119593856372e-21
4882,60.55760752844489,2.4115445801271133e-25,58.85515999271094,1.4011667933015238e-21
4883,61.40579885754135,1.0907331358426746e-25,59.13501162097889,1.4011040362390069e-21
4884,61.55718485668129,1.1181286269124913e-25,59.19793570828507,1.40110265014815e-21
4885,62.491680149595354,3.8468480730034724e-26,59.71884603106272,1.4005411998372136e-21
4886,57.212386578851955,8.967551976240475e-24,59.4698871780707,1.4013701750817743e-21
4887,56.2654972024696,1.8730947973510903e-23,58.83745532941846,1.4032411585245978e-21
4888,58.09969819920096,3.289023204887489e-24,58.30798697243863,1.4035681946409486e-21
4889,60.32975625632018,2.0380351625614768e-25,58.548035654619284,1.4032039314545976e-21
4890,58.113831319566295,2.781659130427102e-24,59.38310189318656,3.7508554216371514e-24
4891,53.29968874213668,1.6385140730519928e-22,58.93331296908086,1.9832490222153965e-23
4892,60.31776831582757,1.1715237952209296e-25,58.90932904781913,1.9820090014304905e-23
4893,54.17775897700995,1.1258390094352811e-22,58.186525059765984,3.106757277729929e-23
4894,57.32866777188228,8.152849564063122e-24,57.76367335128608,3.187167644743648e-23
4895,61.02381145635962,2.0596205644240506e-25,57.6168864819625,3.1888425805007716e-23
4896,57.952589788727266,4.001304524127581e-24,57.69090680295003,3.139180105979643e-23
4897,56.184043109065506,1.6724403829219852e-23,57.68276139360963,3.119114664536733e-23
4898,56.32302051998421,1.9071706388312355e-23,57.50509362568796,3.276941496370981e-23
4899,59.69141922814748,5.786541407923852e-25,57.44125992287068,3.2806900026163436e-23
4900,59.94614004066801,2.635340293636797e-25,57.62449079498087,3.255508751605709e-23
4901,56.98658854557309,5.0894876966144354e-24,57.993180775324504,1.6678895555198604e-23
4902,58.87189016256899,1.1055127230473796e-24,57.84859295999864,1.677773158955113e-23
4903,55.28441330273655,2.2660123023782332e-23,57.9592583925713,7.785353797576554e-24
4904,57.89820022306784,3.61775780310422e-24,58.016211637689864,7.331844621480663e-24
4905,59.1123605699287,5.888258643680623e-25,57.82506654904677,7.37013100227323e-24
4906,61.47153396390367,6.882778166458698e-26,58.1769609665644,6.976883328026928e-24
4907,59.68158540915698,6.4386624990213585e-25,58.52671519657356,5.368829570095158e-24
4908,60.45573141773179,3.4643726302268235e-25,58.939986286348315,3.49630265756619e-24
4909,56.286673298157176,1.474912014629354e-23,58.59951169334929,4.9133492581163056e-24
4910,58.091654965016254,2.6143709068056957e-24,58.41406318578411,5.148432945860507e-24
4911,61.258725790739355,9.656274557886774e-26,58.841276910300735,4.64914045075695e-24
4912,59.84494576545958,5.9759255948894245e-25,58.93858247058979,4.5983484344011065e-24
4913,57.3677663716022,2.9881572718314465e-24,59.14691777747636,2.6311518592060183e-24
4914,59.626114501639485,5.878829575710941e-25,59.31970920533352,2.3281643746527057e-24
4915,59.02054330705617,1.0439067578379502e-24,59.310527479046264,2.3736724639996945e-24
4916,56.80609384976508,1.404667409150796e-23,58.843983467632405,3.771457094984031e-24
4917,60.79689506249681,2.3175496625287746e-25,58.95551443296638,3.730245966619106e-24
4918,61.474828827226006,9.892067262530256e-26,59.057424173915805,3.7054943075793686e-24
4919,57.15065720509381,8.107915387179021e-24,59.14382256460948,3.0413738316679158e-24
4920,61.24467128316553,1.462555405809402e-25,59.4591241964244,2.794562295045441e-24
4921,60.256791782554735,2.2246625871027435e-25,59.35893079560594,2.8071526463585808e-24
4922,53.380674610557556,1.5026848320669247e-22,58.712503680115745,1.7774241711078934e-23
4923,56.718081346305745,8.2682466627954e-24,58.6475351775861,1.830225065017533e-23
4924,58.06811162341731,3.545937214933984e-24,58.49173488976387,1.8598056075911618e-23
4925,54.299393647638766,1.146096927350761e-22,58.019619923822134,2.995463467363543e-23
4926,56.612380787969364,7.407339582342063e-24,58.00024861764257,2.929070122271885e-23
4927,61.229950907419905,1.3007361585671692e-25,58.043554202134885,2.928053308767923e-23
4928,59.73464726929499,7.400333602494035e-25,57.86953604634177,2.9344644356441645e-23
4929,57.91428521781423,3.901440682420994e-24,57.94589884761382,2.8923996885965836e-23
4930,59.003179986614605,9.631738487016887e-25,57.72174971795872,2.900568871677791e-23
4931,55.76807109182416,2.37392966457886e-23,57.27287764888566,3.135737175548574e-23
4932,55.379059663724284,4.962693307689142e-23,57.47271615420234,2.129321674250564e-23
4933,61.01323726275988,1.5167776320587332e-25,57.90223174584774,2.0481559852546684e-23
4934,59.46111087519531,8.335659564078917e-25,58.04153167102555,2.0210322726694073e-23
4935,64.43396305704964,6.258296334390964e-27,59.054988611966635,8.749979282819904e-24
4936,59.09670553060542,8.838411952976022e-25,59.303421086230244,8.097629444115457e-24
4937,60.48770788317399,2.6943964469054584e-25,59.22919678380565,8.111566046998841e-24
4938,57.31953845313766,7.255542738692357e-24,58.98768590218991,8.763116984843136e-24
4939,57.900357819138485,2.263640202549681e-24,58.986293162322326,8.599336936856006e-24
4940,58.25013830678435,1.7756806005502976e-24,58.91098899433932,8.680587612040865e-24
4941,59.12681311801509,6.609075278164044e-25,59.24686319695841,6.372748700243646e-24
4942,25.7495780640112,3.0584503275132237e-10,56.283915036987096,3.058450327513365e-11
4943,55.95274868512987,3.2861084497632426e-23,55.7778661792241,3.058450327513692e-11
4944,56.853393711054,1.5795585899840003e-23,55.51709446280997,3.058450327513842e-11
4945,56.63274788146678,1.2295051796696162e-23,54.73697294525168,3.0584503275139647e-11
4946,59.455012671044855,6.97631664639437e-25,54.77280365929563,3.058450327513963e-11
4947,58.79896675416677,9.188793068914402e-25,54.603929546394895,3.0584503275139686e-11
4948,57.98663135126501,1.5615107504843623e-24,54.67063883620764,3.058450327513912e-11
4949,61.054832646331626,1.742753328650808e-25,54.98608631892696,3.058450327513891e-11
4950,55.66104467090721,1.927110766839006e-23,54.727176955339246,3.058450327514066e-11
4951,60.83838455580086,1.4135451278075165e-25,54.89833409911781,3.058450327514061e-11
4952,63.20333737455254,2.0371803649962895e-26,58.64371003017195,8.373685323386968e-24
4953,60.605617099745416,2.706483785144533e-25,59.10899687163351,5.11464171147517e-24
4954,51.4776495631677,2.2381544509893226e-21,58.57142245684488,2.273505282204234e-22
4955,59.740746401741056,4.737057925541873e-25,58.8822223088723,2.2616839362000927e-22
4956,59.56752967947792,5.324904146810186e-25,58.89347400971561,2.2615187949501337e-22
4957,55.80285737449605,1.6522128988623392e-23,58.59386307174854,2.2771220446318655e-22
4958,60.04391303709885,2.0893866832949326e-25,58.799591240331914,2.2757694725497106e-22
4959,58.32335211148508,3.0588208701962827e-24,58.52644318684727,2.278654018087042e-22
4960,54.71732155613639,7.578212434668765e-23,58.43207087537019,2.33516503476534e-22
4961,58.12160559122614,1.6787038073631924e-24,58.16039297891272,2.3367023840599226e-22
4962,59.79696950503064,6.862932158475123e-25,57.81975619196053,2.33736830547212e-22
4963,61.63298609284267,7.425124982065904e-26,57.922493091270255,2.337171908343426e-22
4964,56.74622475905359,8.90448961167138e-24,58.449350610858836,1.0792194696577476e-23
4965,57.361609107720426,4.176191525665225e-24,58.21143688145678,1.1162443269888582e-23
4966,62.96509318638672,1.2924329321206261e-26,58.55119323214766,1.1110486661352601e-23
4967,62.51193991064465,3.602827216183532e-26,59.222101485762515,9.461876589706444e-24
4968,60.28178778851439,2.2642585608745596e-25,59.245888960904075,9.46362530848224e-24
4969,57.12029620674852,8.57743172018401e-24,59.12558337043042,1.0015486393481014e-23
4970,53.5875485022228,1.870260282762479e-22,59.012606065039066,2.113987678643704e-23
4971,56.52285715922703,1.389328494981272e-23,58.85273122183914,2.236133490068199e-23
4972,61.84662974194857,8.221627865584025e-26,59.05769724553094,2.2300927206962827e-23
4973,56.24963436860201,1.5836634315692616e-23,58.51936207310687,2.3877165513550026e-23
4974,60.71598646706886,1.7354948845860406e-25,58.9163382439084,2.300407150122874e-23
4975,53.6939661304387,1.3815912848631826e-22,58.549573946180224,3.640236519729404e-23
4976,55.965126488214096,1.885791791292238e-23,57.84957727636297,3.828686455565416e-23
4977,58.85197554585754,1.3659798619047377e-24,57.48358083988425,3.841985971462845e-23
4978,62.729343361851875,1.899447773682773e-26,57.728336397218,3.8399116576793393e-23
4979,66.30314411459571,7.5345609466429915e-28,58.646621188002726,3.7541448750384455e-23
4980,61.79976820338297,6.325949846710067e-26,59.46784315811874,1.8845171872606374e-23
4981,61.3380896806433,1.3857847322046583e-25,59.94936641026036,1.746970122494715e-23
4982,59.167007706006466,8.956721822603986e-25,59.68140420666615,1.7551046815307602e-23
4983,60.82871247217988,1.8426128045786208e-25,60.139312017023926,1.598580951178413e-23
4984,56.9232469422066,3.470591372987729e-24,59.76003806453771,1.6315513700237043e-23
4985,60.70276666618065,2.382654781191077e-25,60.460918118111906,2.523427399417127e-24
4986,61.35494975435759,1.3930291653949567e-25,60.99990044472626,6.51565899778839e-25
4987,56.048022358983985,1.7331462572397705e-23,60.719505126038904,2.2481141708281357e-24
4988,59.60708798090107,4.424742991361899e-25,60.40727958794382,2.290462152968072e-24
4989,62.531822945718204,3.1759663293380495e-26,60.03014747105607,2.293562773687944e-24
4990,62.65984911189254,1.463780234151363e-26,60.11615556190702,2.2887006040753852e-24
4991,58.51848520578577,1.4534589750699977e-24,59.83419511442128,2.4201886542603384e-24
4992,59.249177445862074,4.743985066343606e-25,59.84241208840683,2.3780612866977344e-24
4993,60.91935486708601,1.4023737517385548e-25,59.851476327897444,2.3736588961693337e-24
4994,60.749614833274286,2.0151616389959145e-25,60.23411311700422,2.04675137526052e-24
4995,61.71149427382972,5.660807612780817e-26,60.334985877769135,2.02858563506139e-24
4996,55.66136396147836,1.8414093629697893e-23,59.765627298481206,3.8560647063772295e-24
4997,56.21334649527468,1.8533950047029115e-23,59.78215971211027,3.976313453840371e-24
4998,59.373438054071016,6.9499846830891335e-25,59.75879471942727,4.0015658707576426e-24
4999,59.61664405854735,7.506482743202346e-25,59.46727683071018,4.073454731860329e-24
5000,59.45578101199755,6.747666002338763e-25,59.14687002072069,4.139467611649565e-24
