episode,reward,best_fitness,reward_ma10,best_fitness_ma10
1,8.947706812531276,0.007028305486447197,8.947706812531276,0.007028305486447197
2,10.43181918956952,0.0019359332992985303,9.689763001050398,0.004482119392872864
3,12.318350402991905,0.0002575507549435332,10.565958801697567,0.0030739298468964206
4,17.271706876728395,1.7357619686941184e-06,12.242395820455274,0.002305881325664489
5,21.906026600852552,1.1837118517513687e-08,14.17512197653473,0.0018447074279552948
6,26.340294067919636,1.8924749440124056e-10,16.202650658432216,0.0015372562215039947
7,26.326475443907743,1.3488186742151441e-10,17.648911342071575,0.0013176482091294052
8,21.289805584989733,2.8418444359854396e-08,18.104023122436345,0.0011529457352937743
9,23.882957769672903,2.103115596161124e-09,18.746126972129296,0.0010248408872739767
10,20.129659197355167,5.527056120590632e-08,18.884480194651882,0.0009223623256026997
11,21.35650056415506,3.182470547486648e-08,20.125359569814258,0.0002195349594285274
12,17.90719034909982,7.955687265453814e-07,20.87289668576729,2.6021186371328886e-05
13,16.12671769045899,5.011217650839173e-06,21.253733414514,7.672326420594798e-07
14,23.048617535753035,6.1218339541513426e-09,21.831424480416466,5.94268628585483e-07
15,22.96450948248813,5.6860456439912385e-09,21.937272768580023,5.936535212981308e-07
16,16.20105566188213,6.5636641885194485e-06,20.92334892797627,1.2500010154006354e-06
17,21.15218544588152,3.8230282720448416e-08,20.405919928173645,1.2538105554859382e-06
18,19.943651247143038,7.28035643241143e-08,20.27130449438898,1.2582490674823642e-06
19,17.850797949106372,4.6182703926057826e-07,19.668088512332325,1.304221459848806e-06
20,21.184749091013117,1.961038614239591e-08,19.773597501698124,1.300655442342455e-06
21,23.133553192934396,2.5770051136454295e-09,19.951302764576052,1.297730672306333e-06
22,20.762395570573812,2.207951671965571e-08,20.236823286723453,1.22038175132376e-06
23,12.741723668823274,0.00012603587416026526,19.89832388455988,1.332284740226637e-05
24,22.815991933361385,8.489304666795235e-09,19.87506132432072,1.3323084149337634e-05
25,31.51400432112152,1.141130619577935e-12,20.730010808184055,1.3322515658886294e-05
26,26.529719874700973,1.5730792528413567e-10,21.762877229465943,1.266616497082688e-05
27,17.827136852206174,9.530763142745303e-07,21.430372370098404,1.2757649573982285e-05
28,21.871641805480692,9.818803015592563e-09,21.62317142593217,1.2751351097851435e-05
29,23.645887839329347,2.389147160670656e-09,22.20268041495447,1.2705407308641445e-05
30,28.95299119948786,1.1813845043695346e-11,22.979504625801944,1.270344745141171e-05
31,27.490454511713164,3.946893674997289e-11,23.415194757679817,1.2703193697794017e-05
32,18.94153262331926,3.4071608377513523e-07,23.233108462954366,1.2735057354499569e-05
33,16.968144308427366,1.9275883068623203e-06,23.655750526914773,3.2422876915927414e-07
34,19.418365824985557,1.7136784201995375e-07,23.31598791607719,3.4051662289459005e-07
35,19.44317014792024,2.1654457350378303e-07,22.108904498757063,3.6217096613190635e-07
36,23.280485630118772,1.446581927728248e-09,21.783981074298843,3.6229989353215077e-07
37,27.94988639320647,4.686490866242038e-11,22.796256028398872,2.6699694859556394e-07
38,34.03558942258059,9.15367352248809e-14,24.01265079010886,2.660150774476782e-07
39,24.549777514067284,1.024317480314219e-09,24.103039757582657,2.658785944796426e-07
40,13.462127558874945,3.215454575031594e-05,22.553953393521365,3.4813319881267322e-06
41,18.685333751482965,2.830400218115066e-07,21.673441317498348,3.509632043414208e-06
42,18.595437649914487,3.65441028530024e-07,21.63883182015787,3.5121045378896968e-06
43,17.99264904271576,8.690187096323391e-07,21.741282293586707,3.4062475781666987e-06
44,12.072838641760582,0.00015273038939868133,21.00672957526421,1.8662149733832838e-05
45,15.395254209134647,2.103382748667277e-06,20.60193798138565,1.8850833551349188e-05
46,25.189670808629202,4.675582003677613e-10,20.792856499236695,1.8850735648976446e-05
47,29.562442933846523,5.131207657701788e-12,20.954112153300695,1.8850731475606347e-05
48,34.41799470048586,4.7221344574055416e-14,20.992352681091226,1.8850731471174813e-05
49,25.05150735973991,6.023817079289059e-10,21.04252566565849,1.885068927759757e-05
50,33.888613897184015,8.911980933400131e-14,23.0851742994894,1.563523471147796e-05
51,26.95202769925387,9.429158967617866e-11,23.911843694266487,1.5606940138455776e-05
52,28.71469302569442,1.4554948976594438e-11,24.92376923184448,1.5570397491097673e-05
53,27.566659678598334,3.2255263736991307e-11,25.881170295432735,1.548349884566081e-05
54,29.371960124617313,6.531701586012531e-12,27.611082443718413,2.1046055896283612e-07
55,29.15083879161532,7.907993444997997e-12,28.986640901966478,1.2307489545290518e-10
56,20.821596255083882,4.1060719616253976e-08,28.549833446611945,4.182391037041526e-09
57,27.792193885160078,5.591073946315262e-11,28.372808541743304,4.187468990222072e-09
58,12.163258521476614,0.0002417252216388468,26.14733492384238,2.4176709628152766e-05
59,16.171577115764435,4.976461444461747e-06,25.25934189944483,2.467429553442815e-05
60,30.65872573084479,1.6743621536379282e-12,24.936353082810907,2.4674295692952384e-05
61,29.7476475689676,8.108511344894462e-12,25.215915069782277,2.4674287074644555e-05
62,27.400825903983478,6.736372315491082e-11,25.084528357611184,2.467429235552197e-05
63,26.889696973867025,9.15560326630392e-11,25.016832087138052,2.4674298285598866e-05
64,26.202237259128307,2.92027542146289e-10,24.699859800589152,2.4674326835182915e-05
65,18.327291060284683,5.191710004006935e-07,23.61750502745609,2.472624314442364e-05
66,33.12686957535538,2.1688517495700154e-13,24.84803235948324,2.472213709415053e-05
67,31.23717927568364,1.4834535181424703e-12,25.192530898535598,2.472213165142194e-05
68,24.906820338117658,7.233464078020764e-10,26.4668870801997,5.496818221780399e-07
69,24.034014272063324,2.499769558936438e-09,27.253130795829588,5.228565468775879e-08
70,18.77919396321631,3.971055128023194e-07,26.06517761906674,9.199603853177536e-08
71,20.741313139520752,5.349970128254996e-08,25.164544176122053,9.734519780889587e-08
72,16.88035093108195,1.433732058171409e-06,24.112496678831903,2.4071166725372126e-07
73,27.558937322600766,5.420125851231188e-11,24.179420713705277,2.407079317763062e-07
74,27.947209949466647,2.93956106851423e-11,24.353917982739112,2.4068166858316013e-07
75,20.171703514527934,4.614146607123018e-08,24.538359228163436,1.9337871515021377e-07
76,19.387795812636114,1.943256682274081e-07,23.164451851891506,2.1281126028443705e-07
77,27.238651110528746,5.964135174318123e-11,22.76459903537602,2.1281707607425954e-07
78,13.275787971884474,6.404052623701752e-05,21.6014957987527,6.616797365135231e-06
79,19.407558512224462,1.4630372026285473e-07,21.138850222768816,6.631177760205623e-06
80,18.6668916051474,4.6781712008653394e-07,21.127619986961925,6.638248920934045e-06
81,27.129330860981387,8.37775764715847e-11,21.76642175910799,6.632907328563438e-06
82,27.14899231619513,8.507144916148194e-11,22.793285897619306,6.4895426298912115e-06
83,26.589871921138748,1.2850346514854153e-10,22.696379357473102,6.489550060111876e-06
84,33.36198338556123,2.3303972671927135e-13,23.237856701082563,6.48954714385478e-06
85,37.363756221721246,1.7239770126371632e-15,24.9570619718019,6.484932997420055e-06
86,29.52358360315944,7.858882045751568e-12,25.970640750854226,6.465501216485516e-06
87,34.96115887434331,4.740879635269826e-14,26.742891527235678,6.465495257091224e-06
88,21.244984791276437,2.6238157768560887e-08,27.53981120917488,6.40664491663277e-08
89,27.553799043859634,3.179234686313952e-11,28.35443526233839,4.943925637472855e-08
90,31.320617654821145,1.058865285210443e-12,29.61980786730577,2.6576502526036675e-09
91,28.64903024821531,2.7322321822106336e-11,29.77177780602916,2.6520047271387203e-09
92,27.76221267114199,5.443174566501872e-11,29.833099841523847,2.6489407567890737e-09
93,29.037287431493308,9.002207163696874e-12,30.077841392559304,2.636990630990589e-09
94,26.411402116185698,1.4715975219116082e-10,29.382783265621754,2.6516833022370334e-09
95,26.96093938054669,1.3536406756045063e-10,28.342501581504298,2.6652195365953776e-09
96,27.133391715555987,5.666851990714217e-11,28.10348239274395,2.6701005003815167e-09
97,32.94172346545936,3.382672505886558e-13,27.901538851855555,2.67012958622694e-09
98,25.13371404382864,4.5979219068526765e-10,28.29041177711078,9.229302843937818e-11
99,28.081399920881143,3.304682510744907e-11,28.343171864812927,9.241847626380913e-11
100,25.371578533577342,4.1210846297594035e-10,27.748267952688547,1.3352343603288215e-10
101,27.335476173535856,7.23635315210937e-11,27.616912545220607,1.3802755700278087e-10
102,25.845342094097337,4.715172946594533e-10,27.425225487516137,1.7973611190222433e-10
103,20.908251348423185,4.7303293720807986e-08,26.612321879209123,4.909165263266654e-09
104,13.194671430239822,9.855447239685172e-05,25.290648810614538,9.86034168897322e-06
105,18.604676822668132,3.1032259495633247e-07,24.45502255482668,9.891360412062097e-06
106,26.782389469494635,1.0820911364851931e-10,24.419922330220544,9.891365566121473e-06
107,31.04264582638143,1.6385819665777559e-12,24.230014566312754,9.891365696152944e-06
108,27.78710346488963,5.21490166535981e-11,24.49535350841885,9.89132493183554e-06
109,32.19098764609022,5.955385835715678e-13,24.906312280939762,9.891321686706887e-06
110,28.204048604925177,2.1601229688017908e-11,25.18955928807454,9.891282635983559e-06
111,26.173290944684428,1.1727527236533015e-10,25.073340765189396,9.891287127157642e-06
112,15.856351087615241,6.9402936244943225e-06,24.07444166454119,1.0585269337877608e-05
113,33.83849141130368,1.422355525330759e-13,25.36746567082924,1.0580539022729082e-05
114,27.873047980221457,4.7235269222266254e-11,26.835303325827407,7.250965065708334e-07
115,16.808819276915983,2.3212818751788473e-06,26.655717571252183,9.261924345930851e-07
116,10.86411778759611,0.0010376390874317458,25.063890403062334,0.0001046900903568563
117,21.427079291667475,1.2661252941813877e-08,24.102333749590937,0.0001046913563182923
118,24.439192212625816,1.0498999239083475e-09,23.76754262436456,0.00010469145609338301
119,30.672046162774592,1.9740012682397443e-12,23.615648476032995,0.0001046914562312293
120,29.29604680011896,7.416755839077261e-12,23.724848295552373,0.00010469145481278187
121,30.049786767581057,5.8011809764687556e-12,24.11249787784204,0.00010469144366537277
122,22.28896622122692,1.0797771383063576e-08,24.755759391203206,0.00010399849408006162
123,27.373315148507835,7.676176344257657e-11,24.109241764923617,0.00010399850174201441
124,22.068649509622475,5.754300721400325e-09,23.528801917863724,0.00010399907244855962
125,19.812158949999695,1.6113590837205634e-07,23.82913588517209,0.00010378305785187897
126,33.237976627671664,1.114756170840209e-13,26.06652176917965,1.914911985193859e-08
127,24.361147680306516,1.571626494398603e-09,26.35992860804355,1.8040157207197062e-08
128,19.65065857292592,1.7788288840828102e-07,25.881075244073564,3.572345605563433e-08
129,14.35922969501709,2.6492596114319043e-05,24.249793597297813,2.6849828700874117e-06
130,13.952766238568595,5.045335336046044e-05,22.715465541142773,7.730317464457871e-06
131,15.951888522261225,2.3638565528443685e-06,21.305675716610793,7.966702539624211e-06
132,21.947611820284568,1.0782886562162249e-08,21.271540276516557,7.96670105114212e-06
133,31.04636667294365,1.042648197091226e-12,21.638845428960146,7.966693479230598e-06
134,28.23963714387827,2.3523721452371702e-11,22.255944192385716,7.966120401530603e-06
135,32.553355393267665,2.8696564876517177e-13,23.530063836712515,7.950006839389962e-06
136,33.996233449787994,5.2805178120712185e-14,23.60588951892415,7.950006833522917e-06
137,24.364144905823338,1.2479932512156905e-09,23.606189241475832,7.9499744701986e-06
138,24.28534525649412,1.3851262728441361e-09,24.06965790983265,7.932324693985057e-06
139,31.479827066076705,7.986566007838994e-13,25.781717646938613,5.28306516241881e-06
140,19.87649846033171,1.0696902114731692e-07,26.374090869114923,2.4842672848749843e-07
141,21.35846923101925,2.853248492827932e-08,26.914748939990726,1.4894321695889545e-08
142,24.718935626416403,8.518430840913824e-10,27.191881320603915,1.390121734808246e-08
143,24.814266867097132,3.2270183693642303e-10,26.56867134001926,1.3933383266956389e-08
144,30.534452958859298,2.122544840476545e-12,26.798152921517364,1.39312431492952e-08
145,27.296920139748764,9.639494079615157e-11,26.272509396165468,1.3940853946809941e-08
146,24.534739845147143,1.127704546609631e-09,25.32636003570139,1.4053619120953093e-08
147,30.74603618798253,2.180880116040445e-12,25.964549163917308,1.3929037883843123e-08
148,24.71268176596577,1.2444866951361719e-09,26.00728281486447,1.3914973926072332e-08
149,32.23689838508066,5.279101172687659e-13,26.082989946764865,1.3914946851423976e-08
150,36.05157392836704,8.88501184968933e-15,27.7004974935684,3.2180456251934713e-09
151,33.283771378293665,2.06673249044823e-13,28.89302770829584,3.64817799690444e-10
152,33.46914028101748,1.1493957808427574e-13,29.768048173755943,2.7964498523911424e-10
153,35.66411571320576,2.0296751454916164e-14,30.853033058366815,2.4737683122061736e-10
154,31.44985917598001,8.947560676512457e-13,30.944573680078882,2.472540523433349e-10
155,28.87075752196787,1.1625231625120414e-11,31.101957418300792,2.3877708142623174e-10
156,20.87990064593736,4.622085206224219e-08,30.73647349837981,4.748091832989487e-09
157,20.195317203490262,5.993776442411386e-08,29.68140159993059,1.0741650187389271e-08
158,21.22787107843683,3.295268191674626e-08,29.332920531177688,1.3912469709550278e-08
159,27.824516034285885,2.4158346181330743e-11,28.891682296098214,1.3914832753156685e-08
160,27.044284018431796,1.1847714804553505e-10,27.99095330510469,1.3926679579460052e-08
161,29.699211329157382,5.535585045124494e-12,27.63249730019107,1.392721247063966e-08
162,36.274623680339225,1.42500398271114e-14,27.913045640123237,1.3927202401685835e-08
163,37.34981302054398,3.007452672137207e-15,28.081615370857058,1.3927200672755959e-08
164,35.20802499790439,3.1047098508010977e-14,28.457431953049497,1.3927114301859043e-08
165,32.62913654604404,4.66150017591397e-13,28.833269855457115,1.3925998393698291e-08
166,30.76328241887008,2.2103843961817006e-12,29.821608032750383,9.304134225913689e-09
167,31.640039718677517,6.4720098927856e-13,30.96608028426911,3.31042250360123e-09
168,36.496453933910466,7.578127486347813e-15,32.492938569816474,1.5155069739353554e-11
169,39.418408213724554,3.225899550609811e-16,33.65232778776034,1.2739267380215987e-11
170,38.93435491534992,3.4878609407900347e-16,34.841334877452155,8.9158745427189e-13
171,34.09141044838402,9.435714453308188e-14,35.28055478937482,3.4746466421274873e-13
172,31.721659559935222,6.391450415798893e-13,34.825258377334414,4.0995416438802643e-13
173,31.09496570661676,1.405848118909887e-12,34.1997736459417,5.502382310118014e-13
174,28.168119774378365,3.6510671727868524e-11,33.4957831235891,4.198200693947852e-12
175,36.99018549647487,5.128808062480358e-15,33.93188801863217,4.1520985729949615e-12
176,30.488725833118302,3.6525799933952946e-12,33.904432360056994,4.296318132716321e-12
177,27.335601600433797,6.151870909522592e-11,33.473988548232626,1.0383468943311055e-11
178,33.71189920974323,1.1315115409945154e-13,33.1955330758159,1.0394026245972367e-11
179,29.4011785542572,7.293275580899694e-12,32.193810109869176,1.112332154506683e-11
180,30.45635977124318,1.484168340770341e-12,31.346010595458495,1.1271703500534457e-11
181,23.78491503728181,1.7669722896178291e-09,30.315361054348273,1.8795949674786408e-10
182,35.96668409289694,1.1786537133732135e-14,30.73986350764444,1.8789676089741947e-10
183,35.661286906970346,1.707676532956447e-14,31.19649562767981,1.8775788376206144e-10
184,29.09485919675833,6.6034402731484036e-12,31.2891695699178,1.847671606165894e-10
185,34.80814699658175,3.236890822538096e-14,31.070965719928484,1.847698846266057e-10
186,32.497459677689996,2.929053769571092e-13,31.271839104385656,1.8443391716496187e-10
187,32.597129430183784,5.343817259692463e-13,31.797991887360656,1.783354844280362e-10
188,29.093134660612048,1.8744842412136738e-11,31.336115432447542,1.8019865355383994e-10
189,29.549793117374655,7.79075279773671e-12,31.350976888759284,1.8024840127552362e-10
190,33.242415878993725,1.5413875834671959e-13,31.629582499534337,1.8011539831728127e-10
191,35.664109792640204,1.2773739044776415e-14,32.81750197507018,3.419446729402838e-12
192,35.45424711621604,1.3764732827339555e-14,32.76625827740209,3.4196445489721994e-12
193,14.12787111158256,3.1667384337313474e-05,30.612916697863312,3.16674185166822e-06
194,18.600391686612028,4.587548352459806e-07,29.56346994684868,3.2126166748487906e-06
195,15.337697063442002,1.019959712339646e-05,27.61642495353471,4.232576383951545e-06
196,15.892055961292597,6.129822577530263e-06,25.955884581894964,4.845558612414034e-06
197,24.7490514183604,8.010226302242619e-10,25.171076780712625,4.845638661238884e-06
198,35.822360152226565,1.4838087828293465e-14,25.843999329874077,4.8456367882384515e-06
199,31.586516547761374,5.641384455338064e-13,26.04767167291275,4.845636065577016e-06
200,36.26122408869315,8.331532056661168e-15,26.349552493882687,4.845636050996293e-06
201,36.602056765452915,5.2392169535421556e-15,26.443347191163962,4.845636050242842e-06
202,34.13293466488454,7.091798434062062e-14,26.311215946030806,4.845636055958167e-06
203,35.88176782491879,1.3430585085941121e-14,28.48660561736444,1.6788976235698781e-06
204,35.67128622082137,1.2814914425166021e-14,30.193695070785374,1.633022141326771e-06
205,36.153136755828854,9.77774241207487e-15,32.275239040024054,6.130624299648997e-07
206,35.564208390237816,2.4746041602398807e-14,34.24245428291857,8.017468647745004e-11
207,36.781312714890035,4.500076606827755e-15,35.44568041257154,7.287346268453323e-14
208,36.89326395014248,3.980935161698764e-15,35.55277079236313,7.178774741787376e-14
209,36.92926320503686,5.06845631573591e-15,36.087045458090685,1.5880748496066716e-14
210,38.765022291644954,5.706413899626315e-16,36.337425278385865,1.5104659429396867e-14
211,36.13425358015185,1.1982823271273955e-14,36.290644959855754,1.5779020061170045e-14
212,37.48787535985814,2.8164938107097483e-15,36.62613902935312,8.968871008178959e-15
213,37.1689850183201,2.8708328184214144e-15,36.75486074869325,7.912895781426988e-15
214,37.46573595083995,2.8037011386827817e-15,36.9343057216951,6.911774452778663e-15
215,32.90678109459067,1.263065906883836e-13,36.60967015557129,1.8564659280409538e-14
216,27.98667804898749,1.3213076472625224e-11,35.85191712144625,1.3373977023826922e-12
217,27.951527103019377,3.187137435689892e-11,34.96893856025919,4.5240851304119014e-12
218,27.824871245018883,3.8889095782482605e-11,34.062099289746826,8.412596615143993e-12
219,30.383455835930157,3.6364531707546366e-12,33.40751855283615,8.775735086587881e-12
220,32.58885941192831,2.42874754987274e-13,32.78990226486449,8.799965497947614e-12
221,26.393420526754298,1.437084062969791e-10,31.815818959524734,2.3169607845318394e-11
222,25.434119914889266,4.182540304632546e-10,30.610443415027852,6.499472924226278e-11
223,28.559207929089997,2.0589450920275004e-11,29.749465706104843,6.705338725100845e-11
224,33.71043456428667,1.5307413042087261e-13,29.373935567449514,6.706841429393668e-11
225,28.484572424496967,1.9611793087156443e-11,28.931714700440143,6.901696294358346e-11
226,36.10725026006742,1.4038529932947642e-14,29.74377192154813,6.769705914931424e-11
227,35.79942488368391,1.1474812600047693e-14,30.528561699614585,6.451106919488434e-11
228,33.9000594075315,1.0295177500423851e-13,31.13608051586585,6.063245479413651e-11
229,35.49882926226309,2.4595048039103796e-14,31.647617858499142,6.027126898186495e-11
230,38.34082554958057,1.043326127687277e-15,32.222814472264375,6.0247085838979e-11
231,37.71773655794301,1.7773611567557515e-15,33.35524607538324,4.587642294539677e-11
232,35.031788700552426,2.2342241672469966e-14,34.315012953949555,4.053254123238557e-12
233,37.37608760980806,1.928550530768278e-15,35.19670092202136,1.9945018862641335e-12
234,36.54067911752122,8.64141343094401e-15,35.47972537734482,1.980058614565141e-12
235,37.047275944512045,1.9992720588707766e-15,36.33599572934632,1.907923305538337e-14
236,35.44858722021069,1.22980708051983e-14,36.27012942536065,1.8905187142608435e-14
237,37.29099129966132,4.011266582852961e-15,36.41928606695839,1.8158832540888965e-14
238,32.1236256544549,3.937851844287032e-13,36.24164269165073,4.724217348333543e-14
239,33.117882161389815,3.3578763231676145e-13,36.00354798156341,7.836143191110121e-14
240,30.72377826295021,1.3811660075186551e-12,35.24184325290037,2.16373700050198e-13
241,35.64425851537989,1.697373571925297e-14,35.03449544864405,2.1789333750644766e-13
242,37.21403540500051,3.673977101098535e-15,35.25272011908886,2.1602651104931056e-13
243,16.66097467704259,2.8858335041624024e-06,33.18120882581232,2.8858356624989624e-07
244,33.93592505508161,1.043668330632751e-13,32.92073341956836,2.885835758224382e-07
245,37.69228527344579,1.690439058219609e-15,32.98523435246174,2.8858357579155484e-07
246,36.53132146472793,7.492505332417616e-15,33.093507776913455,2.885835753109983e-07
247,39.372269393709075,4.443958231914509e-16,33.30163558631823,2.8858357495431126e-07
248,37.08684178233457,3.90770196210411e-15,33.79795719910619,2.88583535966563e-07
249,35.95887884541902,1.0837037044456134e-14,34.08205686750912,2.885835034715035e-07
250,38.152171402178915,1.2768490051398323e-15,34.82489618143199,2.885833654825876e-07
251,35.784700229700505,1.1922628971465536e-14,34.83894035286405,2.88583364977477e-07
252,37.09825824111947,3.320929638455308e-15,34.82736263647595,2.885833649421722e-07
253,37.67022928616648,2.5802800122487373e-15,36.92828809738834,1.478395999109734e-14
254,38.30249185379985,1.4640039346857342e-15,37.36494477726016,4.493677078238408e-15
255,37.302896363137606,2.6865190058112664e-15,37.32600588622934,4.593285072997572e-15
256,36.51655148097475,5.625385139846344e-15,37.32452888785402,4.406573053740446e-15
257,36.12414373571464,6.8100267940828235e-15,36.99971632205458,5.043136150829582e-15
258,38.693103731563134,6.174447915128711e-16,37.160342516977444,4.71411043377046e-15
259,40.321467152199475,1.6633524515595442e-16,37.596601347655486,3.647040253840441e-15
260,32.34645369674981,4.0625766487266746e-13,37.01602957711257,4.4145121840593205e-14
261,36.06720120612711,1.3081066067835522e-14,37.04427967475523,4.42609655502302e-14
262,35.43199118708745,1.9247063508299844e-14,36.87765296935203,4.585357893721465e-14
263,32.300976414204555,5.929511168359879e-13,36.340727682155844,1.0489066261958857e-13
264,36.9039697058454,2.993369458849519e-15,36.20087546736039,1.0504359917200494e-13
265,36.96413877589844,4.191316623519715e-15,36.166999708636475,1.0519407893377578e-13
266,34.2312110165001,5.812166895336988e-14,35.93846566218901,1.1044370731512815e-13
267,38.2722048741042,9.237376759987176e-16,36.153271776027964,1.0985507840331973e-13
268,38.477823550902706,5.864727050019975e-16,36.13174375796193,1.0985198119466865e-13
269,38.62309317510374,5.802644272422382e-16,35.96190636025235,1.0989337411287727e-13
270,38.898531991549405,8.675785547822953e-16,36.61711418973231,6.935436548108877e-14
271,38.571264615053515,4.3112620649550353e-16,36.86752053062495,6.808937149495477e-14
272,37.698012094230016,2.428584663254446e-15,37.0941226213392,6.640752361045023e-14
273,37.24806284930475,3.626494837815681e-15,37.588831264849226,7.475061410632999e-15
274,39.91807984755848,2.7488652980994364e-16,37.89024227902053,7.203213117729042e-15
275,38.014753724332834,1.4402099815677991e-15,37.995303773863974,6.9281024535338494e-15
276,39.34109159423544,3.7831634079061846e-16,38.506291831637505,1.1537671922759238e-15
277,38.34274919555757,1.533990807305889e-15,38.51334626378285,1.2147925054066411e-15
278,40.50456624694561,8.101228392101736e-17,38.71602053338714,1.1642464632985432e-15
279,40.736977531902,9.310201824227988e-17,38.92740896906696,1.1155302223985475e-15
280,39.146483812940524,3.0409343297831496e-16,38.952204151206075,1.0591817102181493e-15
281,39.33789561301376,5.719178533258907e-16,39.0288672510021,1.073260874901188e-15
282,38.68112789876931,9.7927361688401e-16,39.12717883145602,9.283297702641444e-16
283,34.8084398432545,3.3943778264601467e-14,38.88321653085101,3.960058112942723e-15
284,36.292659002533,1.1391019551019644e-14,38.52067444634846,5.071671415063694e-15
285,36.7252374771749,7.414414533496492e-15,38.39172282163266,5.669091870256563e-15
286,31.6108953797898,1.2953897834141017e-12,37.6187032001881,1.3517023857758766e-13
287,25.340824193742097,6.020194841018777e-10,36.31851070000654,6.033696524968463e-11
288,37.20024708906154,3.48855386809911e-15,35.98807878421814,6.033730600384305e-11
289,35.77601143226988,8.098835360573188e-15,35.49198217425493,6.033810657717728e-11
290,37.10416533344412,4.609845161795492e-15,35.2877503263053,6.033853715235016e-11
291,37.96868757294941,1.966541454729005e-15,35.150829522298864,6.033867661471031e-11
292,38.009345751848144,1.5818932109011722e-15,35.083651307606736,6.033873687666971e-11
293,36.22368194920367,9.856432604197406e-15,35.22517551820167,6.033632814210367e-11
294,38.27857726938879,1.78252957393329e-15,35.42376734488724,6.033536729310595e-11
295,37.35090366187268,3.651753416514499e-15,35.48633396335701,6.033499102699426e-11
296,38.196147558908876,1.0462577717921446e-15,36.14485918126892,6.020555667443003e-11
297,34.42604719786323,6.221000076721743e-14,37.05338148168103,9.829264318975274e-15
298,38.55702999355343,7.168134614837471e-16,37.18905977213022,9.552090278313737e-15
299,37.87687884989439,1.839252809807206e-15,37.399146513892674,8.92613202323714e-15
300,36.87034327960507,5.061292134354036e-15,37.37576430850878,8.971276720492995e-15
301,35.001640897375005,1.4904387166366547e-14,37.07905964095133,1.0265061291656748e-14
302,34.81165966200612,2.1350943397370795e-14,36.75929103196712,1.224196631030371e-14
303,36.83091244329148,4.82193050923348e-15,36.8200140813759,1.1738516100807318e-14
304,19.92267526436641,7.222660950918201e-08,34.98442388087368,7.222672511181344e-09
305,35.330121966033275,2.845443972806066e-14,34.78234571128973,7.222674991449975e-09
306,36.852030296663614,3.808927067810104e-15,34.6479339850652,7.2226752677169045e-09
307,17.02933329218439,2.2930218568029876e-06,32.908262594497316,2.365248547270156e-07
308,37.45428684286071,2.352209617232984e-15,32.797988279428054,2.365248548905552e-07
309,39.025785936058035,3.6797383704689096e-16,32.912878988044405,2.3652485474342735e-07
310,39.12135961105883,5.122042616355675e-16,33.13798062118978,2.3652485428851854e-07
311,38.306612084352416,5.625039749598949e-16,33.46847773988753,2.3652485285433022e-07
312,29.984835579125637,4.073240184202514e-12,32.985795331599476,2.3652525804325428e-07
313,38.767764177453515,9.89671192899466e-16,33.17948050501568,2.3652525766002836e-07
314,37.97076897325243,1.9925998186677466e-15,34.98428987590429,2.293025969083701e-07
315,37.48930791081641,2.0812487130528813e-15,35.200208470382606,2.2930259427105105e-07
316,37.91303232676634,1.7432745239888255e-15,35.30630867339287,2.2930259406448584e-07
317,36.85814584337468,8.417953506032127e-15,37.2891899285119,4.092259823648031e-13
318,38.78216315077007,4.3513042861986976e-16,37.421977559302846,4.0903427444594173e-13
319,39.54924798758026,2.1091812598350945e-16,37.47432376445506,4.0901856887483545e-13
320,37.44705694324414,3.3500141057006815e-15,37.30689349767359,4.093023498592419e-13
321,37.13701551105862,4.987076630880374e-15,37.18993384034421,4.0974480712483405e-13
322,36.756591375768224,5.7352011460775505e-15,37.86710942000847,2.9943088191903035e-15
323,32.26704154921552,5.041225169077682e-13,37.21703715718466,5.330759339067718e-14
324,36.128225786896905,1.1419460546265953e-14,37.03278283854911,5.4250279463437003e-14
325,35.28569346108827,1.5616025991380407e-14,36.8124213935763,5.5603757191269755e-14
326,36.008019457663124,5.930122809160023e-15,36.62192010666598,5.6022442019786884e-14
327,38.937887602807855,9.455113509206117e-16,36.8298942826093,5.527519780427571e-14
328,27.93253622312693,2.4163445536127578e-11,35.74493158984498,2.4715762383741717e-12
329,38.47212325330405,5.281117697346256e-16,35.63721911641737,2.4716079577385467e-12
330,37.59792158344851,1.2930435253115276e-15,35.652305580437805,2.4714022606805074e-12
331,39.8757386176888,2.7485430923101275e-16,35.92617789110082,2.470931038448343e-12
332,35.85260343396041,1.5646773829420954e-14,35.835779096920035,2.4719221957166773e-12
333,40.558097217010065,1.0639060682582864e-16,36.66488466369949,2.4215205830865826e-12
334,41.12431671253464,7.660654541492936e-17,37.16449375626327,2.4203862976864976e-12
335,35.73159223278469,1.727794271491099e-14,37.20908363343291,2.420552489358851e-12
336,41.622356811054004,4.68939404527405e-17,37.77051736877199,2.4199641664719804e-12
337,38.748449280177994,6.108258398875525e-16,37.751573536509014,2.419930697920877e-12
338,38.76881677932777,3.585177981494404e-16,38.835201592129096,3.62199608793396e-15
339,43.9785658717813,3.361746725811069e-18,39.38584585397682,3.569521085633079e-15
340,42.24059781551818,1.6547180624812557e-17,39.85011347718379,3.4418714511644074e-15
341,40.443860095074406,1.0493228925533802e-16,39.906925624922344,3.4248792491668397e-15
342,43.9749243685896,3.0258989280857122e-18,40.71915771838526,1.8605044561175526e-15
343,44.64119578262972,3.0358442906490464e-18,41.12746757494723,1.850168979864035e-15
344,45.987781989703024,5.584954111280085e-19,41.61381410266407,1.8425641748636546e-15
345,45.35976770773908,1.2166625663608406e-18,42.576631650159506,1.1489156962919186e-16
346,42.76415610248486,1.2081959815995264e-17,42.69081157930259,1.1141037156551732e-16
347,41.84597642675826,2.98696796414717e-17,43.00056429396062,5.3314755540909256e-17
348,39.83420114267426,2.392351066022249e-16,43.10710273029527,4.138648638618771e-17
349,32.674482788507135,3.6169252506390757e-13,41.97669442196785,3.6210302818104364e-14
350,41.68060296149795,3.076982009454314e-17,41.92069493656582,3.621172508205133e-14
351,39.84399098514121,2.7748154208520243e-16,41.86070802557251,3.6228980007334325e-14
352,45.44651334027119,4.62939907493408e-19,42.00786692274066,3.622872371143226e-14
353,38.99134416053627,5.295557348660824e-16,41.44288176053133,3.6281375700489806e-14
354,44.6231277964965,1.242427060751404e-18,41.306416341210664,3.628144409365477e-14
355,31.7176470848956,8.806001497839592e-13,39.942204278926326,1.2434133740579407e-13
356,26.858120625811985,8.874351231642903e-11,38.35160073125904,8.998691360852715e-12
357,42.31841457105941,2.578043344352691e-17,38.39884454568915,8.998690951928095e-12
358,41.288845699838625,3.68625005157959e-17,38.54430900140559,8.998670714667487e-12
359,43.27826941579127,8.735486539863533e-18,39.604687664134005,8.96250233570975e-12
360,41.808054997571695,3.2278479430364064e-17,39.61743286774138,8.962502486575683e-12
361,42.021805704770586,1.566976704825948e-17,39.83521433970431,8.96247630539818e-12
362,36.54952971662237,8.582675710315744e-15,38.94551597733943,8.96333452667522e-12
363,34.21901727979065,5.387688581289383e-14,38.46828328926487,8.968669259683023e-12
364,40.30917876019493,6.446199236645169e-17,38.03688838563471,8.968675581639555e-12
365,44.36045353801366,3.3525122046120846e-18,39.30116903094651,8.880615901912378e-12
366,42.460493401074345,1.329173631519017e-17,40.86140630847275,6.265999443107363e-15
367,38.31189615430359,6.541739044764853e-16,40.46075446679718,6.3288387902106605e-15
368,39.56680744564263,2.876708456045473e-16,40.28855064137757,6.353919624719535e-15
369,36.27158338359073,7.050138473232238e-15,39.58788203815752,7.0580599233887715e-15
370,36.06677984084439,1.0205855424255548e-14,39.01375452248479,8.075417617871289e-15
371,40.820885054952434,1.2163435415027376e-16,38.89366245750297,8.086014076581493e-15
372,35.10464700822827,3.489873512498692e-14,38.74917418666356,1.0717620018048609e-14
373,39.6240315183213,3.8312021326174205e-16,39.289675610516625,5.3682434580854015e-15
374,33.50887168605396,5.1556224201056886e-14,38.609644903102534,1.0517419678954445e-14
375,34.68992795419335,4.261935977075761e-14,37.642592344720505,1.4779020404809746e-14
376,39.38940803956066,2.0596657225626138e-16,37.33548380856912,1.4798287888403852e-14
377,39.31878433842024,1.9436361322517048e-16,37.43617262698079,1.475230685927872e-14
378,39.10486104274581,3.3111148062975373e-16,37.389977986691115,1.4756650922781238e-14
379,41.65462054284666,4.8907774778508827e-17,37.92828170261671,1.4056527852935863e-14
380,44.53676146868674,2.1010631130467154e-18,38.77527986540094,1.3036152416821615e-14
381,41.591579004130004,2.6851205483402577e-17,38.85234926031869,1.302667410195493e-14
382,39.01328357760868,4.625504869372184e-16,39.243212917256734,9.58305563814996e-15
383,37.72979923195224,1.8598340621889393e-15,39.05378968861983,9.730727023042679e-15
384,35.34039550156933,1.3055027428988719e-14,39.23694207017137,5.8806073458358624e-15
385,39.18727289830839,1.9436106459277595e-16,39.686676564582875,1.6381074752193796e-15
386,38.10564772828532,1.366535844757284e-15,39.55830053345534,1.7541644024694822e-15
387,41.04792215352228,7.815475113329388e-17,39.73121431496554,1.7425435162602943e-15
388,37.77908740308721,2.6364125875973917e-15,39.59863695099968,1.9730736269570583e-15
389,36.60326518469617,6.141250062107626e-15,39.09350141518463,2.5823078556899696e-15
390,41.73004560403598,2.6052443785949652e-17,38.81282982871956,2.5847029937572603e-15
391,19.842470575682057,1.27939336395933e-07,36.63791898587476,1.2793936221611174e-08
392,44.863396951321256,1.8431272456419965e-18,37.22293032324602,1.2793936175540436e-08
393,44.69609634514564,1.72666820981258e-18,37.919560034565365,1.2793935989729697e-08
394,42.01595873579186,2.5441466908129845e-17,38.58711635798761,1.2793934686771102e-08
395,35.097138110732004,2.2594394735470918e-14,38.17810287922997,1.2793936926774467e-08
396,44.02688044849228,2.8856515548185804e-18,38.770226151250675,1.2793936790409448e-08
397,44.37504715773717,2.1223064171668156e-18,39.10293865167216,1.2793936782806202e-08
398,39.082287447703614,2.8463262770981844e-16,39.2332586561338,1.2793936547628206e-08
399,47.456549738931585,1.1777474451996566e-19,40.31858711155734,1.2793935933514979e-08
400,42.83783920495446,9.701476823215742e-18,40.42936647164919,1.279393593187988e-08
401,42.99407613227301,1.0681911357411387e-17,42.74452702730829,2.2933547746441452e-15
402,45.82951395154235,3.234722830873568e-19,42.841138727330396,2.29320280914789e-15
403,42.662250266351904,1.4868393255957845e-17,42.63775411945103,2.294516981652504e-15
404,41.972379132733444,2.812815698238126e-17,42.633396159145185,2.2947856506599294e-15
405,39.96355837792882,2.8283412533532677e-16,43.12003818586486,6.362958964637042e-17
406,45.50654015648712,7.240188615051645e-19,43.268004156664354,6.341342637703908e-17
407,46.06398512281792,6.168366595157758e-19,43.436897953172426,6.326287940127398e-17
408,41.785891486572595,4.505802832610678e-17,43.707258357059324,3.9305419462902805e-17
409,42.57319120075678,1.6764007541166922e-17,43.21892250324184,4.09700427425675e-17
410,36.43103948987206,7.581304923327533e-15,42.57824253173361,7.981303873929992e-16
411,45.071282028524166,1.679304274622572e-18,42.78596312135871,7.972301266847205e-16
412,21.46347181250159,3.171059726943474e-08,40.349358907454636,3.171060524141254e-09
413,27.969976430181102,3.8264347580162666e-11,38.88013152383756,3.1748869574124307e-09
414,37.54848678732912,2.2810300314463574e-15,38.43774228929713,3.1748871827026185e-09
415,47.33299509244315,1.1112519776856156e-19,39.17468596074856,3.1748871544303185e-09
416,42.698439169907466,1.0305018380967728e-17,38.893875862090596,3.1748871553884174e-09
417,42.75456807902037,1.2789689608743166e-17,38.56293415771084,3.174887156605703e-09
418,45.37819124575186,9.589377882875441e-19,38.92216413362876,3.1748871521957947e-09
419,44.856006835813105,2.2990886864998207e-18,39.1504456971344,3.1748871507493023e-09
420,45.92887825872794,4.998140280341676e-19,40.100229574019984,3.1748863926687905e-09
421,40.23583128110291,2.511700429622141e-16,39.61668449927786,3.1748864176178656e-09
422,42.779657687528626,1.400849733543067e-17,41.74830308678056,3.82669207524081e-12
423,43.23762998824236,8.819619308833603e-18,43.275068442586694,2.5819918647431367e-16
424,42.21367214302252,1.277382343382249e-17,43.74158697815603,3.1373565673060184e-17
425,41.93667776663898,2.509898929795051e-17,43.201955245575604,3.387235208307838e-17
426,39.04652498225059,6.533400837243615e-16,42.83676382680992,9.817585861741776e-17
427,40.44938559413375,1.5644529193484485e-16,42.606245578321264,1.1254141885002792e-16
428,41.66584998669528,3.438923627638342e-17,42.235011452415606,1.158844486988375e-16
429,42.02966784865317,2.1529459340115517e-17,41.952377553699606,1.1780748576419909e-16
430,44.035113057067804,3.1417812622141553e-18,41.7630010335336,1.1807168248761708e-16
431,39.73208616210242,1.097042790690966e-16,41.71262652163355,1.0392510609830533e-16
432,20.00226295541264,9.309245166739634e-08,39.43488704842195,9.30924526926389e-09
433,48.42333855960035,3.664465506312869e-20,39.953457905557755,9.309245268385592e-09
434,47.006425564544706,2.4191308621305016e-19,40.43273324770997,9.3092452671324e-09
435,43.00064412403839,9.827229517336377e-18,40.53912988344992,9.309245265605224e-09
436,45.61882992242512,5.3971046558775125e-19,41.19636037746736,9.309245200325187e-09
437,41.0305992595556,6.334562770573864e-17,41.254481744009546,9.30924519101522e-09
438,50.63653081276713,5.019119543867839e-21,42.151549826616744,9.309245187576799e-09
439,48.11826993799649,7.865107452577644e-20,42.76041003555107,9.30924518543172e-09
440,45.71361426613994,5.166364648590193e-19,42.92826015645828,9.309245185169204e-09
441,47.36101677660609,1.0288970471327926e-19,43.69115321790865,9.309245174209067e-09
442,51.91288230412815,1.782152319416204e-21,46.882215152780205,7.469610394590031e-18
443,26.475496054650947,1.3098173323786463e-10,44.687430902285264,1.3098180789732392e-11
444,45.55609371199479,8.413950455955157e-19,44.54239771703026,1.3098180849680587e-11
445,43.07620686608723,6.1432750893014e-18,44.54995399123514,1.3098180481285147e-11
446,42.03874728678773,2.0142164280924104e-17,44.19194572767141,1.3098182441530528e-11
447,48.42715776037297,4.0553541154009097e-20,44.93160157775315,1.3098176111023111e-11
448,43.363763660666926,5.0787060736120214e-18,44.20432486254312,1.3098176618391808e-11
449,46.880245662375735,1.777485385508512e-19,44.08052243498105,1.3098176628301554e-11
450,44.056823405669704,5.0354786000962565e-18,43.91484334893403,1.3098177080185767e-11
451,43.764272673686904,4.3346451409453346e-18,43.55516893864211,1.309817750336131e-11
452,33.42135818651955,1.5050790338088556e-13,41.70601652688125,1.3113228293521185e-11
453,42.552237545535554,2.1524102903905683e-17,43.31369067596971,1.5057122145009963e-14
454,40.56688763991288,1.0005017269009314e-16,42.81477006876152,1.506704302277441e-14
455,47.51972547761096,1.6215783347329756e-19,43.25912192991389,1.506644491104883e-14
456,41.385000535442636,4.8863909891024935e-17,43.19374725477938,1.506931708560984e-14
457,41.84189747793885,3.0817116123298335e-17,42.535221226535974,1.5072394741868054e-14
458,41.313949605182536,4.309338395527274e-17,42.33023982098753,1.5076196209656223e-14
459,43.33162310511439,4.2241316978290184e-18,41.9753775652614,1.507660084797215e-14
460,46.39116309329654,1.356500537719768e-19,42.20881153402408,1.507611086511752e-14
461,47.779940328212994,7.507030409953897e-20,42.61037829947669,1.5075684907633833e-14
462,44.24367006685671,1.7579946167878932e-18,43.6926094875104,2.5070369006955658e-17
463,47.05019820595428,2.2214793270729623e-19,44.14240555355228,2.294017350983582e-17
464,48.847653409682835,2.4431159424266116e-20,44.97048213052928,1.293759935676893e-17
465,47.35729560215013,1.5331821305906448e-19,44.95423914298319,1.2936715394727507e-17
466,42.9306517272953,1.013865855678014e-17,45.108804262168455,9.064190261303027e-18
467,44.936002165009434,1.4789285148887445e-18,45.41821473087551,6.130371500462068e-18
468,49.65555195894091,1.1297584945239902e-20,46.25237496625135,1.8221628634293172e-18
469,44.65162310174825,2.345248871167453e-18,46.384374965914745,1.6342745807631613e-18
470,46.30196714386895,3.5029174933455053e-19,46.375455370971984,1.6557387503194185e-18
471,49.56011363009755,1.2846441159279701e-20,46.55347270116044,1.6495163640253928e-18
472,45.04652185555206,1.4247338912248832e-18,46.63375788002996,1.6161902914690915e-18
473,39.075768691765,6.548800806650213e-16,45.83631492861104,6.708198356470049e-17
474,52.82203395858725,3.7167257157939456e-22,46.23375298350149,6.707957761601522e-17
475,46.992705661138935,2.9229218072407366e-19,46.197293989400364,6.709347501278173e-17
476,42.52345138919937,1.0853790064253795e-17,46.156573955590765,6.716498816352909e-17
477,48.30282140487539,6.460207189342449e-20,46.49325587957736,6.702355551922956e-17
478,46.77921057917641,2.254750751420388e-19,46.20562174160092,6.704497326824922e-17
479,43.21323140050667,1.2742115896707962e-17,46.061782571476755,6.808465997080327e-17
480,50.40228157226938,6.762101311877707e-21,46.4718140143168,6.805030700600101e-17
481,39.010099874940614,4.653200504813679e-16,45.41681263880111,1.1458102741002188e-16
482,46.87417489277746,2.1722632657078317e-19,45.59957794252365,1.1446027665355648e-16
483,45.45033965484117,9.19424063896363e-19,46.237035038831266,4.906421099344398e-17
484,44.465862056481384,2.36459320579372e-18,45.40141784862068,4.93006331467662e-17
485,45.35329818126569,6.228895638608501e-19,45.237477100633356,4.933369288507987e-17
486,42.50100289420949,1.0828701658156184e-17,45.23523225113437,4.9331184044470117e-17
487,44.94680852701766,2.2005830983239035e-18,44.89963096334859,4.954478214711316e-17
488,48.736593214336814,4.1768159258209283e-20,45.095369226864634,4.9526411455524785e-17
489,45.87038665855003,6.445275412302789e-19,45.36108475266897,4.831665261997701e-17
490,44.185672417829295,2.3523877107276358e-18,44.73942383722497,4.855121518091859e-17
491,31.906714112176566,7.260840684796162e-13,44.029085260948555,7.261042605809441e-14
492,45.270951298196486,6.836309523869895e-19,43.86876290149046,7.261047269855698e-14
493,44.96261148410678,1.7360934705284436e-18,43.81999008441703,7.261055436549764e-14
494,46.85526503326323,2.5303735940086476e-19,44.058930382095205,7.261034320991301e-14
495,36.1845552722964,7.234800193170654e-15,43.14205609119828,7.333376094027369e-14
496,49.812343202810005,1.1878076786998487e-20,43.873190122058325,7.333267925791554e-14
497,49.37666025384742,2.0279638185384037e-20,44.316175294741306,7.333246122756954e-14
498,44.17897632719159,2.858245550711135e-18,43.86041360602678,7.333274287530869e-14
499,45.366019909782736,1.3181425848181828e-18,43.80997693115005,7.333281023681304e-14
500,44.44909491754392,2.8367110273944608e-18,43.83631918112151,7.333285866914472e-14
501,50.85456136658734,5.0196254026411724e-21,45.73110390656259,7.244523231456268e-16
502,44.9316721161512,1.1253342731841607e-18,45.69717598835807,7.244964934777066e-16
503,46.19597482413015,1.1787597457773338e-19,45.8205123223604,7.243346717281117e-16
504,44.98240527147486,1.7947779943750572e-18,45.63322634618156,7.24488845791609e-16
505,40.78478411605521,5.66121238821865e-17,46.09324923055745,6.670038862762225e-18
506,46.158657194800064,3.986350558837747e-19,45.727880629756456,6.7087145606719026e-18
507,35.038502725659455,2.5622330308750625e-14,44.29406487693765,2.5689397174719157e-15
508,33.7663811612174,8.945876715941578e-14,43.25280536034023,1.1514530608858423e-14
509,42.88880672920832,1.638847558959139e-17,43.005084042282796,1.1516037642158902e-14
510,38.71520747968281,7.322019672328248e-16,42.431695298496685,1.1588974167779443e-14
511,37.28388458294495,4.1241826775522405e-15,41.07462762013244,1.2001391933572124e-14
512,39.60375875668569,1.9610059308153994e-16,40.54183628418589,1.2020889459452961e-14
513,49.33480024182663,1.911948332626562e-20,40.85571882595555,1.2020879583803837e-14
514,38.35053279507358,9.120677794045958e-16,40.19253157831541,1.2111906883944859e-14
515,47.95048878797969,8.09052419590306e-20,40.90910204550786,1.2106253762080838e-14
516,45.42250251960756,9.599380804545333e-19,40.83548657798861,1.2106309892383294e-14
517,38.29816846392089,7.467485321717227e-16,41.161453151814754,9.618751714725405e-15
518,36.7498288215186,2.7628552397167612e-15,41.45979791784487,9.491605227555015e-16
519,46.529528824362785,2.248135825913738e-19,41.823870127360316,9.475441565548015e-16
520,40.65029296003901,1.184040933572722e-16,42.01737867539594,8.861643691672465e-16
521,25.85837387972654,7.71549072001214e-11,40.87482760507409,7.715964466113553e-12
522,34.41979776352087,3.188375438737191e-14,40.35643150575761,7.719133231492982e-12
523,46.91825169633129,1.6443688417127339e-19,40.11477665120808,7.719133246024721e-12
524,45.59257051746466,3.9330231403924793e-19,40.83898042344719,7.719042078577012e-12
525,38.701765976448826,4.841150121379152e-16,39.9141081422941,7.719090481987703e-12
526,21.198203078288195,2.3568257376094443e-08,37.49167819816217,2.3645448279954382e-09
527,43.06525677573989,1.1281232040760227e-17,37.968387029344065,2.364544754448708e-09
528,36.731331795301294,3.5486463555553566e-15,37.96653732672233,2.3645448330278194e-09
529,44.325323775359344,3.307209067234614e-18,37.746116821821985,2.3645448333360595e-09
530,38.188023839231015,1.160854884889469e-15,37.499889909741185,2.3645449375811385e-09
531,39.758138026622746,2.586136133195531e-16,38.88986632443081,2.356829472722488e-09
532,47.84347962153567,7.5886564730964e-20,40.23223451023229,2.3568262843546373e-09
533,40.22857396476591,1.2934147368771872e-16,39.56326673707576,2.3568262972723414e-09
534,44.737454371318535,1.251149794809737e-18,39.47775512246115,2.356826297358126e-09
535,46.2965864443478,3.5940413536319724e-19,40.23723716925103,2.356826248982565e-09
536,48.423285315086616,6.182831279476061e-20,42.959745392930884,5.113793037367792e-16
537,48.86695300201448,4.2376554148558234e-20,43.53991501555834,5.102554181881179e-16
538,53.60569466913652,1.0740950025888214e-22,45.22735130294187,1.553907933735323e-16
539,47.655687862167674,7.025166175493077e-20,45.5603877116227,1.5506709763298433e-16
540,41.33053730634585,8.086823752995156e-17,45.87463905833418,4.7068432897032577e-17
541,44.661365253772686,1.9052687460250035e-18,46.36496178104918,2.139759843967977e-17
542,40.73197177180872,7.417332167966317e-17,45.65381099607648,2.880734195117299e-17
543,44.93836378169803,1.139088206420579e-18,46.124789977769694,1.5987103403043175e-17
544,39.73348637575614,2.712277475367751e-16,45.62439317821345,4.298476317723971e-17
545,46.3385145681963,5.400768442270641e-19,45.628585990598296,4.30028304481261e-17
546,44.60653979218583,2.9315903938106276e-18,45.246911438308224,4.328980665622769e-17
547,46.51372772857516,2.9035745458656744e-19,45.01158891096429,4.3314604746271485e-17
548,44.5429959060867,2.079511003875951e-18,44.10531903465932,4.3522545105709057e-17
549,48.61872685680438,3.185882824135114e-20,44.20162293412298,4.35187058223577e-17
550,46.60277139624759,2.232196446491153e-19,44.728846343113155,3.5454204033827454e-17
551,47.93044308482553,3.6151829717952035e-20,45.055754126218446,3.526729234219675e-17
552,45.51592275555926,4.766839387212314e-19,45.53414922459349,2.789762856810256e-17
553,47.89078153861012,5.860521571301834e-20,45.8293910002847,2.77895802690318e-17
554,42.506276979647325,1.984651717744547e-17,46.10667006067382,2.6514572330988348e-18
555,35.57545861333918,2.0228434686568075e-14,45.03036446518811,2.0254409182054837e-15
556,36.93353967832453,6.086365561645088e-15,44.26306445380197,2.633784315330611e-15
557,49.17104978106814,2.8070641713119667e-20,44.528796659051274,2.6337580866493243e-15
558,48.08921250463916,4.179238932727603e-20,44.88341831890652,2.633554314787869e-15
559,41.67377779330818,4.0635649476060934e-17,44.1889234125569,2.637614693852651e-15
560,49.00275179396848,2.181737682164023e-20,44.42892145232899,2.6375945536258685e-15
561,45.36703900210247,9.092048551856642e-19,44.172581044056685,2.6376818589284152e-15
562,47.3170140851075,1.7224051158549447e-19,44.35269017701152,2.6376514145857016e-15
563,48.59367922490397,3.4912901951327654e-20,44.42297994564089,2.6376490453543255e-15
564,42.5788174792478,9.088722511763345e-18,44.43023399560094,2.6365732658877572e-15
565,45.041903506446694,7.479577481991835e-19,45.3768784849117,6.138045930057695e-16
566,45.68602219464855,3.856511639562787e-19,46.2521267365441,5.206601957656426e-18
567,42.65277765134445,1.1777252247301022e-17,45.600299523571735,6.381520118215217e-18
568,43.78594799090514,5.6532242554056326e-18,45.16997307219832,6.942663304823053e-18
569,45.90909972744229,6.878598251660132e-19,45.59350526561174,2.9478843397335604e-18
570,46.73849230431012,3.239007593876906e-19,45.3670793166459,2.9780926779901654e-18
571,43.67288541016247,4.4749219218307075e-18,45.1976639574519,3.3346643846546698e-18
572,46.37627890560442,3.2826265245607863e-19,45.10359043950159,3.350266598741728e-18
573,40.19888453111465,9.37377997509202e-17,44.26411097012266,1.2720555283638615e-17
574,48.46353173723635,2.8494889491695526e-20,44.85258239592151,1.1814532521411451e-17
575,45.531660553529704,8.688788513731519e-19,44.90155810062982,1.1826624631728847e-17
576,48.63631392156317,2.6056368950452593e-20,45.19658727332127,1.1790665152228262e-17
577,52.167450065477745,8.913612505582106e-22,46.1480545147346,1.0613029063623218e-17
578,44.662376756053085,1.977720610496793e-18,46.235697391249396,1.0245478699132334e-17
579,43.25065679564101,6.750758094611269e-18,45.96985309806927,1.0851768526076858e-17
580,45.84110828239093,8.195292713412117e-19,45.88011469587735,1.0901331377272211e-17
581,46.98204618951767,2.558217915706315e-19,46.21103077381287,1.0479421364246203e-17
582,42.70142995726357,1.4485262394638066e-17,45.84354587897879,1.1895121338464403e-17
583,46.19638297743464,4.688956344375026e-19,46.44329572361079,2.568230926816133e-18
584,33.709288866807356,1.69578049822398e-13,44.96787143656788,1.6960370363677667e-14
585,40.38748254877044,1.1806061639781762e-16,44.453453636091965,1.697208953743231e-14
586,47.60985450958521,8.007420056710484e-20,44.350807694894165,1.6972094939215475e-14
587,47.040332359994714,2.221428488253756e-19,43.838095924345865,1.697211706436423e-14
588,47.61381644811676,9.327112255025273e-20,44.13323989355223,1.6971928619415437e-14
589,48.50513020442145,5.862310670297513e-20,44.658687234430275,1.6971259405916646e-14
590,49.38933225888893,2.120666536766458e-20,45.01350963208007,1.6971179573656048e-14
591,44.86800189704236,1.3321625220174524e-18,44.80210520283254,1.6971287207729093e-14
592,47.316327691874484,1.4472009652430098e-19,45.26359497629364,1.6969853153499282e-14
593,48.44077900888143,3.096704326661289e-20,45.48803457943831,1.6969809360640163e-14
594,48.4999404122952,4.2406887398512175e-20,46.9670997339871,1.2008619089103788e-17
595,45.82157470238453,5.525814463777925e-19,47.510508949348505,2.578155939598044e-19
596,40.482567880555735,9.835737210166922e-17,46.79778028644556,1.0085545384070016e-17
597,32.42931904491526,3.358125848843717e-13,45.33667895493761,3.3591321819536355e-14
598,39.832102477942115,1.6293422962732724e-16,44.55850755792015,3.360760591538683e-14
599,50.68073411821594,6.728122950275844e-21,44.776067949299595,3.3607600725888466e-14
600,32.09867888020752,5.481130101278925e-13,43.04700261143145,8.841889961801117e-14
601,51.84211392458035,2.014353569767596e-21,43.74441381418526,8.841876660319431e-14
602,45.50710220246413,8.731917612762745e-19,43.563491265244224,8.84188394503608e-14
603,54.49889584941631,8.247311039568526e-23,44.169302949297716,8.841883636190378e-14
604,47.24461081045801,1.969467232757368e-19,44.04376998911399,8.841885181588738e-14
605,36.490640229003574,6.1152635983065555e-15,43.1106765417759,8.90303229175734e-14
606,48.61293071062694,2.6744084724641208e-20,43.92371282478302,8.902048985477169e-14
607,44.14285215917567,3.2879724542742147e-18,45.095066136209056,5.5439560163579957e-14
608,48.90676820225942,3.1327672051410074e-20,46.002532708640786,5.542326987338444e-14
609,49.108937621085744,2.7974466639734885e-20,45.84535305892776,5.5423271998018795e-14
610,44.73129595273227,1.7350666177821593e-18,47.10861476618023,6.12144491891326e-16
611,35.98555418526718,8.982836723072481e-15,45.52295879224892,1.5104279627632172e-15
612,35.46130370241636,2.0089179486883615e-14,44.51837894224415,3.5192585922754513e-15
613,47.28152202886708,1.5401341901843603e-19,43.79664156018923,3.5192739853700418e-15
614,51.23417967779967,3.772704347179656e-21,44.195598446923384,3.5192546679681492e-15
615,47.90826689443635,7.77680215263188e-20,45.33736111346666,2.907736084939646e-15
616,37.640625933332856,1.6250045525954661e-15,44.24013063573726,3.0702338657907205e-15
617,36.58370446829658,3.662072998413902e-15,43.48421586664935,3.436112368386683e-15
618,20.624254302324463,4.243879026774511e-08,40.65596447665585,4.243882462883746e-09
619,44.11090108382298,2.998604482702542e-18,40.15616082292958,4.243882463180809e-09
620,46.65285787299899,1.946587620201333e-19,40.34831701495625,4.243882463026768e-09
621,50.53629789224232,6.4393535772508336e-21,41.80339138565377,4.24388156474374e-09
622,38.51112329603708,1.0506346366043812e-15,42.108373345015835,4.243879660889255e-09
623,36.4215115739901,4.347777612377958e-15,41.022372299528136,4.2438800956516146e-09
624,49.09176531461779,1.2430847285659775e-20,40.80813086320995,4.243880095652481e-09
625,29.412555772175757,6.7582458296864255e-12,38.958559750983895,4.244555920227672e-09
626,30.523465652389774,3.7039548411899975e-12,38.24684372288958,4.2449261532113366e-09
627,43.33066163288909,9.290992817406732e-18,38.921539439348834,4.244925787933136e-09
628,48.311430719071524,5.1392597694991615e-20,41.69025708102354,1.0467611637644265e-12
629,44.25768646487778,2.6267970681506663e-18,41.704935619129024,1.046761126583685e-12
630,41.830133290513025,3.0229453374945537e-17,41.22266316088043,1.0467641300631465e-12
631,45.05134223985119,1.2077954835446652e-18,40.67416759564131,1.0467642501987593e-12
632,50.808151486510724,3.502040806328535e-21,41.903870414688676,1.046659187085303e-12
633,42.11936539969785,3.0477769419895885e-17,42.473655797259454,1.0462274571010073e-12
634,53.697864764616014,2.387952991832875e-22,42.93426574225928,1.046227455881802e-12
635,53.78545146569265,1.218243421996177e-22,45.37155531161096,3.704028729253418e-13
636,50.094673665856845,1.132966652904471e-20,47.328676112957666,7.389939308861523e-18
637,49.86023586317869,6.214156041164214e-21,47.981633535986624,6.461461442724966e-18
638,51.418621788291524,2.6405657662666065e-21,48.292352642908625,6.456586239532094e-18
639,46.60099270036608,3.1643950973211857e-19,48.52668326645746,6.225550483690239e-18
640,54.75600594658181,9.400141304522376e-23,49.81927053206434,3.2026145463369905e-18
641,43.46494388216831,7.048087321654415e-18,49.66063069629605,3.786643730147965e-18
642,41.712967972375644,3.6759811144417755e-17,48.75111234488254,7.462274640509108e-18
643,39.917500014370496,2.6424638780515956e-16,48.530925806349806,3.083913647903548e-17
644,49.586836459908056,1.5733382389558506e-20,48.11982297587901,3.0840685937744515e-17
645,51.8576882403383,2.1038551137640636e-21,47.927046653343574,3.084088414082167e-17
646,44.0906707012028,4.347452344711508e-18,47.326646356878165,3.127449640863992e-17
647,48.35179413983146,1.6148893976857465e-20,47.17580218454344,3.127548988243349e-17
648,46.44426415713579,1.5913075981549955e-19,46.67836642142787,3.129113890183841e-17
649,36.20976238760147,8.989549148324591e-15,45.63924339015141,9.302144097833243e-16
650,28.832392401519588,5.169324926825657e-12,43.0468820356452,5.178627070829489e-13
651,51.17620584969837,2.637052644941368e-21,43.81800823239819,5.178620025379219e-13
652,53.33272016083872,4.1807696784598614e-22,44.97998345124451,5.178583265986152e-13
653,51.32623248744083,3.4395138872975354e-21,46.12085669855154,5.178319023037861e-13
654,49.390364897878136,2.3091804472373957e-20,46.101209542348556,5.178319030396282e-13
655,47.69221876219,4.6671506896407003e-20,45.68466259453372,5.178319074963935e-13
656,49.615863253927984,1.2451438723262172e-20,46.237181849806234,5.17831473996303e-13
657,50.34581348349221,8.570396629877671e-21,46.436583784172306,5.178314732384532e-13
658,53.027894950182365,2.661353545293919e-22,47.09494686347697,5.178314573519907e-13
659,52.060383736819745,9.953628937219665e-22,48.6800089983988,5.169325025366946e-13
660,46.0053816850898,5.465908655893643e-19,50.39730792675582,6.451321540596214e-20
661,51.88556563269124,1.7015581445572797e-21,50.468243905055104,6.441966595592373e-20
662,45.353258646088804,1.0485605440586122e-18,49.670297753580115,1.6923391266500036e-19
663,45.87820920436893,6.353273713150603e-19,49.12549542527292,2.3242269840777662e-19
664,49.12749695449825,1.6307731141126334e-20,49.09920863093494,2.3174429107465185e-19
665,39.47432936982727,2.389696313024904e-16,48.27741969169866,2.412404027063405e-17
666,50.04006626551382,9.370329929786388e-21,48.31983999285725,2.41237321597547e-17
667,49.777089771313875,1.2213411548011743e-20,48.262967621639405,2.412409646124652e-17
668,48.81009692885754,2.705751050940977e-20,47.84118781950692,2.4126775598762007e-17
669,48.641182818351844,2.3172403503018268e-20,47.49926772766014,2.4128993302822933e-17
670,51.3084232418316,3.794742423410687e-21,48.02957188333431,2.407471369050634e-17
671,50.77828046441563,3.0490953231489055e-21,47.91884336650675,2.40748484442242e-17
672,47.643309652239196,1.0303176086626266e-19,48.14784846712179,2.3980295565904962e-17
673,48.29597036733302,3.5577629109715724e-20,48.389624583418204,2.3920320591684432e-17
674,48.48953472166876,2.6916501551040034e-20,48.325828360135255,2.3921381468725423e-17
675,46.27387731739649,3.309245161521995e-19,49.00578315489218,5.751079009160037e-20
676,48.48703042980376,6.007005562024675e-20,48.85047957132117,6.25807626606464e-20
677,50.52394478648693,8.879022362322648e-21,48.92516507283848,6.22473237420775e-20
678,55.19431831666481,4.8094070781519323e-23,49.56358721161921,5.954638209821468e-20
679,45.98440810784744,4.745984722596791e-19,49.29790974056876,1.0468898897388074e-19
680,51.945638629833475,1.9309990587038284e-21,49.36163127936895,1.0450261463741007e-19
681,51.4394092537405,1.80763076521164e-21,49.42774415830144,1.0437846818161634e-19
682,47.145444714762306,1.1594379350164975e-19,49.377957664553755,1.0566967144515506e-19
683,46.08652601392925,3.876727413111211e-19,49.157013229213376,1.408791826652956e-19
684,39.775565888622154,2.6201621442725317e-16,48.28561634590871,2.6339808975235508e-17
685,53.36700800196665,3.8288245561957336e-22,48.99492941436573,2.630675481186585e-17
686,44.24604542028363,2.7382601801876357e-18,48.57083091341372,2.6574573824322594e-17
687,46.42917716751279,3.678111211682734e-19,48.1613541515163,2.6610467034203182e-17
688,52.01247991982426,1.6012963929068948e-21,47.84317031183225,2.66106223544354e-17
689,46.09999414871772,7.914223505161833e-19,47.854728915919274,2.6642304742261046e-17
690,42.38470929094405,1.75957480571367e-17,46.89863598203033,2.8401686448068855e-17
691,40.76722650109391,1.1222245572841156e-16,45.83141770676566,3.962375125783348e-17
692,47.920187181430144,5.915168491507806e-20,45.90889195343245,3.961807204697483e-17
693,45.92694679134468,4.0021398365802263e-19,45.892934031174,3.961932617120952e-17
694,52.78876597478987,3.2183764821978266e-22,47.19425403979077,1.3417736912249018e-17
695,52.971617884137544,4.483967975235208e-22,47.154715028007864,1.3417743463683209e-17
696,50.359029263280405,8.539269984033375e-21,47.766013412307544,1.3144771372662851e-17
697,48.74845976822517,2.750450853371079e-20,47.99794167237877,1.3110740711399397e-17
698,50.518245356179,2.8543963777084653e-21,47.848518216014256,1.3110866021397876e-17
699,50.111224257368065,5.7249202433668426e-21,48.24964122687929,1.3032296278370591e-17
700,46.26954779281531,5.075945585958213e-19,48.63812507706641,1.1323480928516503e-17
701,48.91651794236676,2.8574008639220024e-20,49.45305422119369,1.0409275653927047e-19
702,50.898486506737605,3.6960362136960044e-21,49.75088415372444,9.854719166913227e-20
703,47.436025172869776,1.3057454896927558e-19,49.90179199187695,7.158324820025756e-20
704,45.592026044761155,7.254871907545947e-19,49.18211799887408,1.4409978351089507e-19
705,51.10214094999805,2.413328165782511e-21,48.99517030546013,1.4429627664772097e-19
706,52.5289272042007,6.86981501715812e-22,49.21216009955216,1.435110477994892e-19
707,48.35801832228164,7.357475232254663e-20,49.1731159549578,1.481180721783728e-19
708,44.85808016968437,1.9162536441844074e-18,48.60709943630834,3.394579969590427e-19
709,48.15682837290677,7.926371689363219e-20,48.41165984786222,3.468118766240692e-19
710,48.14046201523492,4.3192662985257936e-20,48.59875127010417,3.0037168706301286e-19
711,47.71067104733777,9.363335649978398e-20,48.47816658060127,3.068776218490693e-19
712,47.19910350067963,1.1447401333452348e-19,48.10822827999548,3.17955419561152e-19
713,46.282329723663516,4.182713773156908e-19,47.99285873507485,3.4672510239579354e-19
714,48.36851418562871,4.340541006891339e-20,48.27050754916161,2.7851692432722535e-19
715,47.425046158053966,1.4713833580765277e-19,47.902798069967204,2.9298942509141244e-19
716,50.38427117243094,6.913269136791469e-21,47.68833246679023,2.9361205385491995e-19
717,41.558422457906715,4.977262886506326e-17,47.00837288035273,5.263517465128991e-18
718,42.67502731467605,1.8783684896847848e-17,46.7900675948519,6.950260590395335e-18
719,42.376803522882724,2.2037210429470686e-17,46.21206510984949,9.146055261653041e-18
720,48.36487039743706,4.5222444475168877e-20,46.23450594806971,9.146258239802031e-18
721,48.722156873449215,1.8587079301581347e-20,46.335654530680856,9.138753612082212e-18
722,49.29125234894855,1.7988361577298403e-20,46.54486941550774,9.129105046906488e-18
723,46.5862842363833,1.7341678941343463e-19,46.575264866779726,9.104619588116264e-18
724,47.67465768003291,9.051231388872206e-20,46.50587921622014,9.109330278498243e-18
725,49.017097252500896,2.3239983630654285e-20,46.665084325664836,9.096940443280543e-18
726,48.520081557978074,3.79006685972276e-20,46.478665364219545,9.100039183226587e-18
727,45.44191706086396,1.0634272504775766e-18,46.86701482451527,4.22911902176802e-18
728,47.364227768140296,1.0602018956262159e-19,47.335934869861696,2.3613525510394967e-18
729,48.27177828692725,4.145154288504097e-20,47.92543234626615,1.6177666238093262e-19
730,50.24335842555431,8.474375394606377e-21,48.11328114907788,1.5810185547287638e-19
731,46.89787494887833,1.4801054861609833e-19,47.93085295662079,1.710442024043281e-19
732,32.89689847374058,1.9935306164174733e-13,46.29141756909999,1.993547540954098e-14
733,48.78998696241133,2.1230972140417302e-20,46.51178784170279,1.9935460190959255e-14
734,46.6895354249412,2.9898691005887867e-19,46.413275616193616,1.993548103841887e-14
735,48.237795199293785,3.3733570592696824e-20,46.33534541087291,1.9935482087777567e-14
736,49.068509683130415,1.7955348138330417e-20,46.39018822338814,1.9935480093245518e-14
737,45.67407458947884,8.495465967404564e-19,46.413403976249626,1.9935458705180148e-14
738,50.22287052265307,4.4808202691977e-21,46.69926825170091,1.9935448551243218e-14
739,48.904580588272715,2.873667539207287e-20,46.76254848183546,1.993544727975647e-14
740,44.1455336758186,3.634291270590951e-18,46.15276600686188,1.9935809861445987e-14
741,49.347095745035105,1.862175601019637e-20,46.397688086477565,1.9935796922566727e-14
742,50.634893612778775,4.274489357428165e-21,48.17148760038138,4.911858409290626e-19
743,45.40193355790906,1.0648191067550744e-18,47.83268225993116,5.955446543905283e-19
744,37.30461406779315,3.1523130764661406e-15,46.89419012421636,3.1579695360999867e-16
745,35.10473920574603,2.0291776656272588e-14,45.580884524861574,2.344971245880198e-15
746,16.470058917713864,2.0745552325002316e-06,42.32103944831992,2.0745552559499263e-07
747,42.625982160958785,1.7363738224172905e-17,42.01623020546791,2.0745552559664405e-07
748,46.29102187751238,4.2643274861333443e-19,41.62304534095385,2.0745552559668622e-07
749,48.00930329287167,8.001299067024551e-20,41.533517611413735,2.074555255966914e-07
750,52.44573274933333,1.1571154721292627e-21,42.36353751876521,2.0745552559632806e-07
751,50.8608255649301,3.8473702553124666e-21,42.51491050075471,2.0745552559632657e-07
752,52.86969298940245,3.5229384873867197e-22,42.738390438417085,2.074555255963262e-07
753,54.16387497290002,1.549934810054398e-22,43.61458457991618,2.0745552559621971e-07
754,46.29008420676315,4.281793756932699e-19,44.51313159381318,2.0745552528103124e-07
755,51.800662687475096,1.4119047896787329e-21,46.18272394198608,2.074555232518537e-07
756,48.73268337123985,3.8595964110787564e-20,49.408986387338686,1.8343882981107404e-18
757,55.907684009760686,3.2818028468362393e-23,50.73715657221887,9.801775749629704e-20
758,53.993876306328225,1.964182704833653e-22,51.507442015100466,5.539412446201193e-20
759,53.36710994491158,3.0509685069188475e-22,52.04322268030445,4.7423335080056564e-20
760,53.608328128059455,2.2810644136102786e-22,52.15948221817706,4.733043417697975e-20
761,52.31320738403906,6.190970276363687e-22,52.30472040008796,4.7007606854212136e-20
762,54.01875505438987,1.086484818119434e-22,52.419626606586704,4.6983242317519456e-20
763,50.604322901798206,4.476206861015234e-21,52.06367139947652,4.7415363655520433e-20
764,49.19204949485801,2.356786094474733e-20,52.353867928286,6.954212180668181e-21
765,51.208450753149464,1.1966748881500637e-21,52.29464673485344,6.932689190515313e-21
766,53.800488382401454,2.399681761820571e-22,52.8014272359696,3.0970895970547643e-21
767,54.059175173700915,1.4982671802878748e-22,52.61657635236362,3.1087904660108073e-21
768,51.51742098871799,2.61527022714797e-21,52.3689308206026,3.350675661677267e-21
769,41.3737359413476,5.606039746536294e-17,51.1695934202462,5.609359912512902e-18
770,51.89928020619653,1.77414698789268e-21,50.9986886280599,5.609514516567554e-18
771,50.98432888237366,3.965474263867632e-21,50.86580077789337,5.6098491542911774e-18
772,49.435006260646375,1.471531832231811e-20,50.407425898519016,5.61130982127523e-18
773,49.896376160598,1.2892597822738089e-20,50.336631224399,5.612151460371402e-18
774,51.67473592610734,2.2330173712324662e-21,50.58489986752393,5.6100179760140516e-18
775,49.93719655077801,1.0633463973466952e-20,50.45777444728679,5.610961654922581e-18
776,43.6417904843271,4.3764081473717095e-18,49.44190465747935,6.048578472842134e-18
777,43.57378600717402,4.7899689475936825e-18,48.39336574082667,6.5275603849297e-18
778,39.96998579617081,3.1683476672688283e-16,47.238622221571944,3.821077553059527e-17
779,51.81208125117276,1.1815711340709814e-21,48.28245675255447,3.260485394117238e-17
780,50.05580562537262,7.166884648442634e-21,48.09810929447207,3.260539321493843e-17
781,47.33681627357698,1.4800037031061992e-19,47.7333580335924,3.261979670454311e-17
782,43.15381246490859,9.805244703925467e-18,47.10523865401862,3.3598849643103423e-17
783,48.500077018831284,4.1120462890500714e-20,46.965608739841954,3.360167242961021e-17
784,44.39778414638707,1.4422376908494369e-18,46.237913561869924,3.374567289695802e-17
785,44.571913067318995,2.3546077823886873e-18,45.70138521352402,3.398007032879954e-17
786,43.14736247896656,8.091068188024413e-18,45.651942412987964,3.4351536332864816e-17
787,48.473630567545584,4.7714866509724334e-20,46.14192686902512,3.387731092475642e-17
788,40.64623577971498,9.79164004259079e-17,46.209551867379545,1.1985474294658926e-17
789,44.88796499745479,9.642071521572574e-19,45.51714024200775,1.2081776852761246e-17
790,47.32321865317056,1.516810472689624e-19,45.24388154478754,1.2096228269023297e-17
791,48.36880250597799,5.148229451905134e-20,45.34708016802764,1.208657646144414e-17
792,47.571425611115636,1.607794674767793e-19,45.788841482648344,1.1122129937799271e-17
793,43.94365952750008,2.945294394036408e-18,45.33319973351522,1.1412547330913864e-17
794,51.735500440831224,1.7034606597060128e-21,46.06697136295964,1.126849390789489e-17
795,47.59878700213703,1.1849581708075201e-19,46.369658756441446,1.1044882711364096e-17
796,49.919022088579084,1.336104547991118e-20,47.04682471740269,1.0237111997109646e-17
797,52.41821445788714,4.153188536117132e-22,47.44128310643684,1.0232382042344034e-17
798,44.31144737872415,3.1139780799183217e-18,47.80780426633777,7.521398077450761e-19
799,45.398579442775876,8.028777310782589e-19,47.85886571086987,7.360068656371762e-19
800,47.66116553176715,9.7866805238049e-20,47.89266039872954,7.30625441434085e-19
801,52.89167161424381,5.539445617664689e-22,48.34494730955612,7.255326064383565e-19
802,54.97165343193645,7.636750991272712e-23,49.0849700916382,7.094622964416699e-19
803,47.89419120717315,4.353351001097892e-20,49.4800232596055,4.1928620803912684e-19
804,55.013921350911424,6.067246306588611e-23,49.807865350613525,4.1912192921946283e-19
805,49.001524646530264,2.2291809731226472e-20,49.948139115052854,4.095015284845104e-19
806,51.387484790812564,1.9860758779221924e-21,50.094985385276196,4.0836403152431137e-19
807,50.30616746314919,6.409498346213008e-21,49.8837806858024,4.089634494735716e-19
808,46.610687822797644,1.984397273512468e-19,50.11370473020975,1.1740961421686405e-19
809,49.315167921598885,1.815373971077209e-20,50.50536357809206,3.893721508011536e-20
810,53.73599815529197,1.8383074338480084e-22,51.11284684044454,2.916891763064893e-20
811,50.840083186513446,4.018881264947978e-21,50.90768799767149,2.9515411300967086e-20
812,49.26063275224014,1.811356274702257e-20,50.33658592970187,3.1319130824678074e-20
813,54.30245526591865,8.619949424660859e-23,50.97741233557642,2.697439977300484e-20
814,50.721764816100006,1.9643703998809237e-21,50.54819668209528,2.7164769566686345e-20
815,51.62917403677104,1.4667709401645838e-21,50.810961621119354,2.5082265687580153e-20
816,52.60717404341694,6.239601961454037e-22,50.93293054637979,2.4946054119402478e-20
817,49.170044619906776,2.855825432927874e-20,50.81931826205555,2.716092971770905e-20
818,50.206647838596275,7.967861768941306e-21,51.17891426363541,8.113743159478502e-21
819,48.16240563281078,3.381331010347434e-20,51.06363803475661,9.679700198748725e-21
820,49.8815924927191,8.356389732378436e-21,50.67819746849931,1.0496956097648088e-20
821,51.201657150112815,2.0911954265101575e-21,50.71435486485925,1.0304187513804305e-20
822,40.47985013991442,8.9649264144209e-17,49.83627660362667,8.973419245660002e-18
823,51.661770628202355,1.2362506951334889e-21,49.57220813985506,8.973534250780091e-18
824,40.26753954861896,7.391176751701299e-17,48.52678561310695,1.63645145654414e-17
825,50.06737591843695,9.015679665004472e-21,48.37060580127354,1.6365269456313887e-17
826,50.54569750635807,6.832615623857571e-21,48.16445814756765,1.6365890321856656e-17
827,52.218984997196,1.1742280718865165e-21,48.46935218529657,1.6363151919230915e-17
828,43.787199943165724,4.907401138630907e-18,47.82740739575352,1.685309524691711e-17
829,51.3105041584426,2.663305609546779e-21,48.1422172483167,1.684998024646772e-17
830,49.92195098310366,1.101946156806782e-20,48.14625309735516,1.685024655365129e-17
831,46.213274147544446,4.631579061243846e-19,47.647414797098314,1.6896353224721076e-17
832,52.42451655258302,1.1108379039099705e-21,48.84188143836518,7.931537894090568e-18
833,52.11429163486095,1.2267921014444145e-21,48.88713353903104,7.931536948231199e-18
834,47.6699174724267,1.079407587774384e-19,49.62737133141181,5.511542724076449e-19
835,40.68132262139674,1.0436811080372963e-16,48.68876600170779,1.0987063784814108e-17
836,49.39663902430162,1.7247931798956904e-20,48.573860153502146,1.0988105316431616e-17
837,53.066670069208755,5.72761595702457e-22,48.65862866070343,1.0988045169783998e-17
838,48.61921457540744,3.318437813022397e-20,49.14183012392759,1.0500623493733931e-17
839,49.926626794779345,7.614200021609176e-21,49.003442387561265,1.0501118583175138e-17
840,52.24839449306251,1.0300044972273792e-21,49.23608673855715,1.0500119637468053e-17
841,52.93464398869968,5.157383640296232e-22,49.90822372267267,1.0453855420692017e-17
842,52.4167904687376,6.764403017609686e-22,49.907451114288136,1.0453811980931801e-17
843,51.983506693817276,1.4680648147395234e-21,49.894372620183766,1.0453836108203132e-17
844,50.35487096367454,5.564859916717054e-21,50.16286796930855,1.044359851831706e-17
845,49.338514225286666,2.566593598665408e-20,51.02858712969754,9.354031542762114e-21
846,48.333110171073066,4.2898028961539306e-20,50.922234244374685,1.1919041259020356e-20
847,50.796922070729195,5.029234054542847e-21,50.695259444526734,1.2364688504904393e-20
848,48.31028146487324,6.431274723896558e-20,50.66436613347331,1.547752541577855e-20
849,45.52891232332198,7.640458407346011e-19,50.22459468632758,9.112068948707775e-20
850,48.02871181752337,8.747743271316897e-20,49.80262641877366,9.97654323086719e-20
851,48.05303845619147,3.011494632727031e-20,49.31446586552284,1.02725353104996e-19
852,50.860037568554766,3.551887417136833e-21,49.15879057550456,1.0301289781653355e-19
853,52.05094724956406,1.363472429049888e-21,49.16553463107924,1.0300243857796461e-19
854,45.893621848219915,5.0147301584155175e-19,48.71940971953377,1.5259325417044807e-19
855,55.731068875864544,3.7328806938723037e-23,49.358665184591565,1.5003039345247654e-19
856,43.004430726291,8.508714910196673e-18,48.82579724011335,9.966120815759898e-19
857,46.93688191757059,2.4369481658177305e-19,48.4397932247975,1.020478639828713e-18
858,53.06690481735191,3.0398311724025316e-22,48.91545556004536,1.0140777634165402e-18
859,53.02601114329723,2.0011889977273263e-22,49.66516544204289,9.376931912330575e-19
860,42.07890626073456,1.7588712078347754e-17,49.07018488636401,2.687816655796516e-18
861,53.81306716358479,1.9292673842148045e-22,49.64618775710334,2.6848244538376314e-18
862,52.91467730989622,5.286679080520927e-22,49.85165173123748,2.684522131886723e-18
863,48.79628393909455,3.052338779651932e-20,49.526185400190535,2.6874381234234697e-18
864,51.76793683254394,1.5934885510554096e-21,50.113616898622936,2.63745017069442e-18
865,47.273609813299394,1.7743800117416558e-19,49.26787099236641,2.6551902379311427e-18
866,50.1146240862406,7.247817620221228e-21,49.97889032836138,1.8050435286734973e-18
867,30.029674461234123,4.431092556948533e-12,48.28816958272773,4.431110363689003e-13
868,50.35354548211142,5.562183203855002e-21,48.01683364920369,4.431110368947203e-13
869,51.988637692850645,1.2976485140800772e-21,47.913096304159026,4.4311103700447323e-13
870,49.819504129502725,9.652903792847018e-21,48.687156091035845,4.431092790985558e-13
871,50.37359116509707,7.16352321477179e-21,48.34320849118707,4.431092797956154e-13
872,52.62606071206694,5.360876540149417e-22,48.31434683140414,4.4310927979635736e-13
873,51.337963564739034,2.273465208766142e-21,48.56851479396859,4.431092769713652e-13
874,55.75075854493623,2.644003867724137e-23,48.96679696520782,4.431092768146604e-13
875,49.26125410224759,1.3013622768836837e-20,49.16556139410263,4.4310926037222246e-13
876,35.98125760681694,1.2885415159554064e-14,47.75222474616028,4.443978011633961e-13
877,50.31896294739428,7.374649650410558e-21,49.781153594776285,1.2885462060078111e-15
878,54.06550279539428,1.2522240378345694e-22,50.152349326104584,1.2885456623117312e-15
879,49.18648677899657,1.2515505978869884e-20,49.87213423471917,1.2885467840974774e-15
880,50.83984037084872,4.703923187747286e-21,49.97416785885376,1.2885462891994169e-15
881,44.33155530600734,2.0646838069703148e-18,49.369964272944785,1.2887520412277927e-15
882,34.10395228269879,8.64018612248068e-14,47.51775343000798,9.928938110099708e-15
883,49.32422165160086,2.4178982662434976e-20,47.316379238694154,9.928940300651452e-15
884,54.95892203598892,5.357110601793987e-23,47.23719558779943,9.928940303364558e-15
885,35.862080996375454,1.0818589015602323e-14,45.897278277212216,1.1010797903562513e-14
886,36.293261880362714,1.2711010987358548e-14,45.92847870456679,1.0993357486342963e-14
887,36.855283719836606,4.490102931910186e-15,44.582110781811025,1.1442367042069018e-14
888,42.01490825463129,2.636505313939902e-17,43.377051327734726,1.1445003534860716e-14
889,44.66770817766593,7.979214802829318e-19,42.92517346760167,1.1445082075458146e-14
890,44.52930179267765,1.1987997315203523e-18,42.29411960978455,1.1445201485038977e-14
891,48.66470883421919,2.4285316374452894e-20,42.72743496260574,1.1444997445189918e-14
892,51.14467274387241,3.3869888762021343e-21,44.4315070087231,2.8048116614081278e-15
893,49.71879291595784,1.0117046223330061e-20,44.47096413515881,2.8048102552144833e-15
894,40.04496354087998,2.506981223662112e-16,42.97956828564791,2.8298800620939943e-15
895,47.523364624619184,1.1806192890717535e-19,44.14569664847228,1.7480329667266524e-15
896,46.24307731613629,2.958113135170226e-19,45.14067819204964,4.769614491221498e-16
897,52.13468193388073,1.5883916799319086e-21,46.668618013454044,2.795131477029916e-17
898,47.2420283164592,1.6443968255159196e-19,47.191330019636844,2.5331253424614422e-17
899,44.08266934342758,3.2319436009879802e-18,47.132826136213005,2.5574655636684927e-17
900,30.77827698828069,1.902596659687777e-12,45.75772365577332,1.9028512074444123e-13
901,43.70365841661254,4.416781329233341e-18,45.26161861401265,1.902855599940425e-13
902,42.845726933456746,1.079777018159268e-17,44.431724032971076,1.9028663943236178e-13
903,40.08318334579832,2.5256133659354903e-16,43.46816307595513,1.9031189455431653e-13
904,42.68304320206602,1.081957863114054e-17,43.73197104207373,1.9028790669994298e-13
905,43.305223325834376,7.155329576459292e-18,43.31015691219525,1.9028861042670774e-13
906,36.87058196002963,2.1803127150628403e-15,42.37290737658459,1.9050661211708273e-13
907,41.465749548737406,4.4578708119355916e-17,41.30601413807025,1.9051106982905547e-13
908,37.770129332595914,2.2018893163391633e-15,40.35882423968392,1.9073124231672114e-13
909,53.86916175162587,2.110750597361903e-22,41.33747348050375,1.9073091914346856e-13
910,53.62614329637123,2.293360556621742e-22,43.62226011131281,4.71253197624445e-16
911,48.27334582224387,3.595243194440977e-20,44.07922885187594,4.708151147347161e-16
912,34.94940603044638,2.0053707362652755e-14,43.289596761574906,2.4751060739818322e-15
913,45.248949433656364,1.0306234488647053e-18,43.8061733703607,2.449953002667364e-15
914,42.87961308204252,9.357125208050871e-18,43.82583035835836,2.449806757325055e-15
915,52.807529069891046,6.561111599998189e-22,44.776060932764025,2.449091289978525e-15
916,54.791953676988854,5.968568269080151e-23,46.568198104459945,2.231060024440809e-15
917,50.18785736584172,9.479365152495149e-21,47.440408886170374,2.2266031015653893e-15
918,52.625535537900454,6.270195621187974e-22,48.92594950670083,2.0064142326334285e-15
919,48.980841508517706,2.891371307859888e-20,48.43711748239001,2.006417102897231e-15
920,47.47595652979369,1.3317575237052417e-19,47.82209880573226,2.006430397538862e-15
921,51.497854032803126,1.4015715462245175e-21,48.144549626788184,2.0064269424528225e-15
922,55.9325010845781,1.8349576122334607e-23,50.24285913220136,1.056208022504435e-18
923,49.93410977663245,9.587904762410696e-21,50.71137516649897,9.54104468094206e-19
924,51.30090318017992,3.584543438516286e-21,51.55350417631271,1.875040163297014e-20
925,52.940577304396314,5.126160783534687e-22,51.56680899976324,1.8736052124805508e-20
926,53.109412215546136,3.279351803165751e-22,51.39855485361896,1.8762877074568084e-20
927,47.963928920256656,7.75119130095923e-20,51.17616200906045,2.55661318602778e-20
928,50.08271089221282,6.577091068495122e-21,50.921879544491695,2.6161139010915432e-20
929,53.651223721125476,3.402273942448649e-22,51.38891776575247,2.3303790442480036e-20
930,54.29532808614511,1.4793631255604532e-22,52.07085492138761,1.000100883668322e-20
931,51.02561246030539,3.0180706921083447e-21,52.02363076413784,1.0162658751271604e-20
932,51.11732354077905,5.0323554534275765e-21,51.54211300975793,1.0664059339002127e-20
933,48.633821790557036,3.9059893334862e-20,51.4120842111504,1.3611258196247258e-20
934,50.742888060964134,4.500319996456418e-21,51.356282699228814,1.370283585204127e-20
935,46.37826551615985,3.7170173672574007e-19,50.70005152040516,5.082174791677993e-20
936,50.49479291996688,7.306155540500361e-21,50.438589590847236,5.151956995279832e-20
937,49.174297922528076,2.654343310809917e-20,50.55962649107438,4.6422721962649e-20
938,44.99602147818874,1.9707150257937207e-18,50.05095754967198,2.4283651543517157e-19
939,50.4167708417062,6.597234705845949e-21,49.72751226173005,2.4346221616633166e-19
940,51.8575266824499,1.2159571600112887e-21,49.483732121360525,2.4356901825107715e-19
941,52.206958600839116,1.3352830328975946e-21,49.6018667354139,2.4340073948515615e-19
942,46.81818967114426,2.01536109692533e-19,49.17195334845042,2.6305111490906665e-19
943,53.633439223702624,2.233301900653799e-22,49.67191509176497,2.59167458594587e-19
944,53.077309824012474,5.902866428001545e-22,49.905357268069814,2.587764552592213e-19
945,49.342472790262434,1.6702050559100335e-20,50.20177799548007,2.2327648664255736e-19
946,48.43192383201753,1.688888986522284e-20,49.995491086685135,2.2423476007502965e-19
947,46.06999146080806,2.558287456077085e-19,49.68506044051313,2.4716329132499053e-19
948,47.729973913130934,8.54692230533031e-20,49.958455684007355,5.863871105094881e-20
949,44.23354252612825,2.913014688650229e-18,49.340132852449564,3.4928045644538717e-19
950,43.80524324878244,2.7487873654533657e-18,48.53490450908281,6.240375972747226e-19
951,50.26507319962937,6.926013190141305e-21,48.340715968961845,6.245966702904469e-19
952,47.30112959534673,1.5674497246548215e-19,48.38900996138209,6.201175565677418e-19
953,50.443301049541695,6.671810435808349e-21,48.06999614396599,6.207624045923162e-19
954,48.049559107658816,6.051624292487378e-20,47.567221072330625,6.267550002205234e-19
955,48.10564960368589,5.840520988618552e-20,47.44353875367297,6.30925316153232e-19
956,50.2676730091981,7.871264194417703e-21,47.62711367139103,6.300235535861515e-19
957,51.32466940695088,2.3842380290585203e-21,48.152581466005316,6.046791028282866e-19
958,53.43807063139699,1.5871368594273065e-22,48.72339113783192,5.961480518915505e-19
959,51.64629312205519,1.964756161823723e-21,49.46466619742461,3.0504305864270994e-19
960,49.81159133949342,1.1636896600445727e-20,50.0653010064957,3.132801175741795e-20
961,53.0403437022868,6.8762738747580685e-22,50.342828056761455,3.0704173177151406e-20
962,55.46089094356907,4.160484737505395e-23,51.158804191583684,1.5033836415340692e-20
963,52.67351591884792,7.062689671868063e-22,51.3818256785143,1.443728226847854e-20
964,47.538282714574066,8.971584645889306e-20,51.330698039205835,1.7357242621880464e-20
965,54.048547578187204,1.0160929608068933e-22,51.924987836655966,1.1526882562869984e-20
966,44.082231264897146,4.068504793338303e-18,51.30644366222587,4.1759023547725855e-19
967,43.46722443116383,7.269862717040707e-18,50.520699164647155,1.1443380833784235e-18
968,40.65879047146605,9.095597408179007e-17,49.242771148654064,1.0239919620188835e-17
969,43.568494152384304,7.930121335943547e-18,48.43499125168698,1.1032735278167009e-17
970,49.89499699735868,1.0679740709302196e-20,48.443331817473506,1.1032639562577893e-17
971,54.42833871664294,1.1325476819380975e-22,48.58213131890912,1.1032582125315965e-17
972,51.526062656068625,1.9228807683292394e-21,48.18864849015908,1.1032770252908062e-17
973,47.68928625828891,9.674528417509619e-20,47.69022552410318,1.1042374154428852e-17
974,49.54784385226239,2.0069309139303143e-20,47.89118163787201,1.1035409500696894e-17
975,41.3214076580784,4.4432981872795535e-17,46.618467645861124,1.547869752704684e-17
976,38.958468920446464,3.428748248351287e-16,46.10609141141606,4.935932953122588e-17
977,54.9769035237783,6.347502821958321e-23,47.2570593206775,4.8632349607024635e-17
978,48.24344112571307,6.184206772027198e-20,48.0155243861022,3.954293640561765e-17
979,55.55428299688945,3.3483817311453256e-23,49.21410327055272,3.8749927620405025e-17
980,49.93045531184392,1.0156883333364523e-20,49.21764910200125,3.8749875334667434e-17
981,51.55137077030239,2.3858166487792146e-21,48.929952307367195,3.8750102590855497e-17
982,52.65536292930086,7.773482623231925e-22,49.04288233469042,3.8749988037604895e-17
983,43.4579374914859,6.5871804662688864e-18,48.61974745801011,3.939903155581427e-17
984,48.03063546574648,9.386775548585293e-20,48.468026619358525,3.940641140044892e-17
985,54.59748703302368,1.0080119808890057e-22,49.795634556853045,3.4963123293289173e-17
986,57.63842928497614,2.411091434673372e-24,51.66363059330602,6.756410508854531e-19
987,55.74897777535289,1.8084726779491734e-23,51.74083801846348,6.756365118553092e-19
988,55.44651100529293,4.851344942247102e-23,52.46114500642146,6.694571564282243e-19
989,61.10730388004761,1.351890908419987e-25,53.01644709473728,6.694538215654022e-19
990,46.617053056528945,2.243526654264849e-19,52.685106869205775,6.908733997747143e-19
991,45.010030439736745,1.5595091517206327e-18,52.03097283614922,8.465857332818996e-19
992,47.7395388480769,9.891351604671718e-20,51.53939042802682,8.563993500603388e-19
993,45.99051267545834,4.806746831558175e-19,51.792647946424076,2.4574877174903214e-19
994,50.99500311288682,3.343310147215952e-21,52.08908471113809,2.3669632721516845e-19
995,42.8061115801264,1.3426244844781183e-17,50.90994716584837,1.5793107315734778e-18
996,51.58432245224318,1.529799057162326e-21,50.304536482575074,1.5794634703700505e-18
997,45.300581041619225,1.2258837200289561e-18,49.259696809201714,1.7020500339002681e-18
998,48.90159755069422,4.6621958366495684e-20,48.60520546374183,1.7067073783919757e-18
999,48.35092010002758,2.356636478885604e-20,47.32956708573984,1.7090640013519519e-18
1000,50.28229582702027,7.833833113739913e-21,47.69609136278896,1.6874121181206776e-18
1001,50.97666226895519,2.0687971249093643e-21,48.292754545710814,1.531668082661105e-18
1002,48.48796575073405,4.861308230945714e-20,48.36759723597653,1.526638039287379e-18
1003,51.49498753951936,2.445553509232853e-21,48.918044722382625,1.4788151263227209e-18
1004,51.4778709053133,1.3728899255139636e-21,48.96633150162528,1.4786180843005506e-18
1005,53.9286098841936,1.4173465445915255e-22,50.078581332031995,1.3600777328787824e-19
1006,48.83540799125098,2.602793688083325e-20,49.80368988593277,1.3845758707024534e-19
1007,43.54307055356359,3.849083376168035e-18,49.62793883712722,4.0077755268415324e-19
1008,52.57801863626202,7.155839033740715e-22,49.99558094568399,3.9618691523784112e-19
1009,44.13684551108559,4.157864877333928e-18,49.574173486789796,8.096167664923484e-19
1010,49.661990370348235,1.104164669387605e-20,49.51214294112259,8.09937547850362e-19
1011,53.0525498785853,3.0318121790972013e-22,49.7197317020856,8.09760986259662e-19
1012,50.33153715641085,8.49877587337777e-21,49.90408884265328,8.057495556160538e-19
1013,55.48812162531818,2.077061863285523e-23,50.30340225123316,8.05507077326994e-19
1014,53.710735014218024,1.9269517840844891e-22,50.52668866212364,8.053890578522837e-19
1015,47.063618775899435,1.7671964753650184e-19,49.840189551294216,8.230468491404877e-19
1016,53.605142915780206,3.266194401918713e-22,50.31716304374715,8.204767173964235e-19
1017,41.931265834642105,4.011381624929952e-17,50.155982571855,4.446950004709572e-18
1018,50.56801635568807,3.009642173719419e-21,49.954982343797596,4.4471794105366064e-18
1019,42.80137205116541,1.3364815934828592e-17,49.82143499780558,5.3678745162860726e-18
1020,47.52097302585826,1.2727062731680961e-19,49.60733326335659,5.379497414348366e-18
1021,50.44659197611325,5.1313911228558534e-21,49.34673747310938,5.379980235338861e-18
1022,48.84455191650865,3.4304751502427446e-20,49.19803894911916,5.382560832901765e-18
1023,44.2535432354501,2.532015810356963e-18,48.07458111013234,5.635760336875599e-18
1024,51.38319283292486,2.1695253267076376e-21,47.84182689200303,5.6359580198904286e-18
1025,48.5132956827877,3.4885736313592306e-20,47.986794582691864,5.621774628768137e-18
1026,51.16511069671659,3.102198807164831e-21,47.742791360785496,5.6220521867048356e-18
1027,44.69176028744345,1.5012555787295671e-18,48.018840806065626,1.7607961196478404e-18
1028,47.29033364820403,1.260515629770604e-19,47.691072535317225,1.773100311728174e-18
1029,46.16480486227277,2.9220166072266774e-19,48.02741581642796,4.658388843175816e-19
1030,50.06058646942357,9.609663251256165e-21,48.2813771607845,4.540727879110263e-19
1031,35.67907633446381,1.597488365140431e-14,46.804625596619545,1.59794192478923e-15
1032,46.58629788380175,2.441260534377121e-19,46.57880019334886,1.5979629069194233e-15
1033,40.29543026753597,1.1550749625344151e-16,46.18298889655745,1.609260454963732e-15
1034,54.80181761023347,6.570584550013994e-23,46.5248513742883,1.6092602445817838e-15
1035,47.30638423876574,1.2453935566869637e-19,46.40416022988611,1.6092692099437195e-15
1036,57.42845967652594,4.625186714467996e-24,47.030495127867056,1.609268900186357e-15
1037,52.83026408191265,4.68941453375195e-22,47.844345507313975,1.6091188215226298e-15
1038,48.826885262261385,3.712746385259806e-20,47.998000668719705,1.6091099291127171e-15
1039,38.91412710741102,4.740494538286232e-16,47.27293289323353,1.6564856543295073e-15
1040,56.49092729626998,1.7774769713387784e-23,47.915966975918174,1.656484695140659e-15
1041,55.96140787804188,3.1066495870417667e-23,49.94420013027598,5.899633310687749e-17
1042,53.049905007069555,3.4333962760618507e-22,50.590560842602756,5.897195483549647e-17
1043,56.90388980496122,1.0568623563629965e-23,52.25140679634528,4.742120626701468e-17
1044,44.59828880877177,1.386969987146385e-18,51.231053916199116,4.755989669514477e-17
1045,45.72348633464328,7.7929220444426215e-19,51.07276412578686,4.7625371980022326e-17
1046,54.94298081449634,4.314134302294707e-23,50.824216239583905,4.7625375831637964e-17
1047,43.899379075870584,3.3441967477970458e-18,49.9311277389797,4.7959748612272333e-17
1048,47.783626765485174,8.457344261492717e-20,49.826801889302075,4.7964493210148554e-17
1049,42.95541512757874,9.121004383096138e-18,50.23093069131885,1.4716482655958535e-18
1050,54.989615653828395,7.463809479309821e-23,50.08079952707469,1.4716539519283614e-18
1051,49.44065178665513,1.9687861774614746e-20,49.42872391793601,1.4736196314562359e-18
1052,52.69936455885313,4.2130175551906706e-22,49.39366987311437,1.4736274276690274e-18
1053,54.17456904443817,9.316379069552801e-23,49.12073779706207,1.4736356871857406e-18
1054,48.096451026980205,5.643667582944276e-20,49.470554018882915,1.3405823560540462e-18
1055,42.33074133189388,2.535777264608169e-17,49.131279518607975,3.798430400217789e-18
1056,52.712396960659795,7.029138133252916e-22,48.90822113322432,3.798496377464819e-18
1057,48.28966160254054,4.39027945013699e-20,49.34724938589132,3.4684669821352514e-18
1058,51.761953366041006,1.6851226643661906e-21,49.745082045946894,3.4601781501401955e-18
1059,49.31545950044527,1.2469129863660202e-20,50.38108648323355,2.5493246248169478e-18
1060,50.41406896402992,4.8709727934540065e-21,49.92353181425371,2.5498042582868135e-18
1061,54.753801732065654,6.899164025963396e-23,50.454846808794755,2.5478423712733783e-18
1062,53.14488848420564,3.345825692232941e-22,50.49939920133001,2.5478336993547487e-18
1063,55.48635537143979,2.1895902878923993e-23,50.63057783403018,2.547826572565967e-18
1064,49.96970221139991,1.0289258506818575e-20,50.817902952472146,2.5432118308337046e-18
1065,49.157596945121014,1.5739648509288446e-20,51.50058851379485,9.008531076464446e-21
1066,52.3434556289011,6.5562296722008035e-22,51.46369438061898,9.003801991853926e-21
1067,52.31415931012517,6.827397368547181e-22,51.866144151377455,4.681796515402407e-21
1068,49.658827814437046,8.994590286939534e-21,51.65583159621705,5.4127432776597426e-21
1069,53.34875460770456,2.4191238576778273e-22,52.05916110694299,4.190021529870499e-21
1070,51.34865219256192,2.0666404666243428e-21,52.152619429796175,3.909588297187533e-21
1071,56.17485309990034,2.2271173370520992e-23,52.294724566579646,3.904916250498622e-21
1072,50.253335400378205,4.578057626967132e-21,52.00556925819691,4.329263756273006e-21
1073,56.75506455998907,6.100262882278119e-24,52.13244017705183,4.3276841922733406e-21
1074,55.80573964371054,3.220003602329627e-23,52.71604392028289,3.3019783451938133e-21
1075,53.77422072563305,2.5155607895146372e-22,53.1777062983341,1.7531691021601153e-21
1076,55.397682158554865,2.6019826103297916e-23,53.48312895129948,1.690208788048437e-21
1077,52.14778630792798,1.2508444084126673e-21,53.46649165107975,1.7470192552042318e-21
1078,52.731464062812705,3.88864954550159e-22,53.773755275917324,8.86446721965294e-22
1079,54.741384810403886,6.817009179314956e-23,53.91301829618726,8.690724925678309e-22
1080,49.95964888910845,8.442579646208816e-21,53.7741179658419,1.5066664105262778e-21
1081,52.169116576260414,8.435914551041264e-22,53.37354431347791,1.5887984386996389e-21
1082,55.36047264662048,3.473899522259806e-23,53.884258038102146,1.134466575525185e-21
1083,47.386488735132964,1.5708400296677522e-19,52.94740045561654,1.684225684591448e-20
1084,49.856585143557396,1.032818783518189e-20,52.35248500560122,1.7871855625830337e-20
1085,55.50160023881437,4.9756019505925064e-23,52.52522295691934,1.7851675619885782e-20
1086,50.68006368379909,2.2172899661137275e-21,52.053461109443774,1.8070802633886826e-20
1087,48.393100359342846,4.8580874023079856e-20,51.67799251458526,2.280380559535355e-20
1088,51.71369015522115,1.531737872826769e-21,51.5762151238261,2.2918092887181204e-20
1089,47.98368482292335,8.913054770098502e-20,50.90044512507805,3.1824330648100394e-20
1090,53.26141147096805,2.0515275420646413e-22,51.23062138326401,3.100058795890016e-20
1091,52.563865845632535,3.5699593236789175e-22,51.270096310201225,3.0951928406626534e-20
1092,49.375818512375474,1.7787929887883413e-20,50.671630896776726,3.2727247495892615e-20
1093,49.7708621194504,1.0560454324908086e-20,50.91006823520847,1.80748926317059e-20
1094,51.60320641018716,1.878994869101573e-21,51.08473036187144,1.7229973335097873e-20
1095,55.04182862866389,3.553546957081226e-23,51.03875320085639,1.7228551280104362e-20
1096,54.88105947632791,9.659667269656998e-23,51.45885278010927,1.7016481950762646e-20
1097,53.03772194282395,3.1277256531800695e-22,51.92331493845738,1.2189671804986463e-20
1098,54.43864145704135,1.1273332744196624e-22,52.19581006863941,1.2047771350447982e-20
1099,48.02677239784747,7.2073033033642e-20,52.20011882613181,1.0342019883713677e-20
1100,53.99398762184014,1.4388524608091018e-22,52.273376441219035,1.0335893132901122e-20
1101,47.408793711072896,1.1671131769594997e-19,51.75786922776306,2.197132530925933e-20
1102,60.000665926964615,5.284303683195477e-25,52.82035396922198,2.0192585163507823e-20
1103,56.54433753644423,1.9569822911294684e-23,53.49770151092137,1.913849671330814e-20
1104,60.32136300802627,2.4113652798268737e-25,54.36951717070527,1.8950621340050784e-20
1105,53.060997866338475,4.3800805072615235e-22,54.17143409447273,1.8990868598166314e-20
1106,53.52336628680501,1.8792168409295176e-22,54.03566477552043,1.9000001099305954e-20
1107,48.31938074286623,5.710446091618001e-20,53.56383065552467,2.4679169934392154e-20
1108,49.458363715538425,1.2230621290181762e-20,53.065802881374374,2.5890958730666138e-20
1109,51.05019559284385,1.4972829661558003e-21,53.36814520087402,1.8833383723917517e-20
1110,53.1012207183334,3.0760256744665095e-22,53.27886851052334,1.884975545605409e-20
1111,53.17448447470454,1.8095147787208577e-22,53.85543758688651,7.196718834246302e-21
1112,58.09898364073527,2.3900872509223288e-24,53.66526935826357,7.196904999934559e-21
1113,52.3056628449995,9.624057347449077e-22,53.241401889119096,7.291188591117922e-21
1114,56.691197537697576,7.601985931281484e-24,52.87838534208622,7.291924676058252e-21
1115,54.29984528289858,1.5589342113096108e-22,53.00227008374223,7.263713213098736e-21
1116,55.927530815206524,3.466609087684414e-23,53.24268653658239,7.248387653777122e-21
1117,51.21696042644797,2.687780663407407e-21,53.532444504940564,1.806719628499862e-21
1118,51.04494563360831,2.7719224827285605e-21,53.691102696747556,8.608497477545422e-22
1119,52.737032993455976,6.039881433115365e-22,53.85978643680876,7.715202654701158e-22
1120,50.26965580917967,6.563220348166118e-21,53.57662994589339,1.3970820435420626e-21
1121,51.06301931630744,3.400283496500072e-21,53.36548343005368,1.7190152454048612e-21
1122,47.70649260535389,9.046612391367607e-20,52.32623432651555,1.0765388628047375e-20
1123,51.94411734484435,1.4646722008939915e-21,52.290079776500036,1.0815615274662284e-20
1124,54.87418412903115,3.64946349740104e-23,52.108378435633384,1.0818504539566557e-20
1125,46.193475142068955,3.946532672629548e-19,51.29774142155041,5.026824192374894e-20
1126,46.51629578785612,3.005230513261849e-19,50.35661791881538,8.031708044727974e-20
1127,49.15645273514921,3.207881810271524e-20,50.1505671496855,8.325618419121053e-20
1128,50.2399064555606,7.64957932429306e-21,50.07006323188074,8.374394987536698e-20
1129,47.006066636424904,1.6951737642409186e-19,49.49696659617762,1.0063528870344502e-19
1130,57.242594871346064,7.056885100989559e-24,50.194260502394265,9.997967235713851e-20
1131,58.88180779439113,1.8658152499900405e-24,50.97613935020264,9.963983058901349e-20
1132,51.16911031796111,4.421194642664883e-21,51.32240112146336,9.103533766191237e-20
1133,51.08768622658845,3.8979791587267384e-21,51.23675800963777,9.127866835769565e-20
1134,53.6326501370426,1.7599249403165318e-22,51.112604610438915,9.12926181436014e-20
1135,55.872909196694046,2.6042036077335425e-23,52.08054801590142,5.182989562091367e-20
1136,48.867711903041446,1.6831128930017264e-20,52.31568962741996,2.34607033812969e-20
1137,48.599930055441824,3.815949508827066e-20,52.260037359449214,2.4068771079852443e-20
1138,51.41697098175564,2.375432494598991e-21,52.377743812068715,2.354135639688304e-20
1139,56.45140958050886,1.6217612299091006e-23,53.32227810647712,6.591240515703759e-21
1140,54.096983721476015,1.5147314239639353e-22,53.00771699149011,6.605682141433299e-21
1141,53.283498933496986,4.1131974139400553e-22,52.4478861054007,6.6466275340477015e-21
1142,48.31666862623741,3.571221709572441e-20,52.162641936228326,9.775729779353654e-21
1143,54.20919087935715,1.4938564128914498e-22,52.47479240150519,9.400870427609895e-21
1144,57.60682018121516,2.9915686195848535e-24,52.872209405922455,9.383570335068687e-21
1145,52.483464206867254,5.209635518871634e-22,52.53326490693977,9.433062486649672e-21
1146,53.269563133891246,4.1145101352810006e-22,52.97345003002475,7.791094695000755e-21
1147,51.45089676771844,1.743649025267536e-21,53.25854670125242,4.149510088700443e-21
1148,51.52156467719263,1.6101495202499507e-21,53.26900607079612,4.0729817912655375e-21
1149,46.98620083911284,2.25280047444883e-19,52.32248519665651,2.6599364774523928e-20
1150,53.60776206971156,2.0407457880557851e-22,52.273563031480066,2.660462491816485e-20
1151,44.954130195340845,1.873181891842354e-18,51.440626157664454,2.1388168212826085e-19
1152,55.20012284953154,6.009997030238012e-23,52.128971579993866,2.1031647041571866e-19
1153,54.302570553437,1.415852639636179e-22,52.13830954740185,2.1031569037798616e-19
1154,53.8762813001365,2.1544730831771776e-22,51.765255659293985,2.1033693595195593e-19
1155,50.36580280342238,9.765506215189667e-21,51.55348951894949,2.112613902182862e-19
1156,51.29229364040294,2.3558537388566335e-21,51.355762569600664,2.1145583049081897e-19
1157,54.243759364576036,1.367882712880427e-22,51.635048829286426,2.1129514441542108e-19
1158,49.918545489091585,6.530199200728357e-21,51.47474691047633,2.1178714938346893e-19
1159,52.85690664779519,5.686125483460802e-22,52.06181749134455,1.893160058938152e-19
1160,56.33064808209627,1.543705002160661e-23,52.33410609258302,1.8929714214093677e-19
1161,56.70844288927237,8.325105161290954e-24,53.509537361976186,1.9797854672175393e-21
1162,53.4152340763515,2.9204182201762374e-22,53.331048484658176,2.0029796523890636e-21
1163,53.29947959055437,2.212567418152475e-22,53.23073938836992,2.0109468001742266e-21
1164,56.84246946176453,7.011331723196022e-24,53.52735820453272,1.990103202514775e-21
1165,55.32765722198922,3.9976378526705834e-23,54.023543646389406,1.0175502188484784e-21
1166,57.172814169702576,5.5923868436544596e-24,54.611595699319366,7.825240836471805e-22
1167,53.73751681413503,1.2340081290590278e-22,54.56097144427527,7.811853378089665e-22
1168,53.71011040957068,1.4251110472624602e-22,54.94012793632318,1.424165282087554e-22
1169,50.97167670582146,3.479991172155151e-21,54.7516049421258,4.335543905896626e-22
1170,49.89435539510912,1.0847359329806205e-20,54.10797567342708,1.5167466185681223e-21
1171,52.30206042512812,9.968599943138361e-22,53.66733742701266,1.6156001074833771e-21
1172,55.803222531728736,2.238350731388311e-23,53.906136272550384,1.588634276013003e-21
1173,58.02390272288912,2.929552249142092e-24,54.37857858578386,1.5668015570563924e-21
1174,56.123655823164434,1.6841852072301897e-23,54.30669722192384,1.567784609091303e-21
1175,54.07539401272424,9.906080634564965e-23,54.181470900997354,1.573693051873197e-21
1176,55.62898103308875,2.5870044905376433e-23,54.02708758733597,1.5757208176793696e-21
1177,49.040199803683,3.1255833040901815e-20,53.55735588629076,4.688964040478961e-21
1178,52.530034629433686,5.797116689190823e-22,53.439348308277054,4.7326840968982444e-21
1179,59.77354630619925,6.626995540107469e-25,54.31953526831484,4.38475124963813e-21
1180,52.14636395843939,1.4708470675618888e-21,54.54473612464786,3.447100023413698e-21
1181,56.94666965894114,1.0401679158334742e-23,55.00919704802917,3.3484541918981485e-21
1182,51.25710580111044,2.511679276236602e-21,54.554585374967346,3.5973837687904206e-21
1183,49.157664796778896,1.3250041238756847e-20,53.66796158235633,4.922094937441191e-21
1184,55.70757468495021,3.019316528288749e-23,53.6263534685349,4.923430068762249e-21
1185,51.82273584371682,1.8042593462267022e-21,53.40108765163416,5.093949922750355e-21
1186,54.09180189603517,1.7043923391720694e-22,53.24736973792879,5.108406841651537e-21
1187,55.48985714972523,3.1143991560298344e-23,53.89233547253302,1.985937936717386e-21
1188,51.84591683114472,9.874179795600626e-22,53.82392369270413,2.0267085677814838e-21
1189,43.990338659083115,1.3629405939489532e-18,52.245602927992515,1.383207016927214e-19
1190,53.89409380460402,1.8665630509425337e-22,52.42037591260898,1.3819228261647465e-19
1191,50.30727785350251,8.798348524027492e-21,51.75643673206512,1.3907107730096156e-19
1192,49.00641759455473,1.788537992515854e-20,51.53136791140954,1.4060844736585376e-19
1193,43.366664637338985,6.5779040448681494e-18,50.952267895465546,7.970738477287931e-19
1194,51.610049397144515,1.9921078954767616e-21,50.54251536668498,7.972700392018124e-19
1195,52.7752123211079,7.846626119864204e-22,50.637763014424095,7.971680795283883e-19
1196,54.32828943855023,1.2106365738391382e-22,50.6614117686756,7.971631419707352e-19
1197,44.57488164876161,1.6373476310863606e-18,49.569914218579235,9.608947906802152e-19
1198,47.33330896400488,4.886720991765314e-20,49.11865343186525,9.656827698740244e-19
1199,56.4682453799713,1.228966875751657e-23,50.366444103954066,8.293899394460048e-19
1200,54.66677123501079,9.575830069163858e-23,50.443711846994745,8.2938084964556445e-19
1201,47.73098478482599,8.013062692247038e-20,50.18608254012709,8.365140774854087e-19
1202,46.43060617774951,5.059763201008456e-19,49.92850139844656,8.853231715029776e-19
1203,53.688361211002054,1.8612101623359543e-22,50.96067105581288,2.27551379117786e-19
1204,52.20790979550062,1.2787308130716472e-21,51.020457095648496,2.274800414095455e-19
1205,49.04341185542078,2.6508142510551456e-20,50.647277049079776,2.3005238939940193e-19
1206,56.606750986668594,1.5488752919332228e-23,50.87512320389162,2.300418319089555e-19
1207,59.262115126006,7.571923606271618e-25,52.34384655161606,6.63071445195555e-20
1208,59.13471835551431,8.91183752942063e-25,53.52398749076699,6.142051264616547e-20
1209,50.240720518088,8.751195931516938e-21,52.901235004578666,6.229440327244142e-20
1210,49.13029636418223,2.3862851656565284e-20,52.347587517495796,6.467111260802877e-20
1211,58.13530236697945,2.160082264644033e-24,53.38801927571116,5.665826592400821e-20
1212,50.43974733131733,2.1685748971004347e-21,53.78893339106793,6.27749140363369e-21
1213,50.78583529583695,2.4222346808124697e-21,53.49868079955142,6.501102770091577e-21
1214,51.34333019523751,4.0766488194181636e-21,53.412222839525114,6.78089457072623e-21
1215,53.38727210373071,3.4827941843639423e-22,53.84660886435611,4.164908261514723e-21
1216,53.53416250485582,3.838577290721469e-22,53.53935001617483,4.201745159130004e-21
1217,56.637420766669926,1.0436228887835915e-23,53.27688058024122,4.202713062782726e-21
1218,56.84069196425666,8.38402400964455e-24,53.04747794111546,4.203462346808395e-21
1219,51.81242000343568,1.3679425523078083e-21,53.20464788965022,3.465137008887482e-21
1220,50.765559189745794,2.8852367057339008e-21,53.368174172206594,1.3673755138043442e-21
1221,53.38189125056343,3.083940618855506e-22,52.892833060564975,1.3979989117664347e-21
1222,53.90143451264675,1.484726979820281e-22,53.239001778697926,1.1959886918545943e-21
1223,45.6489433105644,8.485665521357591e-19,52.725312580170666,8.581042043734926e-20
1224,55.51218484845861,4.774402239418122e-23,53.142198045492776,8.540752995764685e-20
1225,54.43938095661215,8.581154050903667e-23,53.24740893078092,8.538128316985413e-20
1226,52.08122039760828,1.2485148346954368e-21,53.10211472005617,8.546774888041645e-20
1227,51.87972885375182,1.8584360036425727e-21,52.626345528764354,8.565254885789193e-20
1228,54.03194621597733,1.9200852682494724e-22,52.34547095393642,8.567091130817346e-20
1229,49.49570760452606,1.8929471134547058e-20,52.113799714045456,8.742706416639737e-20
1230,55.27420771211866,5.679617627480406e-23,52.56466456628275,8.714422011345147e-20
1231,50.00242386333259,1.034279718729377e-20,52.22671782755966,8.814766042599229e-20
1232,54.54918390549269,9.416584141134337e-23,52.29149276684426,8.814222974033522e-20
1233,57.58695139083887,1.661234041494861e-24,53.485293574871704,3.2857406501634643e-21
1234,54.75820801299977,5.919372023722509e-23,53.409895891325824,3.286885619947769e-21
1235,57.39874402417173,5.486303465568294e-24,53.70583219808178,3.278853096243422e-21
1236,60.68136961341408,2.3636451891357103e-25,54.565847119662365,3.1540252492257703e-21
1237,50.72903723553553,3.0352684852489885e-21,54.45077795784073,3.2717084973864116e-21
1238,54.51111651053248,1.0007495543054738e-22,54.49869498729625,3.2625151402469714e-21
1239,48.082856504183226,6.996753104944403e-20,54.357409877261965,8.36632113173667e-21
1240,50.91338122853639,2.432723895723128e-21,53.921327228903735,8.6039139036815e-21
1241,50.498535882679164,5.136720171145827e-21,53.970938430838395,8.083306202066706e-21
1242,54.49877065849626,1.0215401422943465e-22,53.965897106138755,8.084105019348514e-21
1243,55.27280868925431,5.33715441168002e-23,53.734482835980295,8.089276050356045e-21
1244,56.02692586736101,2.3858291771683533e-23,53.861354621416424,8.085742507509492e-21
1245,55.73893838043671,3.708991013284916e-23,53.69537405704292,8.088902868176221e-21
1246,55.355111009082634,4.784245232854099e-23,53.16274819660977,8.093663476957183e-21
1247,49.951779851954576,9.656110717078744e-21,53.08502245825167,8.755747700140159e-21
1248,58.25007025923426,2.4006033891521134e-24,53.458917833121845,8.745980264936019e-21
1249,54.66090124453671,4.68724084578722e-23,54.116722307157204,1.753914400837403e-21
1250,58.79079764471541,1.171247450511897e-24,54.9044639487751,1.5107591360101415e-21
1251,54.19106236409929,1.7819430716147958e-22,55.27371659691711,1.014906549611707e-21
1252,48.97924835077417,2.7853472525425773e-20,54.72176436614491,3.790038400731341e-21
1253,50.77981072085681,2.9238593415624062e-21,54.27246456930516,4.0770871804759014e-21
1254,48.93514211728502,3.049552782310939e-20,53.56328619429756,7.124254133609673e-21
1255,50.72636057258052,4.286835570873357e-21,53.06202841351194,7.549228699683722e-21
1256,51.61900042324967,2.6242495069372523e-21,52.68841735492865,7.806869405144595e-21
1257,57.563828973002806,5.071072948764584e-24,53.44962226703346,6.841765440731597e-21
1258,52.19980710957015,1.2820165962306627e-21,52.84459595206706,6.969727040015746e-21
1259,54.35124944553785,1.4995686868394084e-22,52.813630772167166,6.980035486038354e-21
1260,56.83984729196721,1.4472325945488613e-23,52.618535736892355,6.981365593887852e-21
1261,54.48812964761772,9.601062804035705e-23,52.648242465244195,6.973147225975738e-21
1262,49.90440127350246,1.3217450665544435e-20,52.74075775751702,5.509545039987606e-21
1263,56.36351990240973,8.876626211098532e-24,53.29912867567231,5.218046768452475e-21
1264,56.46731061369169,1.519137255096461e-23,54.05234552531298,2.1700131233966324e-21
1265,53.58086281702455,2.919064710297369e-22,54.337795749757376,1.77052021341227e-21
1266,52.12192429387208,1.6612012485267652e-21,54.388088136819626,1.6742153875712214e-21
1267,53.11003355262619,6.165452661626214e-22,53.94270859478197,1.7353628068926074e-21
1268,62.89637825106875,1.732654731206321e-26,55.01236570893182,1.607162879924272e-21
1269,51.54110598016203,3.598783192115725e-21,54.73135136239424,1.9520455122674504e-21
1270,53.612738085495735,2.4759895403706497e-22,54.40864044174708,1.9753581750766083e-21
1271,57.55759067081508,6.536680644147525e-24,54.71558654406683,1.9664107803369872e-21
1272,53.01223878148511,2.7394725162934474e-22,55.02637029486509,6.720604389454781e-22
1273,49.44177165829875,2.138191779917785e-20,54.33419547045399,2.8093645562421533e-21
1274,52.02529197851617,1.0038751312210442e-21,53.88999360693644,2.9082329321091607e-21
1275,44.31123140303709,2.055559474564804e-18,52.9630304655377,2.0843498974148657e-19
1276,51.610171369575895,1.6327319236711713e-21,52.91185517310807,2.0843214280900103e-19
1277,55.27547214897773,4.5628730706046874e-23,53.12839903274323,2.0837505115545534e-19
1278,51.46315905492794,2.5905788994431933e-21,51.98507711312915,2.0863410731274496e-19
1279,61.364421288125875,1.2106154069169565e-25,52.96740864392554,2.0827424109968749e-19
1280,54.151087222972734,1.6492118882561144e-22,53.02124355767323,2.0826597332316633e-19
1281,54.36223987646242,3.665779461475288e-23,52.70170847823798,2.0826898543456334e-19
1282,49.30646619859584,2.0722502474382895e-20,52.33113121994904,2.103138409568387e-19
1283,59.933813840563616,4.579033694405442e-25,53.38033543817553,2.0817569496725783e-19
1284,51.91981449076943,7.7574089089034565e-22,53.36978768940086,2.081528815432248e-19
1285,53.726872201459265,2.3625934735868077e-22,54.311351769243075,2.6205600214802833e-21
1286,54.1119136315592,1.2169994235376431e-22,54.561525995441414,2.4694568233485424e-21
1287,55.67507266011162,3.6425116891925686e-23,54.6014860465548,2.4685364619671297e-21
1288,47.54012098179608,1.191993566760859e-19,54.20918223924161,1.41294142396314e-20
1289,54.28284441457541,1.4311674526510106e-22,53.50102455188655,1.4143713808003843e-20
1290,49.02951981194313,3.039101006019638e-20,52.988867810783596,1.716632269514092e-20
1291,56.20435113080899,1.034722381312536e-23,53.17307893621826,1.7163691638060757e-20
1292,52.329655805231354,6.576821679362445e-22,53.475397896881816,1.5157209607416092e-20
1293,55.968746899872876,9.250942956389632e-24,53.078891202812734,1.515808891137479e-20
1294,54.96723482965837,7.817482261907094e-23,53.383633236701634,1.5088332304547658e-20
1295,52.77279669573987,7.639910219761532e-22,53.28822568612969,1.5141105472009405e-20
1296,52.82530948059483,5.510510374046958e-22,53.15956527103325,1.51840405815145e-20
1297,53.9518871358829,1.2802885939640684e-22,52.98724671861039,1.5193200955764946e-20
1298,60.583867884812484,1.7330675923311231e-25,54.29162140891202,3.2732826188322798e-21
1299,56.03937674350317,2.524807554935231e-23,54.467274641804806,3.2614957518607045e-21
1300,50.84078306172408,3.834659384283952e-21,54.64840096678289,6.058606842694624e-22
1301,60.475937166517866,2.2891010485042605e-25,55.075559570353775,6.048488528986348e-22
1302,57.2686502696792,7.356318745829305e-24,55.569459016798554,5.398162679795933e-22
1303,53.29136895908296,4.366173338711305e-22,55.30172122271957,5.825529070710674e-22
1304,50.84833749213959,4.4781403364582436e-21,54.889831488967694,1.0225494584549848e-21
1305,56.51566316407299,2.0543127633606317e-23,55.26411813580101,9.4820466902073e-22
1306,50.63884239204462,5.580528455637482e-21,55.04547142694598,1.4511524108440087e-21
1307,58.012712299259526,2.7730750177350067e-24,55.45155394328365,1.4386268324061415e-21
1308,52.721241894298856,2.4874773295433157e-22,54.66529134423229,1.4634842750256514e-21
1309,43.50413901870978,4.603697222148796e-18,53.41176757175295,4.618306816823502e-19
1310,56.37098131949314,1.711489430438716e-23,53.96478739752986,4.614489272333523e-19
1311,55.22312975067539,4.260571808424288e-23,53.43950665594561,4.614531649141502e-19
1312,54.663334350897266,7.109657564322833e-23,53.178975064067416,4.6145953893984e-19
1313,59.508453995337625,8.68024156139528e-25,53.800683567692886,4.614159640088685e-19
1314,56.48131596522367,9.624040897726597e-24,54.363981415001284,4.609691123793125e-19
1315,53.52813550287333,2.829191844012994e-22,54.065228648881316,4.609953499849892e-19
1316,60.26723217007279,2.678641075585547e-25,55.02806762668414,4.604373239258363e-19
1317,59.12518496842636,8.98833329183738e-25,55.13931489360082,4.6043713650166735e-19
1318,55.54551659000603,2.306497863448933e-23,55.42174236317154,4.604145682262354e-19
1319,54.12648339355095,8.232827204258781e-23,56.48397680065566,5.307883856008433e-23
1320,54.87534297451748,7.106336813709372e-23,56.334412966158084,5.847368594335498e-23
1321,57.94930532131205,1.121898096927902e-24,56.60703052322176,5.432530394462349e-23
1322,62.0898681512939,7.44489280912119e-26,57.349683903261415,4.7223091273109776e-23
1323,62.8061692866908,2.4992608593903065e-26,57.67945543239674,4.7138788118355216e-23
1324,60.461360176947885,3.442764537041647e-25,58.07745985356915,4.621081167395298e-23
1325,49.63460303151278,1.3218110377196745e-20,57.68810660643311,1.3397299309534975e-21
1326,49.62765192842914,1.3643843666418048e-20,56.624148582268745,2.7040875111845465e-21
1327,49.28435782063333,1.8444970630556515e-20,55.64006586748944,4.54849469090728e-21
1328,54.6016996386212,1.0715017981906076e-22,55.545684172350946,4.556903211025736e-21
1329,58.69596087489982,1.4080132400202976e-24,56.00263192048584,4.54881118514548e-21
1330,58.0787259743953,1.6014338342545246e-24,56.32297022047362,4.5418649917151956e-21
1331,53.49817045252417,3.576966796855372e-22,55.87785673359483,4.577522469874057e-21
1332,53.93566174142239,2.4472253032712206e-22,55.06243609260768,4.6019872780139604e-21
1333,52.05866609980542,1.7437972831963724e-21,53.98768577391915,4.776364507072739e-21
1334,52.3186307253426,7.8882309440039365e-22,53.173412828758615,4.855212388867406e-21
1335,44.35661715436336,3.685258396359547e-18,52.64561424104367,3.7205924098710246e-19
1336,55.26098523817226,3.5473681357800805e-23,53.208947572017976,3.706984039885964e-19
1337,56.21608145722979,8.326667326428969e-24,53.90211993567764,3.6885473959227343e-19
1338,58.38538880577651,2.2233285781876828e-24,54.28048885239316,3.688442469071493e-19
1339,56.425574925408725,1.4195165781981788e-23,54.05345025744405,3.6884552562240355e-19
1340,56.95535260343817,8.670374016017761e-24,53.94111292034834,3.6884623251642166e-19
1341,57.33274808992352,5.5136131834054e-24,54.32457068408827,3.6881101420977146e-19
1342,55.32216704870478,4.785090502522573e-23,54.46322121481652,3.687913270472413e-19
1343,54.623127361371644,9.918725283015679e-23,54.71966734097314,3.6862686604420465e-19
1344,47.128041277751244,1.5900676933799362e-19,54.200608396214,3.8444866066856394e-19
1345,48.481520100101854,4.556902929785878e-20,54.61309869078785,2.047972396239516e-20
1346,55.305320675414556,6.674322218583358e-23,54.617532234512076,2.0482850916477964e-20
1347,57.819343676025476,4.468804725333898e-24,54.777858456391655,2.0482465130217854e-20
1348,56.89144001544245,7.579726565167036e-24,54.62846357735824,2.0483000770016554e-20
1349,56.39718996206746,1.0358945993351025e-23,54.625625081024126,2.048261714803769e-20
1350,55.42165794978243,3.019625099274608e-23,54.47225561565854,2.0484769735735362e-20
1351,49.3461946756153,2.1301954136744905e-20,53.67360027422772,2.2614413788091512e-20
1352,54.77686762800184,6.420495353021536e-23,53.61907033215742,2.261604919294201e-20
1353,60.26300211466098,3.6717078687159233e-25,54.18305780748635,2.2606167184737683e-20
1354,61.16152885407918,2.1044126111567973e-25,55.58640656511916,6.705511295064432e-21
1355,54.812309431130906,7.497817495381977e-23,56.21948549822205,2.156106182773936e-21
1356,57.85139338347755,3.2119364706152714e-24,56.47409276902836,2.149753054202414e-21
1357,62.89321730204434,3.059748834525691e-26,56.98148013163025,2.1493092334787153e-21
1358,52.63887523372119,6.969015879263844e-22,56.55622365345812,2.2182414196148367e-21
1359,57.923313716735336,4.493983203599112e-24,56.70883602892491,2.217654923335862e-21
1360,60.02170624305812,2.414518766932698e-25,57.16884085825247,2.2146594434242567e-21
1361,59.038953436372864,1.3194142788011206e-24,58.13811673432822,8.459597117764609e-23
1362,50.900148772404584,3.5815263978342806e-21,57.750444848768495,4.363281156080525e-22
1363,58.110157298476885,1.0608455588289422e-24,57.53516036715009,4.363974830852483e-22
1364,60.26283090062134,1.601475061182765e-25,57.44529057180431,4.363924537097487e-22
1365,59.650724908087476,7.949541447151036e-25,57.929132119499954,4.289741316288382e-22
1366,55.86893464836081,2.3160381567031222e-23,57.73088624598829,4.309689761384798e-22
1367,54.639691316775036,9.643774839415284e-23,56.905533647461354,4.406096912290605e-22
1368,53.88383115555382,2.139690312723845e-22,57.03002923964463,3.9231643556366056e-22
1369,49.80089211612831,1.1397797312025021e-20,56.21778707958392,1.5316467684458027e-21
1370,50.37555212501272,3.139610399380277e-21,55.253171667779384,1.845583663196161e-21
1371,51.6174888960748,2.456006545603568e-21,54.511025213749576,2.0910523763286375e-21
1372,58.92688412001193,1.144272597713797e-24,55.31369874851032,1.733014163804981e-21
1373,53.517357868377466,1.700362247049136e-22,54.85441880550037,1.7499117017195895e-21
1374,53.85813337081273,2.0928033072155479e-22,54.21394905251951,1.770823720041133e-21
1375,58.49720387480213,2.110191665551498e-24,54.09859694919097,1.770955243793217e-21
1376,57.167043514848196,7.556411169227189e-24,54.22840783583972,1.7693948467534367e-21
1377,50.87186633108817,1.8266617061488765e-21,53.851625337271024,1.9424172425289093e-21
1378,56.90336203198553,5.585646039785154e-24,54.1535784249142,1.9215789040056486e-21
1379,63.06551652210267,2.0080031828347986e-26,55.48004086551164,7.818011808063297e-22
1380,58.38042859749635,1.1093915980756147e-24,56.28052851276,4.679510800281095e-22
1381,57.990380533031235,3.0101414770020732e-24,56.91781767645564,2.2265143961545286e-22
1382,51.27029019385518,3.867551482522004e-21,56.15215828383996,6.092921606078818e-22
1383,54.13369804837519,1.8267562822424933e-22,56.21379230183974,6.105561009598154e-22
1384,54.63702123805892,8.883765511018826e-23,56.29168108856436,5.985118333986788e-22
1385,58.192194606761866,3.5923420491154096e-24,56.26118016176034,5.986600484370351e-22
1386,56.03812190688185,1.581176950309345e-23,56.1482880009637,5.994855842704218e-22
1387,60.498420560578545,3.292459628768999e-25,57.11094342391273,4.1685233825182177e-22
1388,50.44357960925526,6.0921899416432795e-21,56.464965181639705,1.0255127678121713e-21
1389,54.08942646759793,1.776679425108358e-22,55.56735617618923,1.043277554060072e-21
1390,54.89378203255087,8.169374795083715e-23,55.21869151969469,1.051335989695348e-21
1391,50.89260553109622,2.29842624312639e-21,54.508914019501184,1.280877599860287e-21
1392,54.51146657180023,1.1910464912937377e-22,54.83303165729569,9.06032916521024e-22
1393,57.45962853068596,7.257478793714052e-24,55.16562470552676,8.884911015779704e-22
1394,50.07144761414571,1.2696421030704871e-20,54.70906734313544,2.1492494391374386e-21
1395,53.64144286134412,2.0518227271254351e-22,54.253992168593676,2.1694084322037815e-21
1396,52.881513249711546,8.42463818068114e-22,53.93833130287665,2.2520736370602837e-21
1397,59.425091368007685,6.969110699823958e-25,53.83099838361956,2.2521104035709945e-21
1398,60.673332711156455,2.362044387244747e-25,54.85397369380968,1.6429150298505385e-21
1399,56.154425483547485,8.280923571525108e-24,55.06047359540463,1.6259763279566075e-21
1400,60.23194827963685,3.94084421518235e-25,55.59429022011322,1.6178463616036756e-21
1401,60.30461664382019,4.137270702867913e-25,56.535491331385614,1.3880451099980654e-21
1402,59.23464450615366,8.534161418965107e-25,57.00780912482097,1.3762199866993176e-21
1403,51.429766438961515,1.450369904860062e-21,56.40482291564852,1.5205312293059524e-21
1404,53.95543314118307,1.7449580704279942e-22,56.79322146835226,2.683387069397452e-22
1405,44.21874313226458,3.772393267126718e-18,55.850951495444306,3.774871471923403e-19
1406,53.356061510980204,4.827232849115936e-22,55.898406321571166,3.774511731390246e-19
1407,55.39745261661714,3.6331935171337746e-23,55.495642446432115,3.7745473664143483e-19
1408,43.74291292065993,6.116044462477246e-18,53.80260046738247,9.890591592687156e-19
1409,48.4324210615419,3.1985571264270576e-20,53.03040002518189,9.922568883027854e-19
1410,56.841649024687925,9.444417330904161e-24,52.69137009968701,9.922577933360765e-19
1411,55.35160624544249,5.945228590863071e-23,52.19606905984924,9.922636971919603e-19
1412,58.74720821701872,1.3490459637852996e-24,52.147325430935744,9.922637467549426e-19
1413,60.08536937804491,4.318726064706386e-25,53.01288572484409,9.921187529517168e-19
1414,63.8815560795388,7.345761654730905e-27,54.00549801867966,9.921013041055887e-19
1415,58.936647517368314,9.908163568154643e-25,55.477288457190035,6.148620764745527e-19
1416,61.37583730411599,9.311016956099727e-26,56.279266036503614,6.148138134570786e-19
1417,58.11829539007284,3.2481601141277217e-24,56.551350313849184,6.148105050795728e-19
1418,57.374807561298574,5.867243983606034e-24,57.91453977791305,3.206645556246613e-21
1419,63.65707658530494,1.363007981954946e-26,59.43700533028935,8.08979282753753e-24
1420,56.2391847593067,2.429142256740705e-23,59.376758903751224,9.574493351187819e-24
1421,58.266144499641555,3.3701332320878205e-24,59.66821272917114,3.966278083533531e-24
1422,55.166053436834055,5.42431928826195e-23,59.31009725115267,9.255692775416952e-24
1423,54.80343447149754,7.581467318554174e-23,58.78190376049794,1.6793972833324062e-23
1424,51.58416003007876,1.8530818329009315e-21,57.55216415555193,2.0210142154725174e-22
1425,58.00631139680837,3.7333277275382106e-24,57.45913054349594,2.0237567268432402e-22
1426,54.477269387930036,8.425505387859751e-23,56.76927375187735,2.1079186705522765e-22
1427,55.85293306640481,1.4665828612628773e-23,56.54273751951054,2.1193363390507778e-22
1428,55.499182251187364,4.227843638204123e-23,56.355174988499414,2.155747531449212e-22
1429,59.32843028529642,8.252303949725862e-25,55.922310358498564,2.156559131764366e-22
1430,55.67390097499909,3.250077695479587e-23,55.8657819800678,2.1647684861517546e-22
1431,59.86197787310465,4.593977384107935e-25,56.025365317414106,2.1618577506580783e-22
1432,64.93923853392468,4.5834573772090534e-27,57.002683827123164,2.1076191412328355e-22
1433,55.523529440291696,3.2743349854311304e-23,57.07469332400259,2.064547817901605e-22
1434,58.885747511448734,1.4190663234478583e-24,57.80485207213958,2.1288505132412133e-23
1435,57.127103677947396,6.51586966998908e-24,57.716931300253485,2.156675932665722e-23
1436,57.83645924401686,2.030520712312955e-24,58.052850285862164,1.3344306010028766e-23
1437,56.1224398506322,2.9726260409205816e-23,58.079800964284914,1.4850349189686468e-23
1438,30.24418082403938,3.97547815754459e-12,55.55430082157011,3.975478157650815e-13
1439,50.518388146085485,5.4039487722132205e-21,54.67329660764902,3.9754781630539393e-13
1440,57.822894973588184,2.3145878146184085e-24,54.88819600750793,3.975478163023752e-13
1441,61.85434281704797,5.829577552189912e-26,55.087432501902256,3.975478163023351e-13
1442,58.52156640700739,5.337947036075856e-25,54.445665289210524,3.9754781630238803e-13
1443,51.54923936893936,1.5746973634684508e-21,54.0482362820753,3.975478164565835e-13
1444,57.20627034489946,8.988731195619545e-24,53.88028856542037,3.9754781645734045e-13
1445,60.77988762037997,2.0083460440006924e-25,54.24556695966362,3.97547816456709e-13
1446,57.0458207511329,8.311754584811778e-24,54.16650311037523,3.9754781645733697e-13
1447,65.12866810728019,3.296644614938513e-27,55.06712593604003,3.975478164543647e-13
1448,62.82311282089484,2.4415392060011642e-26,58.325019135725576,6.999081846396926e-22
1449,56.6878293226231,1.3242089600897286e-23,58.941963253379335,1.6083751637846024e-22
1450,53.947327267927804,2.170314035073804e-22,58.55440648281329,1.8230919794773643e-22
1451,54.053856232647085,1.7137133446637834e-22,57.774357824373205,1.994405018168221e-22
1452,55.207656355865005,8.653652968262864e-23,57.442966819258956,2.080407753147242e-22
1453,56.17810003868098,1.939128514418592e-23,57.90585288623314,5.2510167482297696e-23
1454,59.5338823297325,7.047245601763185e-25,58.13861408471644,5.1681766818753373e-23
1455,58.68899584025912,8.428604867716668e-25,57.92952490670435,5.1745969406990536e-23
1456,57.844540082288916,4.399238358347196e-24,58.00939683981996,5.1354717784344074e-23
1457,55.14743742577715,6.325622717657342e-23,57.01127377166965,5.768001083753991e-23
1458,61.2124309128499,1.1203103976426394e-25,56.85020558086516,5.768877240231034e-23
1459,56.56298180083277,1.425523307584277e-23,56.83772082868612,5.77900867498049e-23
1460,51.41064318790162,1.8375558246932636e-21,56.584052420683506,2.198425288683932e-22
1461,58.09274640968606,2.5637161662201136e-24,56.987941438387395,2.0296176703837736e-22
1462,59.101935572141336,1.388516309672695e-24,57.37736936001503,1.944469657010818e-22
1463,57.960111067527414,1.747022691945774e-24,57.55557046289969,1.926825394558578e-22
1464,56.1207303458751,1.9583352510387093e-23,57.21425526451394,1.945704022508789e-22
1465,54.821628023954354,9.01521282670607e-23,56.827518482883455,2.0350132902890778e-22
1466,58.36433585056073,1.76880983155228e-24,56.87949805971065,2.0323828617622828e-22
1467,51.48156690781705,1.941608356157971e-21,56.51291100791464,3.9107349907436803e-22
1468,50.29818669158347,5.974439047314388e-21,55.42148658578799,9.885062007018303e-22
1469,51.25435617520591,2.060083234495873e-21,54.8906240232253,1.1930890008438334e-21
1470,60.58527519879096,2.418791713167023e-25,55.808087224314235,1.0093576062916388e-21
1471,57.368687024770146,5.7089079965941595e-24,55.73568128582265,1.0096721254746762e-21
1472,58.537707220951894,1.7028798629667756e-24,55.6792584507037,1.0097035618300058e-21
1473,54.13453478147864,1.2862069526798543e-22,55.29670082209883,1.0223909290876095e-21
1474,57.18088207705184,6.955702326339738e-24,55.4027159952165,1.0211281640692047e-21
1475,55.95096446782089,3.046111744234421e-23,55.51564963960315,1.0151590629867332e-21
1476,55.09871890919657,4.1637672549378224e-23,55.18908794546674,1.0191459492585158e-21
1477,59.52005242828999,5.403660166402739e-25,55.99293649751403,8.250391502443826e-22
1478,59.96486731308315,5.319908446291832e-25,56.959604559664,2.2764844459740675e-22
1479,53.181786704681414,5.266196907942298e-22,57.152347612611536,7.430209022724245e-23
1480,60.548305003374416,2.4755337293284253e-25,57.148650593069895,7.430265764740406e-23
1481,58.95255708247317,1.6816229202042107e-24,57.30703759884019,7.389992913976508e-23
1482,61.036648032329275,2.1193734860919485e-25,57.556931679977936,7.375083488832931e-23
1483,57.00929576920957,8.77570898941929e-24,57.84440777875102,6.176633626047271e-23
1484,53.703493958389515,2.312782917471337e-22,57.4966689668848,8.419859520255209e-23
1485,43.776586689679874,4.557649304470903e-18,56.2792311890707,4.558460829305486e-19
1486,53.56154322820455,2.975431730407064e-22,56.12551362097149,4.558716734805978e-19
1487,58.38350718765761,1.941704551447492e-24,56.01185909690825,4.558718136144512e-19
1488,59.502231236345864,6.911341144370614e-25,55.96559548923452,4.558718295287782e-19
1489,60.89511195624918,1.8327011003503725e-25,56.736928014391296,4.558191858867097e-19
1490,62.679297913243474,4.0408623741491574e-26,56.95002730537821,4.558191651722349e-19
1491,60.388843464256475,3.431561462662107e-25,57.09365594355654,4.558190313255575e-19
1492,58.605487882643764,1.280480456500204e-24,56.85053992858799,4.558191381798683e-19
1493,53.271051501914606,3.31536883271561e-22,56.47671550185849,4.558514142972965e-19
1494,56.43929217062833,1.722858761062284e-23,56.75029532308237,4.5583000932688285e-19
1495,56.73166526168572,1.1606041281157101e-23,58.04580318028296,6.623948392064749e-23
1496,58.63729338880885,1.664715306301317e-24,58.553378196343395,3.665163814720697e-23
1497,60.44437601007897,3.000921772099984e-25,58.759465078585514,3.648747690978322e-23
1498,56.94219485987243,9.7559396583112e-24,58.50346144093818,3.739395746417063e-23
1499,54.274761467808815,7.330079784187049e-23,57.84142639209415,4.4705710237354186e-23
1500,60.680096114602755,1.2074387333952984e-25,57.64150621223007,4.471374376231398e-23
1501,19.23818201155155,1.3024011423604174e-07,53.52644006695958,1.302401142360422e-08
1502,50.35973309615571,5.0471811530453836e-21,52.70186458831076,1.3024011423604725e-08
1503,43.79874697091833,5.084736849533314e-18,51.75463413521114,1.3024011424113164e-08
1504,61.55956084597421,4.6162405546179826e-26,52.26666100274573,1.3024011424113164e-08
1505,57.12889354743439,3.863458786374582e-24,52.3063838313206,1.3024011424113162e-08
1506,59.22195604221359,8.0426498695292e-25,52.36485009666107,1.3024011424113162e-08
1507,52.47141508713954,8.096646357470701e-22,51.56755400436714,1.3024011424113243e-08
1508,55.88524345281667,2.584501032041997e-23,51.46185886366154,1.3024011424113246e-08
1509,51.78445384247156,1.9476995397178267e-21,51.21282810112782,1.3024011424113435e-08
1510,62.360714107309214,3.732212001186338e-26,51.380889900398486,1.3024011424113435e-08
1511,59.306263536628535,8.559019920621652e-25,55.387698052906174,5.092572846982436e-19
1512,53.83053198751785,1.5228692559584202e-22,55.734777942042385,5.087677952754986e-19
1513,52.87647289079988,5.708089471538237e-22,56.64255053403053,3.51191216882593e-22
1514,59.20877307707543,3.173313818417626e-25,56.40747175714067,3.512183337802226e-22
1515,52.00555314495082,6.367734274686033e-22,55.89513771689231,4.145093306484455e-22
1516,58.37631679171246,1.5821308062907097e-24,55.810573791842195,4.145871172303792e-22
1517,61.15901319166157,1.3391607711930675e-25,56.6793336022944,3.336340452633842e-22
1518,59.20993619228576,8.065892349312404e-25,57.011802876241305,3.311302031548353e-22
1519,59.19956403966606,7.308392587420607e-25,57.75331389596075,1.364333331089268e-22
1520,52.74412908018971,6.956078459724882e-22,56.79165539324881,2.0599038549417443e-22
1521,54.756461211128574,7.476602854081741e-23,56.33667516069882,2.1338139814905e-22
1522,56.44883987536467,1.0335222920589118e-23,56.59850594948349,1.9918622788152467e-22
1523,53.90407119115851,1.5462367463756457e-22,56.70126577951936,1.5756770062989875e-22
1524,56.79716232318812,7.944600476687031e-24,56.46010470413063,1.583304275393833e-22
1525,49.35468733903418,1.3569007567172567e-20,56.19501812353896,1.4515538415097798e-21
1526,55.514605815255905,4.421290288385797e-23,55.90884702589331,1.4558169187175364e-21
1527,55.4713159475682,3.029293339800613e-23,55.34007730148396,1.4588328204496248e-21
1528,49.44132422208817,1.2510402265088603e-20,54.36321610446421,2.709792388034992e-21
1529,61.02643780376294,2.4191040899540566e-25,54.5459034808739,2.7097434951500178e-21
1530,59.56482798610978,5.625318148442583e-25,55.22797337146591,2.6402389637342535e-21
1531,58.72272396565916,1.552891467017368e-24,55.624599646918966,2.6329176500268734e-21
1532,53.27109565173308,2.478609474455485e-22,55.3068252245558,2.6566702224793696e-21
1533,60.96720099478715,1.7734072150442261e-25,56.013138204918675,2.641225589087763e-21
1534,56.0267982288568,2.759632353654099e-23,55.936101795485534,2.6431907613937488e-21
1535,57.8355826529348,2.9542972752862956e-24,56.7841913268756,1.2865854344040205e-21
1536,57.019448350003984,8.84182290740928e-24,56.9346755803504,1.2830483264063756e-21
1537,52.714412893597085,3.6057635218266263e-22,56.658985274953295,1.3160766682848412e-21
1538,58.21006894992748,2.9002572795515788e-24,57.535859747737234,6.532646750393609e-23
1539,60.124874351287225,2.496405331025062e-25,57.445703402489656,6.532724051634679e-23
1540,51.339386063389085,2.0130848259245606e-21,56.62315921021758,2.665794699273184e-22
1541,56.37243377115867,1.0165740152471954e-23,56.38813019076754,2.6744075479586386e-22
1542,50.24138426890112,5.07325994611717e-21,56.085159052484336,7.499806546630261e-22
1543,55.1901037624249,6.059645796720007e-23,55.50744932924812,7.560225663875956e-22
1544,52.03475079046168,1.4664762597583558e-21,55.1082445854086,8.99910560009777e-22
1545,57.650292395977615,5.356290199637851e-24,55.089715559712886,9.00150759302212e-22
1546,52.01123791452257,1.5348061495577642e-21,54.58889451616475,1.0527471919672477e-21
1547,57.955037060775396,4.338036648503837e-24,55.11295693288257,1.0171233604138318e-21
1548,40.18852545590838,2.0917593540060775e-16,53.310802583480665,2.091861037339546e-17
1549,49.57166860841147,1.77361101381114e-20,52.25548200919309,2.092038395944522e-17
1550,57.87795014803833,2.513836046779025e-24,52.90933841765801,2.092018290234623e-17
1551,59.3141237372092,4.386241215806733e-25,53.20350741426306,2.0920181929634624e-17
1552,60.74586362141186,1.9428190771333056e-25,54.25395534951415,2.0919674623068204e-17
1553,51.835651582159244,1.0034642119849075e-21,53.91851013148757,2.0919768909843608e-17
1554,52.08997686311182,1.3292088586658515e-21,53.92403273875259,2.09197551831035e-17
1555,58.227605969083164,2.7549795575781184e-24,53.981764096063145,2.0919754922972436e-17
1556,59.12013572393841,1.092102279439204e-24,54.69265387700473,2.0919601551567707e-17
1557,59.12467269571919,1.0541027953547149e-24,54.80961744049911,2.0919601223174323e-17
1558,50.175158032606454,6.606833431147748e-21,55.808280698168915,2.6683664566618354e-21
1559,53.46854226049627,2.9076920649685403e-22,56.1979680633774,9.238323635003806e-22
1560,49.678507242621585,8.523118374978513e-21,55.37802377283572,1.775892817393554e-21
1561,42.74599702069679,1.1487555442579254e-17,53.72121110118449,1.1505313932129067e-18
1562,61.203969689971736,1.2428714687664425e-25,53.76702170804047,1.1505313862134306e-18
1563,54.92994285534184,5.934509908526537e-23,54.07645083535873,1.1504369743021408e-18
1564,56.52854200011384,8.354204523747962e-24,54.52030734905893,1.1503048888367267e-18
1565,53.06339885327024,4.539592913439996e-22,54.00388663747763,1.1503500092679052e-18
1566,55.25832754199829,5.616155424577258e-23,53.61770581928363,1.1503555162131017e-18
1567,54.76040720229641,6.093510717679628e-23,53.181279269941356,1.15036150431354e-18
1568,57.9614812855854,2.421714639051671e-24,53.959911595239234,1.149701063141889e-18
1569,58.20944541993314,2.846304675933422e-24,54.43400191118293,1.1496722708517069e-18
1570,58.50929522530536,1.8298064350090088e-24,55.317080709451304,1.1488201419948526e-18
1571,57.115366058166714,5.200446135883123e-24,56.7540176131983,6.511778154083357e-23
1572,60.2650537576448,2.1680937452399523e-25,56.6601260199656,6.512703376359831e-23
1573,58.523133578606625,1.2608858506121952e-24,57.01944509229209,5.931861244013298e-23
1574,61.78792862116119,7.478320515544514e-26,57.54538375439681,5.849067030827372e-23
1575,47.01125593026925,2.273408589982685e-19,56.94016946209672,2.2747180641000722e-20
1576,53.51996535794657,2.587161913755873e-22,56.76633324369154,2.2767436104713703e-20
1577,56.71479270765584,1.0256532457525671e-23,56.96177179422749,2.276236824724178e-20
1578,54.859427980598156,6.830651944898888e-23,56.65156646372876,2.276895672772277e-20
1579,52.99591527593638,3.3775857442142154e-22,56.130213449329084,2.2802447954697325e-20
1580,55.664828124552386,2.647532884461237e-23,55.84576673925379,2.2804912506938274e-20
1581,60.2935465879428,3.0092646037149533e-25,56.163584792231404,2.280442255497073e-20
1582,56.19110687922613,1.3777739266636758e-23,55.75619010438953,2.2805778647959937e-20
1583,60.08137790418212,3.2929877403233316e-25,55.91201453694708,2.2805685489252287e-20
1584,58.328671423644806,2.9051378967641366e-24,55.56608881719544,2.280596852472144e-20
1585,60.71241990920505,1.8933767470684468e-25,56.936205215089025,7.190155866206472e-23
1586,56.64853675431217,1.0497735173618494e-23,57.249062354725595,4.7079713041867857e-23
1587,61.04958853405572,8.871906538573462e-26,57.68254193736557,4.6062931702653856e-23
1588,58.414296932073626,1.3809099292341913e-24,58.03802883251312,3.9370370750678386e-23
1589,56.63165635491466,1.5950968357272057e-23,58.40160294041094,7.189610144263441e-24
1590,57.04390759604148,6.277356274390266e-24,58.53951088755984,5.169812887241231e-24
1591,53.31514129271191,4.62073603165202e-22,57.841670358036765,5.1347080557724277e-23
1592,52.45873826922161,1.3022513392779948e-21,57.468433497036315,1.8019444055886009e-22
1593,55.1532882510231,5.342774234217196e-23,56.97562453172041,1.8550428491567404e-22
1594,64.30026738233613,5.511198176641775e-27,57.572784127589536,1.8521432224581527e-22
1595,64.17551265240908,5.795394341724628e-27,57.91909340190995,1.8519596801777873e-22
1596,57.41775492494849,3.625098090205979e-24,57.99601521897357,1.8450870430943753e-22
1597,59.0390336836636,1.3662408995578099e-24,57.79495973393436,1.846364564928547e-22
1598,53.42995935195907,3.0706047625953556e-22,57.296525975922904,2.1520441312588483e-22
1599,51.569890470773316,1.7400973520017922e-21,56.790349387508776,3.876190514903369e-22
1600,55.59035341853823,2.4723435440517677e-23,56.64499396975846,3.894636594069496e-22
1601,54.927420888330495,4.9900822975690074e-23,56.806221929320316,3.4824638138799837e-22
1602,54.475534455766386,1.0875299017151845e-22,57.00790154797479,2.288965464773508e-22
1603,62.6755300565468,2.827153640422103e-26,57.76012572852716,2.23556599396774e-22
1604,60.85359824313635,1.8737955643128657e-25,57.41545881460719,2.2357478623259946e-22
1605,61.59237347904826,6.183599843929226e-26,57.157144897271095,2.2358039029300924e-22
1606,56.932087494930805,1.051175448253946e-23,57.108578154269324,2.2426905593224263e-22
1607,57.76933544660006,3.0521119250229414e-24,56.98160833056297,2.244376430347891e-22
1608,59.72185067097531,4.510895468762925e-25,57.610797462464596,1.937767043635232e-22
1609,62.20145187387126,4.921051682194008e-26,58.6739536027744,1.9771890215026164e-23
1610,60.53056685318152,2.5539543697596293e-25,59.167974946238736,1.7325086214671996e-23
1611,60.73614256018601,1.7595400071405604e-25,59.74884711342427,1.235259931717439e-23
1612,56.16084722185719,2.1366216370453635e-23,59.917378390033356,3.6139219370679086e-24
1613,59.78635309557522,4.239059522304351e-25,59.6284606939362,3.65348537865053e-24
1614,59.78213178829751,5.467948946818335e-25,59.52131404845231,3.6894269124755846e-24
1615,53.21461826506281,4.884506829796363e-22,58.68353852705377,5.252831161059529e-23
1616,56.615242344082105,1.4352461416480474e-23,58.65185401196889,5.2912382303989376e-23
1617,54.543088227129736,6.761986128005664e-23,58.32922929002187,5.936915723949276e-23
1618,58.052327850242825,2.62526586778003e-24,58.16227700794862,5.958657487158312e-23
1619,57.40261163745222,5.977609688564807e-24,57.682392984306716,6.017941478875741e-23
1620,59.083881319040124,9.910087202521446e-25,57.53772443089257,6.025297611708504e-23
1621,55.709512574451196,3.5882657274359826e-23,57.0350614323191,6.382364644444961e-23
1622,60.72074433881639,1.3783892000223188e-25,57.49105114401501,6.170080869940447e-23
1623,55.612740288896525,1.386172727985107e-23,57.07368986334715,6.304459083216653e-23
1624,56.99895572967843,9.17128307403066e-24,56.79537225748523,6.390703965010141e-23
1625,52.48428696574719,5.3315034993428325e-22,56.722339127553674,6.837700634556612e-23
1626,61.410749471516944,1.4584873882000537e-25,57.201889840297156,6.695634507780007e-23
1627,61.25199726894687,1.4942961548849247e-25,57.872780744478874,6.020930191134325e-23
1628,62.548323987102314,2.6533568206297653e-26,58.32238035816482,5.994942868138587e-23
1629,64.62555047364432,5.855518019554246e-27,59.04467424178404,5.935225326433135e-23
1630,52.476013417682275,9.16643765034146e-22,58.38388745164824,1.5091752889572073e-22
1631,61.3874930196735,1.271309897467659e-25,58.95168549617047,1.4734197626725944e-22
1632,61.40568816769838,1.1526975205575895e-25,59.020179879058674,1.473397193504648e-22
1633,58.71545739454994,9.967378278791911e-25,59.33045158962402,1.4605322040526758e-22
1634,61.471573483866734,1.438813694053834e-25,59.77771336504286,1.4515048023480506e-22
1635,45.151895182910316,7.826593972941185e-19,59.04447418675916,7.835777517465323e-20
1636,56.918683060808014,7.456718036024913e-24,58.59526754568826,7.835850626158295e-20
1637,56.99005479878753,6.901122159876017e-24,58.169073298672345,7.835918143083739e-20
1638,58.85734409818843,1.3022909828230363e-24,57.79997530978094,7.835930900657885e-20
1639,57.336376762003916,8.782624694050598e-24,57.0710579386169,7.836018668349645e-20
1640,58.164140725969105,2.6001723271279536e-24,57.639870669445585,7.826878232422575e-20
1641,52.01137324041497,1.622164972970995e-21,56.70225869151973,7.843098610842388e-20
1642,58.58896462162881,2.7437545822355047e-24,56.42058633691278,7.843124895690689e-20
1643,57.21479240633342,7.504313998680186e-24,56.270519838091126,7.843189971452398e-20
1644,56.70494490044048,1.3076158864252668e-23,55.7938569797485,7.843319294227346e-20
1645,58.62049965005425,1.1978099765115193e-24,57.1407174264629,1.6737299385925773e-22
1646,61.58836181682938,6.822545257520818e-26,57.607685302065036,1.6663414460091276e-22
1647,59.99982914215039,5.270999119437206e-25,57.90866273640131,1.6599674237611953e-22
1648,59.33499341049783,8.224819553863876e-25,57.95642766763226,1.6594876147337587e-22
1649,64.29452071440073,3.279218901123198e-27,58.652242062871935,1.6507082692586095e-22
1650,59.04779856646293,1.5667616420976473e-24,58.74060784692132,1.6496748585735791e-22
1651,52.90469079984209,7.083810399543057e-22,58.82993960286403,7.358909255568896e-23
1652,61.48141012328915,6.922259778458423e-26,59.11918415303006,7.332163935724387e-23
1653,59.00028826642868,7.650046967866368e-25,59.297733739039586,7.264770842705451e-23
1654,48.46455347334035,5.2849944005190905e-20,58.47369459632959,5.35633449305972e-21
1655,65.07595187722367,1.0892386737944464e-27,59.11923981904653,5.356214820985936e-21
1656,54.46030345367451,1.1468230495358565e-22,58.40643398273104,5.3676762289360365e-21
1657,60.83110219299174,2.486644072928303e-25,58.489561287815164,5.3676483853855716e-21
1658,56.701253505942795,1.4171740850753755e-23,58.22618729735966,5.368983311275109e-21
1659,58.864573194634204,6.985778573663172e-25,57.68319254538301,5.3690528411389554e-21
1660,61.29709602360597,1.3919587514265097e-25,57.908122291097314,5.36891008456226e-21
1661,53.00605940343258,4.1097256110467113e-22,57.918259151456354,5.339169236677296e-21
1662,59.70151751484305,5.81987668329057e-25,57.74026989061176,5.33922051318435e-21
1663,54.59028991174992,6.335401604144596e-23,57.29927005514388,5.345479414318816e-21
1664,54.34678921481937,8.905836150091407e-23,57.88749362929178,6.939084994981753e-23
1665,57.804895951641605,3.5503804877323515e-24,57.16038803673357,6.974577907472339e-23
1666,56.7490918379914,9.4131057108023e-24,57.38926687516526,5.921885915044504e-23
1667,54.78847300130891,6.523515943035157e-23,56.78500395599698,6.571750865275092e-23
1668,55.79428531542061,1.7491979936538192e-23,56.69430713694476,6.604953256132934e-23
1669,57.65845080049941,6.3384768382376164e-24,56.573694897531276,6.661352245941649e-23
1670,54.64794127116111,1.0078392148750163e-22,55.9087794222868,7.667799502065239e-23
1671,52.92602317451642,3.0665818755354485e-22,55.900775799395184,6.624655766553977e-23
1672,54.63046385862798,1.220818931524913e-22,55.39367043377367,7.839654821395598e-23
1673,65.52047925643456,1.83379793262014e-27,56.48668936824214,7.206132998960465e-23
1674,59.68544239195584,7.314025251284295e-25,57.02055468595578,6.322863409202609e-23
1675,48.06254870928996,5.819819181049287e-20,56.04631996172062,5.8826927770925394e-21
1676,54.84128574505355,6.16904416982979e-23,55.85553935242683,5.887920510691289e-21
1677,54.93381799423088,9.754680691811038e-23,55.87007385171903,5.891151675440065e-21
1678,54.39790715290008,9.601994275678524e-23,55.73043603546698,5.89900447172209e-21
1679,59.53605504802775,7.666415600626287e-25,55.91819646021982,5.8984472881942726e-21
1680,54.99194412426793,7.713901617012655e-23,55.95259674553049,5.896082797662534e-21
1681,54.969362407314684,3.039315887956427e-23,56.15693066881032,5.8684562947951375e-21
1682,60.090095314850366,6.212144088314037e-25,56.70289381443256,5.856310226920771e-21
1683,53.85631735243887,2.3529739171141237e-22,55.53647762403299,5.879839782712119e-21
1684,59.60270396591591,9.0023076779528e-25,55.528203781428985,5.879856665536385e-21
1685,60.06007983721838,4.436321961485482e-25,56.72795689422183,6.008184770671346e-23
1686,62.55210840374176,4.4977123939523064e-26,57.499039160090646,5.391730124927762e-23
1687,58.51200129217131,1.5678368427176307e-24,57.8568574898847,4.431940424173834e-23
1688,60.80033741520428,8.489901373505992e-26,58.49710051611512,3.472589986743333e-23
1689,58.48026274749636,2.444022207746674e-24,58.39152128606198,3.489363793220173e-23
1690,58.885001653299746,6.873669796614827e-25,58.780827038965164,2.724847301315523e-23
1691,50.28291878261648,9.243126330491424e-21,58.31218267649534,9.485217901743413e-22
1692,61.16375357453633,1.6953924966398185e-25,58.41954850246394,9.484766226584245e-22
1693,51.801596169211685,1.3691392035885765e-21,58.21407638414123,1.0618608038461409e-21
1694,37.22067274116805,3.2227127234338896e-15,55.97587326166645,3.2227233411416973e-16
1695,35.13873883254097,2.133171562888455e-14,53.4837391611987,2.4554438969582616e-15
1696,48.13450687674846,6.088782356827909e-20,52.04197900849937,2.4554499857361205e-15
1697,63.35477990778596,1.2920233624354317e-26,52.526256870060834,2.4554499855806285e-15
1698,56.4937055822953,9.430341647317856e-24,52.09559368676993,2.455449986515173e-15
1699,60.409017043082436,3.9103934678659344e-25,52.28846911632854,2.455449986309875e-15
1700,59.26104537891612,8.976862789682247e-25,52.326073488890174,2.4554499863309063e-15
1701,55.44853955513257,2.595520349589256e-23,52.842635566141794,2.4554490646137937e-15
1702,58.0943467833001,3.1206680090571125e-24,52.53569488701817,2.455449064908907e-15
1703,51.70798271327062,1.3193647451679258e-21,52.52633354142406,2.455449059931461e-15
1704,53.29426591661381,1.7727430705535297e-22,54.13369285896863,2.1331778053155026e-15
1705,59.262396109221505,9.868059090178961e-25,56.54605858663668,6.2425257285423036e-21
1706,57.826466462397576,4.867343559929953e-24,57.51525454520159,1.5423010607038733e-22
1707,57.18096875771418,5.3653022587426696e-24,56.89787343019442,1.5476534427289915e-22
1708,56.471418497962496,1.4132163755956295e-23,56.895644721761144,1.55235526483763e-22
1709,64.16123760558264,5.7369467140918226e-27,57.27086677801117,1.5519699624375574e-22
1710,57.78858666916709,5.865791556267085e-24,57.12362090703626,1.5569380677148563e-22
1711,42.82029883935064,3.797547050203895e-18,55.86079683545806,3.799078033068114e-19
1712,60.95819102000915,1.8879189868020562e-25,56.14718125912897,3.799075101192004e-19
1713,64.49501754250883,3.642690578353713e-27,57.42588474205279,3.797755740089527e-19
1714,60.701280711970895,1.836721704501851e-25,58.1665862215885,3.7975786494546413e-19
1715,57.241896391004374,7.371280451981918e-24,57.96453624976679,3.797585033929184e-19
1716,54.88224887636565,6.335773335981835e-23,57.6701144911636,3.7976435243189846e-19
1717,62.833365839312854,2.4432640646885215e-26,58.23535419932345,3.797638183449366e-19
1718,61.51348497275423,8.482935682400562e-26,58.73956084680263,3.7976241361149676e-19
1719,61.51065300556247,9.260703455721554e-26,58.47450238680062,3.797624222985055e-19
1720,59.09670013977348,7.447373984646124e-25,58.60531373386126,3.7976191019308975e-19
1721,58.313410394281355,3.508353672443706e-24,60.15462488935433,7.556008067444544e-24
1722,59.5993210636699,5.069177566789756e-25,60.0187378937204,7.587820653244421e-24
1723,60.73801645629876,2.203086131747871e-25,59.643037785099395,7.609487245504066e-24
1724,63.59827596208106,1.6006111883869643e-26,59.93273731011042,7.592720639647432e-24
1725,61.04607319304562,1.5292197804928074e-25,60.31315499031454,6.870884792254168e-24
1726,53.462187686721705,2.997259094478968e-22,60.171148871350134,3.0507702401062015e-23
1727,54.135124703108595,1.1952396575461055e-22,59.30132475772971,4.245765571245838e-23
1728,58.773975403115834,1.2007580377046385e-24,59.027373800765886,4.2569248580546444e-23
1729,57.60211517160578,3.537854408722459e-24,58.63652001737021,4.2913773317962975e-23
1730,52.69649216924604,7.177022130600525e-22,57.99649922031747,1.1460952088412176e-22
1731,58.38973930376985,2.9565484663897002e-24,58.004132111266316,1.1455434036351636e-22
1732,56.27668775222044,1.3379136240503655e-23,57.67186878012137,1.1584156221189884e-22
1733,58.200290878252915,1.6652471589806683e-24,57.418096222316784,1.1598605606647941e-22
1734,60.46151742647007,2.6121040258570055e-25,57.10442036875569,1.160105764955496e-22
1735,57.54973636990737,4.012896366333225e-24,56.754786686441854,1.16396573934378e-22
1736,56.548874011276475,1.0819823551682178e-23,57.06345531889733,8.750596534475653e-23
1737,56.67113811237819,1.1886312399165171e-23,57.3170566598243,7.674220000921199e-23
1738,56.8759385430297,7.365697805216996e-24,57.127252973815686,7.735869398596323e-23
1739,50.7425921550417,3.6174750066445595e-21,56.44130067215929,4.387524092095469e-22
1740,50.629655374099585,5.375987899325066e-21,56.23461699264463,9.045809778360484e-22
1741,53.32940826687521,4.813744607256662e-22,55.728583888955164,9.52422769061976e-22
1742,57.544051980358105,5.8406155902157304e-24,55.85532031176892,9.516689169969471e-22
1743,58.98815214329289,1.5518878132830336e-24,55.934106438272934,9.516575810623776e-22
1744,59.648409055362826,7.315736867646431e-25,55.8527956011622,9.517046173907955e-22
1745,54.23926805328459,6.139971246518721e-23,55.52174876949992,9.574432990006807e-22
1746,59.042145895579985,1.5739086684485208e-24,55.77107595793028,9.565187075123572e-22
1747,57.32972248276103,3.966772346585545e-24,55.83693439496856,9.557267535070994e-22
1748,59.270344616435935,1.1028184399453514e-24,56.07637500230919,9.551004655705722e-22
1749,59.514755053156165,6.023597360451236e-25,56.953591292120635,5.934132008797207e-22
1750,50.69965757583961,4.827454771258749e-21,56.96059151229464,5.38559888073089e-22
1751,63.884805835409985,1.1736958158072737e-26,58.01613126914812,4.904236156963382e-22
1752,60.44216142593298,2.4242209088259913e-25,58.30594221370561,4.898637963464049e-22
1753,57.77052979972906,2.822646039786339e-24,58.184179979349224,4.899908721690552e-22
1754,57.29932579775161,6.734643296479192e-24,57.9492716535881,4.905911791300266e-22
1755,59.24118289568013,3.0611555961550923e-25,58.44946313782765,4.844818194394694e-22
1756,53.47849346870799,2.9036392483412956e-22,57.89309789514044,5.133608210560376e-22
1757,56.59975015261758,1.3561580796993438e-23,57.82010066212611,5.143203019010784e-22
1758,59.0510301652424,7.19474994645979e-25,57.79816921700675,5.142819675565485e-22
1759,62.039421900294286,6.474246266687994e-26,58.05063590172057,5.142282058292106e-22
1760,60.253263108424036,3.055505043763227e-25,59.005996454979005,3.1513283753773385e-23
1761,53.542567898733964,1.5431216732725896e-22,57.9717726613114,4.694332679068348e-23
1762,58.25721356707672,1.714877378975936e-24,57.75327787542578,4.709057231949282e-23
1763,54.86405738480379,6.128504409671692e-23,57.46263063393326,5.293681212518588e-23
1764,59.39200822688111,7.5706175528024145e-25,57.67189887684621,5.233905397106598e-23
1765,50.26633426218618,7.096040724928317e-21,56.77441401349681,7.619125149079361e-22
1766,59.45177914496545,6.182445339383776e-25,57.371742581122554,7.32937946877917e-22
1767,56.29104513326453,2.38235003172002e-23,57.34087207918725,7.339641388299376e-22
1768,56.26007269917082,2.1384857054075413e-23,57.06177633258009,7.360306770358807e-22
1769,58.89116139526785,1.5786499522145214e-24,56.74695028207744,7.361820677848353e-22
1770,65.27008099634978,2.963563874639013e-27,57.248632070870016,7.361518090907852e-22
1771,56.127791865682646,2.905913955570714e-23,57.50715446756489,7.236265063136299e-22
1772,57.990611868486354,4.169177589874118e-24,57.48049429770585,7.238719363347197e-22
1773,62.344619514319675,5.264717035336219e-26,58.22855051065744,7.177486966420835e-22
1774,58.994957556445684,1.858496375673076e-24,58.1888454436139,7.178588401041227e-22
1775,60.1918835094058,4.403644143220245e-25,59.18140036833586,8.298804052723288e-24
1776,57.06540727475693,6.693481282098455e-24,58.942763181315,8.906327727539295e-24
1777,60.38811643433112,2.2927721921579572e-25,59.35247031142167,6.546905417740854e-24
1778,59.79283141172454,2.458397254861068e-25,59.705746182677046,4.433003684881924e-24
1779,59.95622378105886,3.844219704234161e-25,59.81225242125614,4.313580886702813e-24
1780,59.82268451333726,4.603729850369825e-25,59.26751277295487,4.359321828819048e-24
1781,58.688083221320355,1.729500782539864e-24,59.52354190851865,1.62635795150232e-24
1782,60.87967718396414,1.7627465385530807e-25,59.81244844006644,1.2270676579004393e-24
1783,58.37770352629015,1.4750967959543784e-24,59.41575684126349,1.3693126204605408e-24
1784,57.96620091113281,2.4304016868233556e-24,59.3128811767322,1.4265031515755688e-24
1785,59.319409508765496,9.499222760577482e-25,59.22563377666817,1.477458937749141e-24
1786,59.69774210598204,5.437630280060489e-25,59.48886725979067,8.624871123399003e-25
1787,53.46894949920371,3.86088517517415e-22,58.79695056627794,3.944841114215982e-23
1788,60.82569977000685,2.0477960235817037e-25,58.900237402106164,3.944430512984703e-23
1789,53.8788217658447,1.9339371061446478e-22,58.29249720058475,5.874523399425117e-23
1790,57.919165566010825,3.905705379023707e-24,58.10214530585212,5.908976723364983e-23
1791,56.76943667932093,9.025983661783721e-24,57.91028065165217,5.981941552157422e-23
1792,60.10760166348209,3.5213580085992073e-25,57.833073099603965,5.983700163627468e-23
1793,63.95861803036277,9.151213048569095e-27,58.391164550011226,5.96904070779841e-23
1794,59.75427942664876,4.685680909563443e-25,58.569972401562815,5.94942237183974e-23
1795,59.50800641581404,9.666347488882895e-25,58.58883209226767,5.949589496568045e-23
1796,63.194126825596825,7.718987100128684e-27,58.938470564229156,5.944229056158987e-23
1797,56.64647902718915,1.4218628167464865e-23,59.25622351702769,2.225530162659485e-23
1798,58.93475083410436,1.0595334549287345e-24,59.067128623437455,2.2340777011851908e-23
1799,56.547773297780196,1.2814663370223115e-23,59.334023776630985,4.282872287427739e-24
1800,61.38482224934853,1.0994744804541307e-25,59.68058944496477,3.90329649432991e-24
1801,55.74649704267305,3.3047415992973763e-23,59.578295481299975,6.305439727448914e-24
1802,56.20012726234546,1.1378270474908115e-23,59.187548041186325,7.408053194853733e-24
1803,59.94205150275276,4.646444709970932e-25,58.785891388425306,7.453602520648588e-24
1804,63.65440376649133,1.2540280434395675e-26,59.175903822409566,7.407999739596392e-24
1805,57.8982137495005,2.3419481025411633e-24,59.01492455577822,7.545531074961678e-24
1806,66.4211700406147,8.113578908285877e-28,59.33762887728001,7.544840312040749e-24
1807,61.06615595604653,1.0757769098444322e-25,59.77959657016574,6.1337352643927074e-24
1808,58.136325811480134,1.4528913041946567e-24,59.699754067903314,6.1730710493192995e-24
1809,50.43217543394217,5.988183033110184e-21,59.088194281519506,6.037099080233154e-22
1810,64.0977010386256,7.754895498062078e-27,59.359482160447214,6.036996887680607e-22
1811,60.719217862847636,1.6320903544856525e-25,59.856754242464675,6.0041126807230805e-22
1812,55.463968325056946,4.889417967596726e-23,59.783138348735825,6.04162858992414e-22
1813,60.37010853615329,3.1003961648515557e-25,59.82594405207588,6.041473985069629e-22
1814,62.048662912485774,7.071238629328451e-26,59.66536996667533,6.041532157175487e-22
1815,55.6654416812043,4.134400695700123e-23,59.44209275984569,6.080534216029948e-22
1816,60.300660149218785,2.8285488052907535e-25,58.83004177070611,6.080816259552585e-22
1817,56.540816109240616,1.378148800416972e-23,58.377507786025525,6.094490169865771e-22
1818,55.79070713652621,3.024159955809382e-23,58.14294591853013,6.123278878119669e-22
1819,53.483485535203386,2.7428853602809502e-22,58.448076928656256,4.093843810375812e-23
1820,62.999174156735364,2.4254496089270118e-26,58.33822424046723,4.094008806381724e-23
1821,51.569898396226996,1.2489735365737744e-21,57.42329229380516,1.6582112081764982e-22
1822,54.76921309183303,9.238224282885058e-23,57.35381677048279,1.7016992713293816e-22
1823,53.98151728016065,2.0541835750718876e-22,56.71495764488352,1.9068075892200851e-22
1824,60.318563845557705,3.1349215066097624e-25,56.5419477381907,1.9070503689844532e-22
1825,63.897846727144454,7.742277446070499e-27,57.365188242784726,1.865714104304898e-22
1826,40.893157847799806,8.486395774095603e-17,55.424438012642824,8.486582317220545e-18
1827,53.67765082870565,2.8246786315604964e-22,55.13812148458932,8.486609185858062e-18
1828,60.90184706632345,1.5925052355503691e-25,55.649235477569036,8.486606177623156e-18
1829,59.22637009726865,1.0939986534021956e-24,56.223523933775574,8.48657885816942e-18
1830,63.89639982530516,1.0538586697056203e-26,56.31324650063256,8.486578856797827e-18
1831,62.52944732496292,3.455257278278935e-26,57.409201393506144,8.48645396289943e-18
1832,53.43036500443977,3.622072019027342e-22,57.27531658476683,8.486480945395337e-18
1833,62.64454262871064,3.059792059996884e-26,58.141619119621815,8.486460406619378e-18
1834,44.661192994939334,1.7992913485923284e-18,56.57588203455998,8.666389510129395e-18
1835,60.67426423073252,8.999021674261462e-26,56.253523784918784,8.66638951835419e-18
1836,55.90991343539541,2.0663697967744793e-23,57.75519934367835,1.7999581062838292e-19
1837,54.99989769941104,4.7066535335993395e-23,57.88742403074889,1.799722704956009e-19
1838,54.419062383792415,1.522120423556949e-22,57.23914556249578,1.7998747577478412e-19
1839,62.788129929497764,3.2404263160447206e-26,57.5953215457187,1.79987369615345e-19
1840,58.58794875905837,1.2796011463681126e-24,57.064476439094015,1.7998749652160106e-19
1841,56.500306201555404,9.702037294771505e-24,56.46156232675327,1.7998846327007327e-19
1842,55.505617964659514,3.907405975506018e-23,56.66908762277525,1.7995614995585849e-19
1843,56.843355403678885,1.0113615605473324e-23,56.088968900272064,1.799571582576269e-19
1844,58.89287093844714,9.278534486112923e-25,57.51213669462284,2.811618373896206e-23
1845,60.70212725776095,2.115775391029953e-25,57.514922997325684,2.812834247119809e-23
1846,57.27127274814092,8.587437434951699e-24,57.65105892860024,2.6920716417918785e-23
1847,57.600028377033,4.91311661489248e-24,57.911071996362445,2.2705374545808695e-23
1848,52.95766542117123,4.263003988724139e-22,57.76493230010031,5.0114210197480595e-23
1849,55.50997087669113,4.504578721704142e-23,57.03711639481965,5.461554849286869e-23
1850,57.4011966215764,5.228753926451256e-24,56.91844118107146,5.501046377087701e-23
1851,54.334461392824906,8.518162170402908e-23,56.701856700198405,6.255842221180277e-23
1852,54.33411163226503,1.0991491355723824e-22,56.58470606695896,6.964250759202058e-23
1853,56.25862248890506,1.8670491121646535e-23,56.526232775481574,7.049819514363788e-23
1854,55.885503280780725,1.876712507597319e-23,56.22549600971494,7.228212230637408e-23
1855,59.3060714854133,7.2793816208545445e-25,56.08589043248016,7.233375836867233e-23
1856,56.47388751582266,1.9074869465052712e-23,56.006151909248345,7.338250157168244e-23
1857,62.36849449424419,6.364921934706558e-26,56.48299852096945,7.289755483212789e-23
1858,64.59416330706333,4.322958261122278e-27,57.64664830955867,3.026794724071261e-23
1859,53.036894877576216,4.28677129121721e-22,57.39934070964718,6.863108143118057e-23
1860,59.42032480415695,4.211275844259708e-25,57.601253527905236,6.815031879697803e-23
1861,58.967423943959524,1.4936969762778609e-24,58.064549783018684,5.97815263242029e-23
1862,54.6221466832466,6.721675148240465e-23,58.09335328811685,5.551171011671955e-23
1863,58.94451617444678,7.213158617499929e-25,58.36194265667103,5.37167925907299e-23
1864,55.620593493015086,5.421753940373178e-23,58.33545167789447,5.726183402350576e-23
1865,53.50170929767583,2.944945649504121e-22,57.75501545912071,8.663849670233842e-23
1866,62.51468324183101,1.952384288852653e-26,58.35909503172155,8.473296214012201e-23
1867,59.294751401705355,3.674257626974142e-25,58.051720722467664,8.476333979445703e-23
1868,52.78332743644182,5.588699844976252e-22,56.87063713540552,1.4064990594839345e-22
1869,58.6648399945121,1.544611476045336e-24,57.43343164709911,9.793665418382586e-23
1870,60.03158195694857,2.5260711027765235e-25,57.49455736237827,9.791980213641104e-23
1871,60.55336488943794,3.689076089577046e-25,57.65315145692612,9.780732319967906e-23
1872,65.48631730614231,1.501910179742905e-27,58.73956851921567,9.108579824245654e-23
1873,61.37340374816209,7.450117202844597e-26,58.982457276587205,9.10211167734844e-23
1874,58.62160399182427,1.7301740714300283e-24,59.282558326468134,8.577238024025421e-23
1875,53.48448346393638,1.6177379050084665e-22,59.28083574309419,7.250030279529768e-23
1876,54.170273032903445,1.0946801341499757e-22,58.44639472220142,8.344515175250857e-23
1877,59.79108657197907,5.086873830859912e-25,58.49602823922881,8.345927791454743e-23
1878,50.0111979525193,7.476580987501372e-21,58.21881529083655,7.752303782149221e-22
1879,56.75990523663987,1.3307667205911047e-23,58.028321815049324,7.7640668378790865e-22
1880,58.66986647043138,1.081622525371049e-24,57.89215026639761,7.764895853294179e-22
1881,62.013151960358925,5.310787143306896e-26,58.03812897348971,7.764580053556655e-22
1882,60.58647094755595,1.8095311135987486e-25,57.54814433763107,7.764759504757836e-22
1883,51.11078675571471,1.906647183113809e-21,56.52188263838633,9.671332186699617e-22
1884,54.08872428437797,1.9418997640246502e-22,56.0685946676417,9.86379198903065e-22
1885,54.071506391782044,1.8471022588147464e-22,56.12729696042627,9.88672842441128e-22
1886,46.96745992049082,1.8488841538624376e-19,55.407015649185006,1.9466567579724002e-20
1887,60.18571804639317,3.6975974830800204e-25,55.44647879662641,1.9466553686960526e-20
1888,58.61501200112717,1.6315252985999764e-24,56.3068602014872,1.871905874074025e-20
1889,50.45272489130974,5.96176704320045e-21,55.67614216695419,1.9313904678339702e-20
1890,56.042958941668054,2.0539842443014147e-23,55.41345141407786,1.9315850500331467e-20
1891,36.39552630842431,8.067630240897051e-15,52.85168884888439,8.067823399348947e-16
1892,57.475115394108364,2.2530486170082517e-24,52.54055329353963,8.067823401421043e-16
1893,58.556156549028714,1.852095270530385e-24,53.28509027287104,8.067821496625954e-16
1894,56.06435995735208,9.638774849925459e-24,53.48265384016845,8.067821312074751e-16
1895,48.25391029204474,6.619800981937111e-20,52.900894230194716,8.067887325374346e-16
1896,41.64739277590816,5.965356520951309e-17,52.368887515736446,8.127356002168473e-16
1897,55.19225240530583,4.3558368227218895e-23,51.86954095162772,8.127356045357082e-16
1898,55.37600279573154,2.4471448836294783e-23,51.545640031088155,8.127356068197003e-16
1899,57.179183027575206,8.539097978059883e-24,52.21828584471469,8.1273501149690585e-16
1900,52.5950440634757,7.812804522252703e-22,51.87349435689547,8.127350875709668e-16
1901,54.690052219526244,6.299193416566446e-23,53.70294694800566,5.972069780455263e-18
1902,52.678275038239796,5.614559742677813e-22,53.223262912418804,5.9721257007478285e-18
1903,60.50613851594304,2.524606639110119e-25,53.41826110911023,5.972125540784366e-18
1904,55.76701637996377,2.5328126169719804e-23,53.38852675137141,5.9721271097195e-18
1905,55.72991779487793,4.2136333080282427e-23,54.13612750165472,5.965511522370871e-18
1906,56.14427619702775,2.3787798749450658e-23,55.58581584376668,1.5738019943636537e-22
1907,60.94301820197588,1.0247438070866049e-25,56.16089242343369,1.5303461005171435e-22
1908,61.87486020576879,6.242843214144458e-26,56.81077816443741,1.5059370801129899e-22
1909,63.34479400076599,1.4311749702244874e-26,57.427339261756494,1.4974122938846322e-22
1910,61.105571892126406,1.760550875684406e-25,58.278392044621555,7.163078967469305e-23
1911,56.06909245148157,1.7263927134713332e-23,58.416296067817086,6.705798897159794e-23
1912,59.29533523556972,7.39450381413554e-25,59.078002087550075,1.0986336582961156e-23
1913,59.81178681434878,2.2853799627637957e-25,59.00856691739066,1.0983944316197696e-23
1914,55.82974244106871,1.8888975115790964e-23,59.01483952350115,1.0340029210804811e-23
1915,65.17420013264021,1.813736905430392e-27,59.95926775727738,6.126577276467111e-24
1916,65.08801197512688,3.1742665461450346e-27,60.85364133508729,3.74811482817666e-24
1917,56.80209446287919,8.707726291706603e-24,60.439548961177614,4.608640019276454e-24
1918,57.017699191833,1.0314227868884398e-23,59.95383285978404,5.6338199629507484e-24
1919,60.77637505308876,1.6145633751930497e-25,59.69699096501631,5.648534421732456e-24
1920,55.180128044476724,4.0908901778870977e-23,59.10444658025135,9.72181909086271e-24
1921,59.877591701277474,6.244120717641222e-25,59.48529650523094,8.057867584567787e-24
1922,53.513036751236314,2.0655553956816629e-22,58.907066656797596,2.863947650324306e-23
1923,58.08118480598662,3.168135559930042e-24,58.73400645596139,2.8933436259608427e-23
1924,55.00336862318971,9.78669507425605e-23,58.65136907417347,3.683123382228538e-23
1925,59.1307571974005,1.4576509818670218e-24,58.04702478064952,3.697681754678154e-23
1926,60.36412654557441,2.536555905876713e-25,57.574636237694264,3.7001865679185693e-23
1927,57.29751519023907,7.95834775457247e-24,57.62417831043026,3.692692782547228e-23
1928,52.50064459021027,6.543375184926735e-22,57.172472850267994,1.013292568878512e-22
1929,56.60629927188783,1.3399385491508533e-23,56.75546527214789,1.026530498032501e-22
1930,56.62300578704654,1.0071739313012902e-23,56.89975304640486,9.95693335566643e-23
1931,54.482529383223884,1.4902059010912211e-22,56.360246814599506,1.144089513604001e-22
1932,56.94085338095648,5.796559920675874e-24,56.703028477571536,9.433305339565107e-23
1933,54.5959088440209,1.0482778530983754e-22,56.35450088137495,1.0449901837064182e-22
1934,51.6183430538082,1.7300626213441825e-21,56.01599832443681,2.67718585430804e-22
1935,60.081178482720304,3.738927640097696e-25,56.111040452968794,2.676102096090183e-22
1936,58.90577347168579,1.0580027754012819e-24,55.96520514557992,2.6769064432749965e-22
1937,57.64810682889666,9.32981484108379e-25,56.00026430944568,2.6698810770045326e-22
1938,57.92222486235571,2.6381869103156908e-24,56.54242233666023,2.0181817454221747e-22
1939,59.48681363063814,6.6985161688861235e-25,56.830473772535264,2.0054522115475546e-22
1940,56.25440112543936,1.0400631158664657e-23,56.79361330637455,2.0057811033932065e-22
1941,55.319549707117275,4.5568108124630727e-23,56.87731533876389,1.902328621408715e-22
1942,57.84361286439321,3.0356579303077524e-24,56.96759128710755,1.8995677194183468e-22
1943,55.0668972295848,5.902297906371684e-23,57.01469012566395,1.8537629131722265e-22
1944,55.96696642343436,2.3313924874346924e-23,57.449552462626556,1.4701421670239064e-23
1945,52.24612041976194,8.508484470266777e-22,56.66604665633072,9.974887709650585e-23
1946,59.06129029084594,3.9923054810178434e-25,56.68159833824674,9.968299987377591e-23
1947,56.70584991092753,1.6076533032327456e-23,56.58737264644982,1.0119735502859782e-22
1948,58.0236053649054,3.346935308101699e-24,56.597510696704795,1.0126822986837643e-22
1949,55.34245316320943,3.151899021566102e-23,56.18307464996192,1.0435314372825366e-22
1950,48.37347289958676,6.743365990380039e-20,55.39498182737666,6.846679070992427e-21
1951,52.187755018384614,8.508718475619769e-22,55.081802358503396,6.92720944493616e-21
1952,56.95801670065608,1.282052901064619e-23,54.99324274212969,6.928187932044195e-21
1953,59.88032873968741,3.444754881471271e-25,55.474585893139945,6.922320081686637e-21
1954,51.21795274583998,2.95155524535268e-21,54.99968452538051,7.21514421373447e-21
1955,55.18332689636077,5.890580911006683e-23,55.29340517304039,7.135949949942808e-21
1956,62.329392689551,5.259466244851745e-26,55.620215412910895,7.135915286354244e-21
1957,54.60888644819661,6.442655503468882e-23,55.410519066637804,7.14075028855448e-21
1958,45.50881321199486,7.422699373477075e-19,54.15903985134675,8.136740932979442e-20
1959,57.063027156071,8.116996393854235e-24,54.33109725063291,8.136506913041224e-20
1960,54.59384405695487,1.1211213268510498e-22,54.95313436636972,7.463291435330071e-20
1961,55.350950689498035,3.895032293197028e-23,55.26945393348107,7.455172220083771e-20
1962,48.59300175897805,3.6685994939615406e-20,54.43295243931326,7.821903964189819e-20
1963,54.204673577040076,1.315443064979991e-22,53.865386923048526,7.823215962499917e-20
1964,54.06118050621592,1.7582889148903236e-22,54.149709699086124,7.795458698961281e-20
1965,56.30455285720724,1.5047009302343538e-23,54.26183229517077,7.795020110963203e-20
1966,46.214241578694754,5.2167744955179785e-19,52.65031718408515,1.3011794080534558e-19
1967,52.89557174086509,4.365644990894187e-22,52.478985713351996,1.3015515459975106e-19
1968,56.747955253221356,1.6152574072284284e-23,53.602899917474645,5.592977612238754e-20
1969,56.73740576759384,6.609535086607889e-24,53.57033777862692,5.592962537625681e-20
1970,56.1562428056081,1.7227416237789465e-23,53.72657765349224,5.592013690461206e-20
1971,62.82064407136167,4.3824423235964934e-26,54.47354699167861,5.59162462547612e-20
1972,52.015771282513626,1.7202160444051166e-21,54.81582394403216,5.241966836524018e-20
1973,59.44331915662118,7.430597991323871e-25,55.33968850199028,5.240658824057028e-20
1974,56.418441158744095,9.736554595561293e-24,55.575414567243094,5.238997900688093e-20
1975,57.66589357381843,3.12165218222715e-24,55.711548638904205,5.238878647116893e-20
1976,60.56585525103336,2.5793903361851847e-25,57.14671000613807,2.2106730989249925e-22
1977,55.70019573881648,3.6167816841647576e-23,57.427172405933206,1.810276416677221e-22
1978,47.857522916785385,9.201985470030139e-20,56.53812917228961,9.381397854290633e-21
1979,62.37505794304751,4.629287343754433e-26,57.10189438983498,9.380741530069316e-21
1980,52.11580111889051,1.1933720328704193e-21,56.69785022116323,9.498355991732577e-21
1981,56.754990001626,1.7360356601671777e-23,56.091284814189656,9.50008764495042e-21
1982,55.15675272215174,3.4308863716759745e-23,56.40538295815346,9.331496926881586e-21
1983,58.23191334535481,2.390203255882698e-24,56.28424237702683,9.331661641227262e-21
1984,57.72680712469571,3.68008754941767e-24,56.41507897362199,9.331055994522648e-21
1985,58.32265122937771,2.5659265755815782e-24,56.480754739177925,9.331000421961982e-21
1986,63.77807774060462,6.3541545728290726e-27,56.80197698813505,9.330975263474078e-21
1987,58.625178921768516,1.4941309463199794e-24,57.09447530643026,9.327507894884545e-21
1988,60.95531340416716,1.355037185152526e-25,58.404254355168426,1.2553597522625784e-22
1989,54.6017395584902,1.4521136907105117e-22,57.626922516712696,1.4005248284601922e-22
1990,56.12817616918728,1.5428444766379327e-23,58.02816002174237,2.2258124035615206e-23
1991,57.798272597635304,5.106552137998167e-24,58.132488281343306,2.103274358924784e-23
1992,46.881738134194684,1.7493454737169097e-19,57.304986822547605,1.7511056594386667e-20
1993,60.007003325654004,4.978718327716247e-25,57.48249582057751,1.7510867361244358e-20
1994,60.84542190833572,3.3685627434354623e-25,57.79435729894152,1.751053303811685e-20
1995,57.13012560123535,8.20652287375658e-24,57.67510473612729,1.7511097097746665e-20
1996,58.3409235178283,9.79740682398022e-25,57.13138931384965,1.7511194436399448e-20
1997,55.07756241471845,8.984728990169027e-23,56.77662766314465,1.7520029752294986e-20
1998,57.48618326099082,3.1629497586714464e-24,56.42971464882701,1.7520332496899003e-20
1999,57.798175666604244,5.592773019556227e-24,56.74935825963841,1.7506370637293853e-20
2000,56.335890667020266,7.370918620578198e-24,56.77012970942171,1.7505564884679273e-20
2001,55.45694468956583,2.839819277437401e-23,56.53599691861477,1.750789404874291e-20
2002,60.11826100944189,2.674821181319592e-25,57.85964920613949,1.4466059785627187e-23
2003,52.354067798614,6.671422559280721e-22,57.09435565343549,8.113049819515724e-23
2004,56.18100816312737,2.1995210501911332e-23,56.627914278914645,8.329633361791402e-23
2005,67.82556264020153,2.274776992228093e-28,57.69745798281127,8.247570407830828e-23
2006,51.32962369476918,2.6952759622709106e-21,56.99632800050536,3.519053262371596e-22
2007,58.985583945570966,1.3581127936895088e-24,57.38713015359061,3.4305640852635947e-22
2008,54.4327827949372,7.69234562084171e-23,57.08179010698525,3.5043245917133403e-22
2009,56.336864157040274,1.9317597569759552e-23,56.93565895602885,3.5180494162635435e-22
2010,55.61230174212503,2.7750632560273514e-23,56.86330006353933,3.5384291302032384e-22
2011,58.20228800658366,2.3812633147401386e-24,57.137834395241114,3.5124122007436053e-22
2012,53.00386926011198,2.3287590009459354e-22,56.42639522030812,3.745020618720066e-22
2013,60.05486736865536,4.924799535608683e-25,57.19647517731225,3.0783708427455553e-22
2014,60.61948945321636,2.5443835493431853e-25,57.64032330632115,3.056630070598578e-22
2015,59.08982175578758,7.2580159598018835e-25,56.76674921787976,3.057355644716859e-22
2016,57.685520456867295,5.322393579611976e-24,57.402338894089574,3.674020760255607e-23
2017,54.352098885025015,1.061933767828705e-22,56.93899038803498,4.722373400147416e-23
2018,57.16965353474278,6.0574876287002135e-24,57.21267746201554,4.0137137143502483e-23
2019,61.41341687676539,1.2760997766294414e-25,57.72033273398804,3.821813838429282e-23
2020,60.719387906827656,1.8781723497207673e-25,58.23104135045831,3.5461856851762674e-23
2021,54.93413943456977,8.455142808653541e-23,57.90422649325692,4.3678873328942204e-23
2022,55.04385859848223,6.709727563068379e-23,58.10822542709394,2.710101088255123e-23
2023,57.33178961191191,8.582974220237353e-24,57.83591765141959,2.791006030921888e-23
2024,54.01108582201737,1.6508287107128113e-22,57.17507728829969,4.4392903580853554e-23
2025,59.969829314418575,4.533614392798242e-25,57.263078044162796,4.436565956518353e-23
2026,59.07841296637702,9.119074371971208e-25,57.40236729511378,4.3924610950942037e-23
2027,59.09790052779788,9.063977876191865e-25,57.876947459391054,3.33959130514169e-23
2028,60.84488809205594,1.8986136270204254e-25,58.24447091512237,3.2809150424817087e-23
2029,60.80719520183278,1.12397219762793e-25,58.18384874762911,3.280762914902708e-23
2030,56.1271999792916,2.352451731240849e-23,57.72462995487551,3.5141299156770715e-23
2031,55.19018961001616,2.5709899228641965e-23,57.75023497242015,2.925714627098138e-23
2032,58.85619219373863,6.458429613595123e-25,58.13146833194579,2.261200300404894e-23
2033,61.3702636622467,7.722270737411208e-26,58.53531573697926,2.1761427852762617e-23
2034,68.46221940750048,1.2577180456892686e-28,59.980429095527576,5.253153322814961e-24
2035,64.94438359162956,1.6379112915471344e-27,60.47788452324867,5.207980970016133e-24
2036,59.81890650154668,5.640998668230714e-25,60.55193387676566,5.173200212978729e-24
2037,60.786147162071735,1.9432633982206833e-25,60.72075854019304,5.101993068199017e-24
2038,60.287850999778605,3.59215383620584e-25,60.66505483096529,5.118928470290871e-24
2039,56.5577821804636,1.2714671125047133e-23,60.240113528828374,6.379155860819304e-24
2040,62.194334419050854,5.813710233305695e-26,60.846826972804294,4.032517839811762e-24
2041,55.24855668740525,4.1963863564386636e-23,60.85266368054321,5.6579142733862284e-24
2042,57.363479909873185,5.3990350067743365e-24,60.70339245215666,6.133233477927712e-24
2043,63.24938342650134,1.0116581947865944e-26,60.891304428582124,6.1265228653850864e-24
2044,54.485080593645066,1.6210318561369577e-22,59.49359054719658,2.2336828849574207e-23
2045,50.35856176028812,6.3096993508698595e-21,58.03500836406245,6.533066001454311e-22
2046,57.68771650368223,3.9369993839051025e-24,57.821889364276004,6.536438900971393e-22
2047,56.90808051959499,1.1120106419005034e-23,57.43408270002833,6.547364681050575e-22
2048,58.345827235959796,2.6401051622872973e-24,57.23988032364643,6.549645570829242e-22
2049,52.7336382259484,6.060650734267598e-22,56.85746592819491,7.142995973130955e-22
2050,60.61629224760469,2.9108624423495705e-25,56.69966171105032,7.143228922272856e-22
2051,60.68987178076358,2.096360737989435e-25,57.24379322038614,7.101474694782267e-22
2052,54.54664349770901,1.296119614398051e-22,56.96210957916973,7.2256876212153e-22
2053,60.956927000411156,1.58719914353622e-25,56.73286393656069,7.225836224547706e-22
2054,61.984895197851316,5.0291772968215456e-26,57.482845396981325,7.06378333070698e-22
2055,56.811706756140175,1.3027209647116409e-23,58.12815989656654,7.671111894842344e-23
2056,55.44032893305976,4.15063545362213e-23,57.90342113950429,8.046805446365507e-23
2057,57.93498216724224,2.7512961952842526e-24,58.006111304269005,7.963117344128298e-23
2058,59.250074347173836,1.023610602203184e-24,58.09653601539041,7.946952398527459e-23
2059,63.19440029409849,1.706197079374874e-26,59.14261222220542,1.8864722839677972e-23
2060,57.8352185974825,3.543780513322833e-24,58.86450485719321,1.9189992266586762e-23
2061,62.22680784916174,5.17736213757454e-26,59.01819846403303,1.9174206021344442e-23
2062,62.540354198298736,2.7225100243324204e-26,59.81756953409199,6.215732387388264e-24
2063,57.122793972153495,7.860954836234536e-24,59.43415623126623,6.985955879576356e-24
2064,54.99722732295632,2.0176020816621133e-23,58.735389443776725,8.998528783941648e-24
2065,61.106213156034364,8.833988528365751e-26,59.16484008376615,7.704641807758372e-24
2066,59.467086740183916,5.359760941474151e-25,59.56751586447857,3.607603963550984e-24
2067,61.32892012010771,1.0613620046568954e-25,59.906909659765105,3.343087964069126e-24
2068,56.619727944007956,1.1746076213417355e-23,59.64387501944852,4.4153345251905446e-24
2069,56.636115930291886,1.3093549534397795e-23,58.98804658306786,5.7229832815509475e-24
2070,62.234643922113364,4.443292788831157e-26,59.427989115530956,5.373048523007497e-24
2071,52.36106546754224,6.538786136737526e-22,58.441414877369006,7.075573252824518e-23
2072,56.930590858168515,1.3568171711402967e-23,57.88043854335599,7.210982718936115e-23
2073,61.809832943989115,1.304559709390005e-25,58.34914244053954,7.13367773028316e-23
2074,59.482122935782115,7.284923300905002e-25,58.79763200182212,6.939202445417853e-23
2075,62.73424758561475,1.7294995819913517e-26,58.96043544478016,6.938491996523215e-23
2076,53.8641056774691,2.515566940477818e-22,58.40013733850867,9.448699176059558e-23
2077,55.307625066462016,6.932401784127482e-23,57.798007833144105,1.0140877992467651e-22
2078,51.80711911284775,1.8941843988197665e-21,57.31674695002808,2.896526121853114e-22
2079,59.742684212796426,5.312012439665726e-25,57.62740377827854,2.883963773562683e-22
2080,60.2259415300612,3.872509986663206e-25,57.42653353907332,2.884306591633461e-22
2081,57.03375998466139,1.251542670336041e-23,57.89380299078524,2.242943404663069e-22
2082,55.17706555863976,4.1713334588909646e-23,57.718450460832365,2.2710885675405757e-22
2083,54.45888754835133,1.5532737833453993e-22,56.98335592126858,2.4262854899041765e-22
2084,57.629372105827876,3.561146212147063e-24,56.798080838273165,2.4291181437862333e-22
2085,54.57927561483057,7.63286308948036e-23,55.98258364119474,2.505429479685217e-22
2086,56.941910517246356,1.1798696546139238e-23,56.29036412517246,2.265671482183574e-22
2087,59.026785507141675,7.639994010107375e-25,56.66228016924043,2.19711146374331e-22
2088,62.37686485184097,2.1524223103518356e-26,57.71925474313976,3.0294858914664697e-23
2089,40.77464163902045,9.215192892385775e-17,55.82245048576216,9.215223134124565e-18
2090,60.08985611732097,4.96839291965841e-25,55.80884194448813,9.215223145083393e-18
2091,62.06069907087971,3.379688133336983e-26,56.311535853109966,9.215221896920412e-18
2092,64.78396423332111,3.1005085940203752e-27,57.272225720578106,9.215217725897004e-18
2093,61.65823222032645,1.05030930766683e-25,57.99216018777561,9.215202203662262e-18
2094,65.00965422664639,1.638816766960509e-27,58.73018839985747,9.215201847711523e-18
2095,64.65155971648889,5.584124266571619e-27,59.7374168100233,9.215194215406847e-18
2096,62.94660450899739,1.905450172617064e-26,60.3378862091984,9.215193037442644e-18
2097,61.209602515427626,1.4895167478290442e-25,60.556167910027,9.215192975937871e-18
2098,57.67011654661085,3.2031684713934837e-24,60.08549307950399,9.215193294102296e-18
2099,53.37257422188032,4.308578974476476e-22,61.34528633778997,4.348750626492437e-23
2100,52.80699029805022,6.8167328912504195e-22,60.61699975586289,1.11605151248232e-22
2101,64.09616835511892,8.062308645693392e-27,60.82054668428682,1.116025777909632e-22
2102,55.46912741335375,1.6673386423938316e-23,59.88906300229007,1.1326960638249764e-22
2103,54.36002413094295,9.484141454492653e-23,59.15924219335174,1.227432447439136e-22
2104,56.147970758207066,2.0073409857812217e-23,58.273073846507806,1.2475042184801814e-22
2105,57.454959767320645,3.3575408027476835e-24,57.553413851590975,1.2508561751586628e-22
2106,62.25254059399867,1.745532815874445e-26,57.48400746009111,1.2508545759850954e-22
2107,58.925789863376636,1.4151842450884489e-24,57.255626194886,1.2521208085554006e-22
2108,62.43096618740093,4.574264651461575e-26,57.73171115896501,1.2489633827305218e-22
2109,58.13068736609951,1.312995124367111e-24,58.20752247338693,8.194184804072412e-23
2110,54.55404023242871,1.1874879278713403e-22,58.38222746682478,2.5649398406933342e-23
2111,57.999741494018494,2.9558976458987873e-24,57.77258478071474,2.5944181940658644e-23
2112,63.134536046572244,1.3768526009091856e-26,58.53912564403659,2.427822015086573e-23
2113,52.740386662820626,5.070178471443807e-22,58.37716189722435,6.549586341081114e-23
2114,55.13687254200841,7.422945584251159e-23,58.27605207560448,7.091146800928109e-23
2115,63.78137225191388,8.934809229938691e-27,58.90869332406381,7.05766074099293e-23
2116,54.050153716271645,1.7869211505695622e-22,58.08845463629111,8.844407338280905e-23
2117,61.04848152892753,4.280193885239382e-26,58.3007238028462,8.830683515218545e-23
2118,63.92275628260784,1.090478703134433e-26,58.44990281236689,8.830335136623713e-23
2119,58.24933292429841,3.169572109695192e-24,58.461767368186784,8.848900906476996e-23
2120,62.63440069593603,4.452739618834817e-26,59.26980341453751,7.661858252567536e-23
2121,58.81651035751815,1.7983492466245996e-24,59.351480300887474,7.650282768574795e-23
2122,58.34703053040099,2.39395754798637e-24,58.87272974927034,7.674084658794567e-23
2123,56.98127482441834,7.826074339527731e-24,59.29681856543012,2.682166930746037e-23
2124,53.29941014651056,4.373578529154014e-22,59.11307232588034,6.313450901474935e-23
2125,59.19796585468473,7.43115005133513e-25,58.654731686157426,6.320792703433971e-23
2126,57.54246584081547,4.036698903807624e-24,59.0039628986118,4.5742385419024863e-23
2127,60.0798025871992,2.6667235162570335e-25,58.90709500443897,4.5764772460302174e-23
2128,59.56099990724478,3.246139830750366e-25,58.47091936690266,4.5796143379906557e-23
2129,60.93554693876051,1.5323823888971535e-25,58.73954076834887,4.5494509992826005e-23
2130,59.25978585008908,9.571815513391699e-25,58.40207928376418,4.5585775408341095e-23
2131,61.454059953576625,9.395200689159886e-26,58.66583424337002,4.5415335684367783e-23
2132,53.92472361596737,8.993798884289758e-23,58.22360355192667,5.416973881385891e-23
2133,60.293696366954656,4.28320810147571e-25,58.55484570618031,5.342996346092089e-23
2134,57.02071010908551,8.796196277341146e-24,58.92697570243779,1.0573797797114864e-23
2135,61.59773143665896,7.586697145562329e-26,59.166952260635206,1.0507072993747078e-23
2136,61.611456022310946,7.947157829556644e-26,59.573851278784765,1.0111350261195873e-23
2137,56.09762330232075,1.7575862118058261e-23,59.17563335029691,1.1842269237839127e-23
2138,63.11094747536905,1.9084499029387454e-26,59.53062810710934,1.1811716289434562e-23
2139,57.787597899243,4.302095174170345e-24,59.215833203157594,1.2226601982962627e-23
2140,58.11755210175579,3.0921857997499422e-24,59.10160982832427,1.2440102407803702e-23
2141,34.837515158081644,5.3287196739962326e-14,56.43995534877477,5.32871968642694e-15
2142,54.06010821385086,1.0881812743057725e-22,56.45349380856311,5.328719688314954e-15
2143,55.56119212486573,3.684738087038003e-23,55.98024338435423,5.32871969195686e-15
2144,56.51710793001307,1.769686097828879e-23,55.929883166446984,5.328719692846928e-15
2145,59.29846996620448,6.890018515883084e-25,55.69995701940153,5.32871969290824e-15
2146,62.36533027132872,4.716639813940888e-26,55.775344444303315,5.32871969290501e-15
2147,58.642572879923186,1.9063407086906066e-24,56.02983940206356,5.328719691338057e-15
2148,58.85023079588086,1.5270978345575612e-24,55.60376773411474,5.328719691488859e-15
2149,63.81664398475232,1.3200746339043888e-26,56.20667234266566,5.328719691059968e-15
2150,63.870599808554104,1.0622999250503082e-26,56.78197711334549,5.328719690751813e-15
2151,57.775704412119765,4.406703855661978e-24,59.07579603874931,1.7196250367347345e-23
2152,57.20689455577773,6.774905437034032e-24,59.39047467294199,6.991928167993026e-24
2153,56.310919015812495,2.1454693050367852e-23,59.46544736203667,5.452659385991808e-24
2154,55.52911584915848,4.462620396892266e-23,59.366648153951225,8.145593685055195e-24
2155,53.170954633658546,1.9569934913317413e-22,58.75389662069663,2.764662841321378e-23
2156,60.792333899440045,2.3728942922113094e-25,58.59659698350775,2.7665640716321954e-23
2157,55.72615198125228,3.000419703189866e-23,58.30495489364066,3.047542634864276e-23
2158,57.616778721471185,3.8895447567748416e-24,58.18160968619969,3.071167104086448e-23
2159,52.56313825162892,8.755483072750102e-22,57.05625911288736,1.182651816937316e-22
2160,50.61145023096649,3.7153975986621396e-21,55.73034415512859,4.898038792600205e-22
2161,59.2713415282408,1.020730253057636e-24,55.8799078667407,4.8946528189976e-22
2162,57.807374167850874,2.9850590586347958e-24,55.939955827948005,4.890862972619202e-22
2163,55.75794931882408,3.187208934830982e-23,55.88465885824917,4.901280368917143e-22
2164,54.470725586081,1.533679765483877e-22,55.778819831941426,5.010022141496608e-22
2165,54.95564089623858,6.625607642847153e-23,55.957288458199436,4.880578868791905e-22
2166,55.85552095527877,2.1263506041320855e-23,55.463607163783294,4.901605085404005e-22
2167,56.69782356040799,1.0817099950724069e-23,55.56077432169887,4.882417988322831e-22
2168,53.85168885404434,8.419141459774315e-23,55.18426533495618,4.962719858163799e-22
2169,58.40522269217566,2.3689949962793576e-24,55.76847377901087,4.089540545885068e-22
2170,59.45942804949291,6.35235647444849e-25,56.6532715608635,3.747781828703737e-23
2171,57.590580903829846,5.7221719022131455e-24,56.4851954984224,3.7947962451952934e-23
2172,59.719050111228135,3.6310928222012436e-25,56.67636309276013,3.7685767474311464e-23
2173,58.84291152268842,9.339480420756901e-25,56.98485931314657,3.459195334368805e-23
2174,63.9078543920774,1.0255956652984295e-26,57.9285721937462,1.925618128451458e-23
2175,60.0379496368507,3.1483031229080434e-25,58.43680306780742,1.2662056672896504e-23
2176,57.66422790026633,6.625521952265374e-24,58.617673762306175,1.1198258263990953e-23
2177,56.859011425111994,8.983872166694026e-24,58.63379254877658,1.1014935485587949e-23
2178,55.87523891547609,1.4576029114472635e-23,58.83614755491975,4.053396937260899e-24
2179,61.725954716067044,9.314255364686629e-26,59.16822075730888,3.8258116929976504e-24
2180,57.34895195562065,3.2963214125110294e-24,58.957173147921665,4.091920269504268e-24
2181,60.61532444684052,1.447395466055056e-25,59.259647502222734,3.5341770339435035e-24
2182,63.29908685838421,1.6023172167552925e-26,59.61765117693833,3.4994684229382465e-24
2183,60.18573255986718,3.4671395966601927e-25,59.75193328065622,3.4407450146972796e-24
2184,58.3876946272667,1.4363572414537643e-24,59.199917304175145,3.583355143177357e-24
2185,61.8234466992823,9.237971964813429e-26,59.3784670104183,3.5611100839130906e-24
2186,60.63414335222287,2.0842641887520784e-25,59.67545855561396,2.9194005305740737e-24
2187,56.613829543020344,1.3820036473913482e-23,59.65094036740479,3.40301696129602e-24
2188,61.31891620775762,8.877664222609044e-26,60.19530809663295,1.954291714071365e-24
2189,54.94109288403341,8.085000477332482e-23,59.51682191342958,1.0029977936039161e-23
2190,55.61595882497194,3.145685042793618e-23,59.343522600364714,1.2846030837581677e-23
2191,58.721187770244846,1.6165693406079882e-24,59.15410893270514,1.2993213816981924e-23
2192,59.33289119538955,8.704827260379044e-25,58.757489366405686,1.307865977236896e-23
2193,59.314896296973174,8.021152188844963e-25,58.670405740116266,1.3124199898290805e-23
2194,56.83303356497135,1.2506122314103693e-23,58.514939633886755,1.42311764055558e-23
2195,57.191143691002004,7.443488021473659e-24,58.05170933305872,1.4966287235738353e-23
2196,63.30805204825957,1.8647353584644924e-26,58.31910020266239,1.4947309329209298e-23
2197,57.9982439720549,2.125243961355303e-24,58.45754164556583,1.3777830077953476e-23
2198,54.16416315192873,1.5912447670783819e-22,57.74206633998294,2.9681400084514685e-23
2199,61.07549618239614,1.0975240813555862e-25,58.35550666981921,2.1607374847995765e-23
2200,60.90074129316279,2.328922693723606e-25,58.88398491663831,1.848497903213938e-23
2201,59.63865447094533,1.9602357781804186e-25,58.975731586708356,1.8342924455860382e-23
2202,55.57257123356485,3.302938963665846e-23,58.59969959052588,2.1558815146922438e-23
2203,60.37635374123562,3.0672381539859814e-25,58.705845334952116,2.150927600657385e-23
2204,62.327319533965685,5.333213695121274e-26,59.25527393185157,2.0263996988858602e-23
2205,55.5278359901322,4.272560127868509e-23,59.088943161764576,2.3792208314579743e-23
2206,56.779809820077844,9.023270188006699e-24,58.436118938946414,2.469267059802195e-23
2207,49.94283814980489,1.3147006795937398e-20,57.6305783567214,1.3391808257956262e-21
2208,56.061817111578385,1.5539662752451818e-23,57.82034375268637,1.3248223444000876e-21
2209,54.71436288455595,7.298570444035497e-23,57.18423042290235,1.3321099396033096e-21
2210,52.16477038187575,1.5081957258319729e-21,56.310633331773644,1.4829062229595698e-21
2211,51.58019293309716,1.2675031172825012e-21,55.50478717798883,1.6096369323300379e-21
2212,56.63508508554722,1.0162998768296805e-23,55.61103856318707,1.6073502932432018e-21
2213,60.30221358678556,4.201915300863514e-25,55.60362454774206,1.6073616400146706e-21
2214,56.119444128901044,1.6382064449801015e-23,54.982837007235595,1.6089945132459557e-21
2215,55.95908475756541,1.9296153563815478e-23,55.02596188397892,1.6066515684744685e-21
2216,59.76057979307819,7.217400119666963e-25,55.324038881278945,1.6058214154568645e-21
2217,59.58055446987215,7.276844349091795e-25,56.287810513285685,2.9119350430661566e-22
2218,59.92795855384814,3.831065652491899e-25,56.67442465751266,2.8967784868789534e-22
2219,61.36226505890787,1.0716943932198078e-25,57.33921487494784,2.8238999518779206e-22
2220,54.483961421045734,1.061390579909597e-22,57.571133978864836,1.4218432840369074e-22
2221,50.91654547682954,4.320704999099681e-21,57.504769233238086,4.475045165854087e-22
2222,58.838523660675584,8.813328868934538e-25,57.725113090750924,4.465763499972684e-22
2223,56.80885568250732,7.269819602630114e-24,57.3757773003231,4.472613128045229e-22
2224,56.30231663930415,1.3680905032333745e-23,57.39406455136341,4.469911968627762e-22
2225,57.94046115560281,4.157762339761971e-24,57.592202191167154,4.454773577403708e-22
2226,52.45194657360079,6.266423246497581e-22,56.86133886921941,5.080694162041499e-22
2227,58.284945471084384,2.5646762851523526e-24,56.731777969340634,5.082531153891742e-22
2228,51.75287598317176,1.3556153287401104e-21,55.914269712273,6.4377633760666035e-22
2229,59.151259341637726,1.361758199035402e-24,55.693169140545976,6.439017964826316e-22
2230,52.32519596990987,4.945468708488241e-22,55.47729259543239,6.827425777684182e-22
2231,54.6779218637225,9.027741843657038e-23,55.853430234121696,2.5969981970210695e-22
2232,62.290997483942455,4.1726915735666585e-26,56.19867761644838,2.596158591049912e-22
2233,57.76269935119478,5.2819421185130046e-24,56.29406198331712,2.5941707135657946e-22
2234,60.453015777199205,1.3980228760807344e-25,56.70913189710662,2.5806296108210694e-22
2235,53.61311517779788,1.3538525589514458e-22,56.27639729932614,2.711857104376452e-22
2236,57.57332720819222,4.486136442308265e-24,56.78853536278528,2.089700916169002e-22
2237,58.65841100419844,1.9355831296958385e-24,56.825881916096684,2.0890718230135455e-22
2238,56.46703454028568,1.9066729225834085e-23,57.297297771808076,7.525232234992695e-23
2239,63.301252227888455,1.6998191846970867e-26,57.71229706043315,7.511784634920811e-23
2240,54.16663792916551,1.1938679551261064e-22,57.896441256358706,3.760183881558675e-23
2241,63.465776044456014,1.3791636148157567e-26,58.77522667443206,2.857547613554453e-23
2242,60.33253146356208,2.505812126762733e-25,58.57938007239402,2.859636156523859e-23
2243,61.71630616084239,9.007817665085419e-26,58.97474075335879,2.8077175171052377e-23
2244,57.09359381691737,7.266598480581944e-24,58.63879855733061,2.878985479034976e-23
2245,58.101312657064426,3.8209657946860884e-24,59.087618305257266,1.5633425780303913e-23
2246,65.42181501204382,2.0957227525295102e-27,59.87246708564241,1.5185021708348338e-23
2247,61.97012083739592,5.212709610129412e-26,60.20363806896218,1.4996676104988885e-23
2248,58.14862399649877,4.0970830456487676e-24,60.371797014583464,1.3499711486970352e-23
2249,61.30967371331399,5.097416765544826e-26,60.17263916312602,1.3503109084551203e-23
2250,59.1150925903321,7.239125477623231e-25,60.667484629242686,1.636820788066368e-24
2251,58.648954437897146,1.1286097765725705e-24,60.1858024685868,1.7483026021088094e-24
2252,60.202399875941886,3.9321757800920213e-25,60.17278930982478,1.7625662386421023e-24
2253,59.309328000901516,1.0417403473367907e-24,59.9320914938307,1.857732455710696e-24
2254,62.57268258613693,1.7315008212064325e-26,60.48000037075265,1.1328041084737078e-24
2255,62.293673996182356,3.613931232197261e-26,60.89923650466445,7.543214602372963e-25
2256,54.30591637867403,1.1846110672507747e-22,59.78764664132747,1.260022256046979e-23
2257,61.04594245442552,2.3397024908326024e-25,59.69522880303042,1.2618406875767987e-23
2258,56.48269853291787,1.3459611016925795e-23,59.528636256672335,1.355465967289569e-23
2259,61.38205535132184,9.240483644381537e-26,59.535874420473114,1.3558802739774526e-23
2260,65.59150988482803,2.17372385283942e-27,60.18351614992271,1.348662885738358e-23
2261,62.11940347436969,3.55574817958053e-26,60.53056105356997,1.3377323627905905e-23
2262,61.14168906340343,1.7910050601378414e-25,60.62448997231612,1.335591192070636e-23
2263,59.099995138513364,1.0529042122510765e-24,60.60355668607731,1.335702830719779e-23
2264,55.9160080871477,1.9300986670387892e-23,59.937889236178385,1.5285395473415373e-23
2265,59.55937002331565,9.103720666969328e-25,59.66445883889171,1.537281874885287e-23
2266,60.828112355223716,1.3868658231400446e-25,60.316678436546695,3.54057673457652e-24
2267,55.78908833201832,2.767801495196351e-23,59.79099302430596,6.284981204864546e-24
2268,62.02376129123328,6.009641043146861e-26,60.345099300137505,4.945029744215113e-24
2269,58.30907524458752,3.647187799534982e-24,60.03780128946407,5.30050804052423e-24
2270,57.91692120696353,1.7011851263363826e-24,59.27034242167762,5.470409180772584e-24
2271,56.01552573544467,1.888911396531876e-23,58.65995464778511,7.35576482912488e-24
2272,65.92154390057922,1.1981589987216549e-27,59.137940131502695,7.337974594423374e-24
2273,59.37753904856957,7.862679782326026e-25,59.16569452250832,7.311310971021525e-24
2274,59.48957817508907,5.741496057211797e-25,59.52305153130245,5.438627264554856e-24
2275,56.26624234009904,9.456655616932758e-24,59.1937387629808,6.293255619578438e-24
2276,57.656811118451884,2.2430798259966816e-24,58.876608639303605,6.503694943946704e-24
2277,55.71041437773975,3.063851731065607e-23,58.86874124387575,6.799745179815961e-24
2278,56.84248043953181,1.0089737267510797e-23,58.35061315870562,7.802709265523894e-24
2279,55.68657196016772,3.484968687479153e-23,58.088362830263634,1.0922959173049548e-23
2280,57.04552421956856,6.902713051579978e-24,58.00122313152413,1.1443111965573907e-23
2281,57.22862305729329,4.79798996355295e-24,58.122532863708976,1.0033999565397326e-23
2282,54.47070493891401,1.2859588909594163e-22,56.977448967542465,2.2893468659091618e-23
2283,56.033974372019294,2.1077565624771262e-23,56.64309249988745,2.4922598423745483e-23
2284,62.43128582700999,2.7450650931654677e-26,56.93726326507954,2.4867928528266534e-23
2285,58.054511718215025,2.6225213899575373e-24,57.11609020289113,2.418451510556901e-23
2286,61.847760330813585,5.481747427935838e-26,57.5351851241273,2.3965688870397273e-23
2287,62.67332308996875,2.991382304301159e-26,58.23147599535021,2.090482852163597e-23
2288,56.45182207515664,1.5864038172335933e-23,58.19241015891269,2.1482258612118483e-23
2289,59.398062997018066,8.186920065034919e-25,58.56355926259772,1.8079159125289684e-23
2290,55.932526142295934,1.5635906336574633e-23,58.452259454870465,1.8952478453789147e-23
2291,43.780377977540184,5.277966189290453e-18,57.10743494689515,5.278150916085027e-19
2292,58.11239268147877,1.8625308842219205e-24,57.471603721151624,5.278024182726816e-19
2293,58.47367489205086,2.341067351527724e-24,57.71557377315479,5.278005446228543e-19
2294,59.1117476890693,1.1600843911418081e-24,57.383619959360715,5.278006578862283e-19
2295,38.84460723659718,8.755395628828051e-16,55.46262951119893,8.80817566839146e-17
2296,59.33081508707509,7.44832927585011e-25,55.21093498682508,8.808175675291614e-17
2297,61.881430199240896,4.278326093743326e-26,55.131745697752294,8.80817567542031e-17
2298,65.4470934681583,1.6023701152417019e-27,56.03127283705245,8.808175516795952e-17
2299,62.43723594276531,2.617152341216776e-26,56.33519013162718,8.808175508870746e-17
2300,60.76188234037164,1.4876533197835508e-25,56.81812575143475,8.808175353999337e-17
2301,60.04113868953625,3.833639750322858e-25,58.44420182263436,8.755395695940072e-17
2302,58.78136411894489,1.4597369860934606e-24,58.51109896638097,8.755395691912133e-17
2303,56.17319701083869,5.5820865958684456e-24,58.28105117825976,8.755395724322324e-17
2304,60.33697519618253,4.0127083980046152e-25,58.403573928971085,8.75539571673419e-17
2305,57.25072874912813,3.817197667686623e-24,60.244186080224175,1.2607811478509485e-24
2306,58.718167748408035,1.614481474210427e-24,60.18292134635747,1.3477460025134901e-24
2307,58.447823267765735,1.341150146844346e-24,59.83956065320996,1.4775826911041813e-24
2308,54.79976775080134,4.8111812969863237e-23,58.77482808147427,6.288603751078982e-24
2309,58.52638182944694,1.7537489773599398e-24,58.38374267014242,6.461361496473758e-24
2310,59.96973245854935,2.6846359325677907e-25,58.30452768196019,6.4733313226016014e-24
2311,64.34178175583519,6.460480585759579e-27,58.73459198859009,6.435640973156948e-24
2312,56.6506834866206,1.345096836734456e-23,58.52152392535764,7.634764111282057e-24
2313,52.979710423004285,4.005531858070994e-22,58.2021752665742,4.7131874032405154e-23
2314,58.56255847791746,2.391286037355157e-24,58.0247335947477,4.733087555216062e-23
2315,57.8297042384543,5.893152139947469e-24,58.08263114368033,4.753847099938671e-23
2316,54.43785174718358,1.13378398512393e-22,57.65459954355788,5.871486270320497e-23
2317,57.106943359759704,6.3801038756756725e-24,57.520511552757284,5.92187580760881e-23
2318,37.34385648845545,1.3293457674384578e-15,55.774920426522684,1.3293463115142254e-16
2319,57.88122047562368,2.7353242368175643e-24,55.710404291140364,1.329346312495801e-16
2320,63.46253910807377,1.4411598085799306e-26,56.0596849560928,1.3293463122417487e-16
2321,59.39781194587434,5.3670747309641005e-25,55.565287975096716,1.3293463127719958e-16
2322,56.83884685173457,1.4534895333778518e-23,55.58410431160812,1.3293463138559225e-16
2323,45.075182691280375,1.29730167058521e-18,54.793651538435725,1.3306432149733225e-16
2324,55.78831821576617,3.578863245539514e-23,54.51622751222059,1.330643248370669e-16
2325,56.047006140689454,1.899342365946037e-23,54.3379577024441,1.3306432614709405e-16
2326,60.94045276269915,9.806976496536397e-26,54.98821780399567,1.3306431481906114e-16
2327,57.88719333014841,2.5581899398041478e-24,55.066242801034534,1.3306431443686977e-16
2328,59.31164234790549,1.0760372228236602e-24,57.26302138697954,1.2973780062768943e-19
2329,59.871461448915106,4.569796099311419e-25,57.46204548430868,1.2973757279322674e-19
2330,63.78637130736231,9.444144355699634e-27,57.49442870423754,1.2973757229648136e-19
2331,58.61932917418221,2.499092433365409e-24,57.416580427068325,1.297377685349774e-19
2332,63.32142495116533,1.803678308182435e-26,58.06483823701141,1.297363168491223e-19
2333,62.43777320333804,3.961829397675144e-26,59.80109728821717,6.153752430715952e-24
2334,55.53666046755399,2.5257300655668523e-23,59.775931513395946,5.100619250743289e-24
2335,54.33270792408721,1.4696666359133288e-22,59.604501691735734,1.789794324393054e-23
2336,59.531508969775324,5.959375576451454e-25,59.463607312443344,1.794773002319852e-23
2337,52.71475543946127,5.922915652750642e-22,58.946363523374636,7.692106755672452e-23
2338,61.4614485808753,5.80678986222065e-26,59.16134414667162,7.681927062430438e-23
2339,52.9698677131855,4.593800230432514e-22,58.47118477309865,1.227115749676364e-22
2340,54.10945686585638,1.7455691440766601e-22,57.50349332894806,1.4016632199396743e-22
2341,57.1330751986649,7.931548552263472e-24,57.35486793139633,1.4070956760585725e-22
2342,61.878609575092234,4.8962148888715766e-26,57.210586393789015,1.4071266014243795e-22
2343,55.40512608825379,2.692278111622496e-23,56.50732168228059,1.4340097642466275e-22
2344,60.85824178862017,1.492623035874687e-25,57.03947981438721,1.4089017258945464e-22
2345,61.26789289581325,7.175808967706551e-26,57.73299831155981,1.2620068203928906e-22
2346,63.482741787137,9.816360950782366e-27,58.12812159329599,1.261420699196196e-22
2347,60.48755112590213,2.3849178424721166e-25,58.90540116194006,6.693676257053793e-23
2348,63.318509130317224,1.076747138578107e-26,59.091107216884254,6.693203252781429e-23
2349,57.45070828163329,7.183635362474542e-24,59.53919127372903,2.1712393759736605e-23
2350,57.21302621418479,5.938596820839834e-24,59.84954820856187,4.850562001053984e-24
2351,59.40965436966539,3.809179980282108e-25,60.07720612566193,4.095498945630458e-24
2352,54.03656126509709,4.026741800506352e-23,59.29300129466242,8.117344531247938e-24
2353,50.16486678819645,1.0623489704768525e-20,58.76897536465668,1.067774036896478e-21
2354,57.1280071678213,6.005725456212984e-24,58.395951902576805,1.0683596832117405e-21
2355,54.07921100974809,1.6225414571347024e-22,57.677083713970276,1.0845779219741199e-21
2356,55.25664831147036,1.9726406543955988e-23,56.85447436640361,1.0865495809924205e-21
2357,59.8343385283121,6.289170086586099e-25,56.789153106644605,1.0865886235148614e-21
2358,57.124049783132484,6.021475032942135e-24,56.16970717192614,1.087189694271017e-21
2359,56.96414055278723,7.40114425997336e-24,56.12105039904152,1.0872114451607672e-21
2360,56.19051425018981,1.417359952224327e-23,56.01879920264203,1.0880349454309075e-21
2361,58.29960873449613,2.2765306326981796e-24,55.90779463912511,1.0882245066943744e-21
2362,52.02656088096418,1.2539090253711598e-21,55.70679460071182,1.2095886674309838e-21
2363,59.80870147498386,6.712793513089919e-25,56.67117806939056,1.4730682488926237e-22
2364,58.48587553676006,2.9122624366535996e-24,56.80696490628443,1.4699747858730643e-22
2365,59.953635830959925,4.650853858926962e-25,57.39440738840561,1.3081857255454866e-22
2366,58.08770595610145,3.791650846969089e-24,57.67751315286872,1.2922509698484997e-22
2367,63.29607811328876,4.373676774064868e-27,58.02368711136639,1.291626426516615e-22
2368,59.71355218609183,6.400615047807676e-25,58.28263735166233,1.2862450129884539e-22
2369,55.32392099376948,4.157553542414764e-23,58.11861539576055,1.320419404152628e-22
2370,64.43300350917961,3.736837862611315e-27,58.94286432165952,1.3062495414682473e-22
2371,53.44586150873382,2.196424611426977e-22,58.457489599083296,1.5236154719782469e-22
2372,58.853618320285264,1.724109433168145e-24,59.14019534301541,2.714305560402553e-23
2373,60.44324560525102,2.9369241611664837e-25,59.203649756042125,2.710529691050629e-23
2374,51.71272739777527,2.2631079824575242e-21,58.52633494214365,2.5312486891259334e-22
2375,62.14682613731242,5.0320033665874544e-26,58.7456539727789,2.5308339237737067e-22
2376,63.23308181847686,1.1756697346686567e-26,59.26019155901643,2.527054029624084e-22
2377,61.46057375337224,6.045545508158668e-26,59.076641123024785,2.527110111402392e-22
2378,50.27645492419472,5.0770271302000744e-21,58.13293139683507,7.603497180097686e-22
2379,57.03215935878625,9.074425998849294e-24,58.303755233336744,7.570996070672387e-22
2380,57.66932765317797,2.2400929556211542e-24,57.627387647736576,7.573232426790146e-22
2381,61.96403609423727,2.8863644841274657e-26,58.479205106286926,7.35361882929229e-22
2382,59.06710243707372,9.110547615864585e-25,58.50055351796577,7.352805774620706e-22
2383,54.13820043962062,1.9130791801295548e-22,57.870049001402734,7.543820000217547e-22
2384,65.61181676449654,1.5745710122880013e-27,59.25995793807486,5.280713592331034e-22
2385,54.3098081824562,1.417612989844913e-22,58.476256142589236,5.42242457128186e-22
2386,63.703009494730715,9.496378242742819e-27,58.523248910214626,5.422422310962756e-22
2387,64.10748285007152,7.186695638347642e-27,58.78793981988455,5.422369042203313e-22
2388,56.00586883827995,2.366810136013913e-23,59.360881211293076,3.6901001336337753e-23
2389,62.71565902213351,2.3176376275819741e-26,59.92923117762781,3.59958763740804e-23
2390,55.45827796717947,4.968095613642316e-23,59.70812620902795,4.0739962692160596e-23
2391,62.92871830532501,3.12421917043486e-26,59.80459443013672,4.0740200546846904e-23
2392,61.549700405873544,6.846640744756302e-26,60.0528542270167,4.065594171143302e-23
2393,58.68941411300102,1.5559089251467015e-24,60.507975594354754,2.168074080265214e-23
2394,58.33295294932246,1.6947882771566303e-24,59.780089212837346,2.1850062173266573e-23
2395,61.35771914528911,1.126607592162392e-25,60.48488030912064,7.685198350739068e-24
2396,56.395939117060124,1.460915290422752e-23,59.75417327135358,9.145164003337546e-24
2397,58.76114674687565,1.0534838774069674e-24,59.21953966103399,9.249793721514409e-24
2398,62.03697757468199,4.5360399539846825e-26,59.82265053467419,6.887519625454481e-24
2399,58.3689404598607,2.8534729175176838e-24,59.387978678446906,7.170549279578667e-24
2400,63.58905543865567,1.3107163624887773e-26,60.20105642559453,2.2037643822988387e-24
2401,63.0429811483164,1.7135533851161303e-26,60.21248270989366,2.2023537165135204e-24
2402,64.46229846839819,6.416023149083541e-27,60.50374251614613,2.1961486780836726e-24
2403,64.02864812621473,7.605930603098486e-27,61.03766591746751,2.041318378629312e-24
2404,60.46910124243462,2.5909029331250903e-25,61.25128074677872,1.8977485802449e-24
2405,61.393699132852646,1.041931494954175e-25,61.25487874553507,1.896901819272818e-24
2406,63.412761957063246,1.1721563816829407e-26,61.956561029535386,4.371586852317485e-25
2407,63.90746665033256,9.060142565102907e-27,62.471193019881085,3.3271631174756203e-25
2408,61.67978601392223,6.054807950285421e-26,62.4354738638051,3.342350797438628e-25
2409,57.56807827428619,4.881896545111242e-24,62.35538764524765,5.370774425032186e-25
2410,56.20643105955488,1.8880955344098715e-23,61.61712520733757,2.4238622605506015e-24
2411,58.591001769116744,2.0739663542348386e-24,61.171927269417594,2.629545342588969e-24
2412,56.50309080894535,1.7637164608888234e-23,60.37600650347232,4.392620201162884e-24
2413,59.6330452952222,5.204704477909396e-25,59.93644622037307,4.443906652881669e-24
2414,56.666381511307165,1.560410636260165e-23,59.55617424726032,5.9784082598105815e-24
2415,60.94860807385142,1.1155143793315747e-25,59.5116651413602,5.9791440886543566e-24
2416,42.452050677104246,1.8066786995118395e-17,57.4155940133643,1.8066846774837717e-18
2417,60.69903876313275,2.5177054479952855e-25,57.09475122464431,1.806684701754812e-18
2418,56.850335039435826,8.824213280069008e-24,56.61180612719568,1.806685578121332e-18
2419,59.268819129063175,1.0527062075072853e-24,56.78188021267338,1.8066851952022984e-18
2420,58.94026498638042,1.1234781213137883e-24,57.055263605355925,1.806683419454576e-18
2421,48.05193507936243,2.5729687097939186e-20,56.0013569363805,1.8092561807677345e-18
2422,61.47623310844792,1.2226123615978121e-25,56.49867116633076,1.8092544292773972e-18
2423,55.77864365344707,2.6460330102250683e-23,56.113231002153235,1.8092570232633628e-18
2424,53.68735478100633,2.8986352163027463e-22,55.81532832912317,1.8092844492048896e-18
2425,57.13723701016005,5.041278260439959e-24,55.43419122275402,1.809284942177572e-18
2426,58.353329145729084,2.3987890390395117e-24,57.0243190696165,2.606482544636104e-21
2427,62.76675787289318,2.2375548639348242e-26,57.23109098059255,2.606459605136488e-21
2428,48.468505742071,4.1338937284295963e-20,56.392908050856065,6.739470912238077e-21
2429,66.1187635414772,6.527603468526743e-28,57.077902492097465,6.739365706893362e-21
2430,54.393034237229976,1.7252720039660263e-22,56.62317941718241,6.75650607912089e-21
2431,57.00097498879925,6.184985467978937e-24,57.51808340812611,4.1841558678737696e-21
2432,59.825742406597946,4.463521154305239e-25,57.3530343379411,4.184188276961697e-21
2433,55.95807809985277,2.2125263681174157e-23,57.37097778258167,4.183754770319589e-21
2434,61.4060284822375,4.915302137241761e-26,58.142845152704794,4.154773333458699e-21
2435,59.826247665663715,4.958737757600499e-25,58.41174621825517,4.15431879301023e-21
2436,55.855250688939066,2.7290046320648055e-23,58.16193837257615,4.156807918738391e-21
2437,58.728682000615315,2.056423585029746e-24,57.75813078534837,4.157011323542031e-21
2438,58.919213025845586,1.4090927647079669e-24,58.80320151372583,2.3258504388905133e-23
2439,61.05617576739074,7.461400421702653e-26,58.29694273631719,2.3265900513292153e-23
2440,56.743521487584935,8.9716337017591e-24,58.53199146135269,6.910343843807798e-24
2441,59.50843408858844,9.268463385119406e-25,58.7827373713316,6.384529930861098e-24
2442,63.635260120970145,4.7810927471086164e-27,59.16368914276882,6.340372828592756e-24
2443,61.84789193719184,7.669089528774136e-26,59.75267052650274,4.1355155500041146e-24
2444,59.407209461519855,7.227363757564285e-25,59.55278862443097,4.202873885442516e-24
2445,62.21372474182107,5.144193996150354e-26,59.79153633204669,4.158430701862662e-24
2446,60.29583776802332,2.6332342817219755e-25,60.235595039955136,1.4557584126150759e-24
2447,58.47628099074692,1.8631531008854986e-24,60.21035493896828,1.4364313642006512e-24
2448,61.67456203181571,8.855791872645696e-26,60.4858898395653,1.3043778796025e-24
2449,60.69876231171854,1.999152873361506e-25,60.45014849399807,1.3169080079144127e-24
2450,56.72032187551331,8.800532254997198e-24,60.447828532790915,1.2997978632382225e-24
2451,62.011600915411485,2.7135245841446e-26,60.69814521547321,1.209826753971173e-24
2452,58.61262327627983,1.7192403239669073e-24,60.19588153100418,1.3812726770931528e-24
2453,58.12821043910062,2.1210174968726396e-24,59.82391338119506,1.5857053372516425e-24
2454,58.242631792282594,1.902862249683931e-24,59.70745561427134,1.703717924644393e-24
2455,61.63079438032158,9.500501404549451e-26,59.6491625781214,1.708074232052792e-24
2456,63.6218985368249,1.2286608070325957e-26,59.98176865500155,1.6829705500426047e-24
2457,64.23792512823931,7.040912198839086e-27,60.557933068750785,1.4973593311739386e-24
2458,57.82014176640741,4.368065703631266e-24,60.172491042209955,1.9253101096644198e-24
2459,56.40661745330387,1.0026822564060597e-23,59.74327655636849,2.9080008373368646e-24
2460,58.2492677151266,1.9692543976478993e-24,59.89617114032982,2.2248730516019348e-24
2461,61.16974922275345,8.711530195850916e-26,59.81198597106402,2.230871057213641e-24
2462,60.244669132266935,2.3138694532348082e-25,59.97519055666273,2.0820857193492982e-24
2463,61.83235353368122,7.351028854029526e-26,60.34560486612079,1.877334998516064e-24
2464,61.912249662673204,5.579748487931446e-26,60.71256665315984,1.692628522035602e-24
2465,64.18894490510289,6.946977684546245e-27,60.96838170563798,1.6838227183995075e-24
2466,60.245313452218156,4.4207158723276035e-25,60.6307231971773,1.7268012163157507e-24
2467,60.54887248067006,9.904872464246396e-26,60.26181793242038,1.7360019975601134e-24
2468,60.31709460482362,4.326767751255759e-25,60.511513216262,1.3424631047095443e-24
2469,63.11698844947781,1.7664831820371176e-26,61.1825503158794,3.4154733148552164e-25
2470,59.887373204271086,5.4834990595634e-25,61.34636086479385,1.9945688231636571e-25
2471,60.777496909415845,1.6536064705785218e-25,61.30713563346008,2.0728141682630003e-25
2472,63.15217442289517,2.1205786227742934e-26,61.59788616252291,1.8626330091672623e-25
2473,56.53085092746816,1.467105909756715e-23,61.0677359019016,1.6460181818194115e-24
2474,64.77516094253187,3.1295058243651865e-27,61.35402702988747,1.6407513839139168e-24
2475,56.431979003607864,1.0471220025578095e-23,60.57833043973797,2.6871786887032718e-24
2476,56.856789576196796,1.2935135296625898e-23,60.23947805213582,3.936485059642585e-24
2477,60.463203655767565,2.8072126591728535e-25,60.23091116964557,3.954652313770068e-24
2478,62.71416576386895,2.072274307614397e-26,60.47061828555011,3.913456910565124e-24
2479,61.4944239826684,7.735436423007743e-26,60.308361838869175,3.919425863806095e-24
2480,58.63986114231681,2.6156002873453082e-24,60.18361063267374,4.126150901944992e-24
2481,63.86215401621346,1.0807583695040914e-26,60.4920763433535,4.11069559560871e-24
2482,60.56252331900321,6.464904097083048e-26,60.233111232964305,4.115039921083019e-24
2483,58.70872695512101,8.779539119637567e-25,60.450898835729596,2.73572940252268e-24
2484,62.2240620766388,5.1432162335732047e-26,60.19578894914029,2.7405596681738165e-24
2485,54.84306016504009,5.513512659380956e-23,60.03689706528352,7.206950324996962e-24
2486,56.64508975924429,1.3301253618219364e-23,60.01572708358826,7.24356215715631e-24
2487,61.25411384612152,1.3064586295724917e-25,60.09481810262366,7.228554616860306e-24
2488,59.66434158268261,5.218737225796966e-25,59.78983568450502,7.278669714810661e-24
2489,56.56062823838704,7.310738932491301e-24,59.29645611007688,8.002008171636784e-24
2490,60.512744647205274,9.269012148813055e-26,59.48374446056573,7.749717155051067e-24
2491,58.027016823532996,2.9495321869421045e-24,58.90023074129768,8.043589615375773e-24
2492,60.125572761396626,4.936417670524862e-25,58.856535685537025,8.08648888798394e-24
2493,60.970148952159946,2.103572843419449e-25,59.082677885240926,8.019729225221756e-24
2494,53.90896699092216,2.396321678425898e-22,58.25116837666926,3.1977802793247163e-23
2495,60.78515736224347,2.5825721978421176e-25,58.845378096389595,2.649011585584463e-23
2496,57.08153688294404,7.631467342445933e-24,58.88902280875957,2.5923137228267285e-23
2497,60.91196021766962,9.4509244789102e-26,58.854807445914375,2.5919523566450472e-23
2498,54.51302751167287,7.896268714187639e-23,58.3396760388134,3.376360490838014e-23
2499,62.17267700859663,5.944966017889589e-26,58.900880915834364,3.30384759811489e-23
2500,59.24181285726014,8.023385862606748e-25,58.77378773683985,3.3109440827626156e-23
2501,57.438817614816685,4.573377268013712e-24,58.714967815968215,3.3271825335733314e-23
2502,62.659246306117815,3.274031624770447e-26,58.968335170440334,3.3225735190652843e-23
2503,65.41980974934725,1.013818778195091e-27,59.413301250159066,3.3204800844096463e-23
2504,61.54158051772565,8.984727061520614e-26,60.17656260283941,9.250568786899003e-24
2505,61.55919482864151,8.766551498775175e-26,60.25396634947921,9.233509616419356e-24
2506,62.82078778470715,2.8952766209088866e-26,60.827891439655524,8.473258158795674e-24
2507,56.69308327690103,1.3875411893412365e-23,60.406003745578666,9.851348423657998e-24
2508,55.473684374544156,4.353368156186365e-23,60.5020694318658,6.308447865656725e-24
2509,57.133851504448074,7.779037460346059e-24,59.99818688145094,7.080406645673441e-24
2510,57.345098412999306,3.71110939472315e-24,59.80851543702486,7.371283726519688e-24
2511,61.83022711536743,8.932741532936687e-26,60.24765638707993,6.922878741251253e-24
2512,59.89054163087113,4.379498853430624e-25,59.97078591955526,6.963399698160791e-24
2513,59.73119113090137,1.4547174432662773e-25,59.40192405771067,6.977845490715633e-24
2514,59.908965681720396,4.602509963137506e-25,59.23866257411015,7.014885863285488e-24
2515,53.675197747334536,1.2971210233681272e-22,58.45026286597946,1.9977329545467986e-23
2516,54.440133234697726,9.723699022826071e-23,57.612197410978524,2.969813329167315e-23
2517,56.58698375134482,1.5131945121103407e-23,57.6015874584229,2.9823786614442253e-23
2518,61.367546928641666,9.111730681470669e-26,58.19097371383265,2.5479530188937353e-23
2519,54.07437883383627,2.155075389161303e-22,57.88502644677146,4.6252380334515777e-23
2520,55.86647057436012,2.2543884179781673e-23,57.73716366290755,4.8135657813021634e-23
2521,55.856279409821276,1.9560895976118317e-23,57.13976889235293,5.0082814669100525e-23
2522,57.92249883255436,3.462663481675725e-24,56.94296461252126,5.0385286028733796e-23
2523,54.520072328444066,1.1687024255569335e-22,56.421852732275525,6.205776310987046e-23
2524,62.1869986912894,2.270415736846864e-26,56.64965603323243,6.201400842597593e-23
2525,64.3332395997455,7.109155150524881e-27,57.715460218473524,4.9043509107809724e-23
2526,63.63314174739829,1.0569514560225999e-26,58.63476106974358,3.9320867036439664e-23
2527,57.95263805291467,3.6234378802747464e-24,58.77132649990057,3.81700163123568e-23
2528,58.8013802426169,1.3087996161446841e-24,58.51470983129809,3.82917845432898e-23
2529,62.608761787168,2.77180078962727e-26,59.368148126631255,1.6743802452466398e-23
2530,63.73095215944598,1.375427250558965e-26,60.154596285139846,1.449078946173879e-23
2531,60.84801344128266,1.4719368410482727e-25,60.65376968828599,1.254941923253744e-23
2532,63.1799867603428,1.5207412337082028e-26,61.179518481064825,1.2204673625603575e-23
2533,54.06381973618868,1.7869876069226597e-22,61.13389322183929,1.838752543926084e-23
2534,58.454551251299335,2.7612211453059427e-24,60.76064847784028,1.8661377138054586e-23
2535,54.381028048983296,1.3824730873624966e-22,59.76542732276407,3.2485397096164496e-23
2536,57.763774149821856,3.212966483615232e-24,59.17849056300641,3.280563679307e-23
2537,56.49018551055231,1.622972873724243e-23,59.032245308770186,3.4066265878766775e-23
2538,63.531043073074265,8.277316697037035e-27,59.50521159181592,3.3936213648822e-23
2539,59.66289051835908,5.902662860965274e-25,59.210624464935016,3.399246847664203e-23
2540,50.776009402500094,3.436938679851408e-21,57.915130189240436,3.7768496103453227e-22
2541,55.775089134748114,3.639247994369102e-23,57.40783775858698,3.8130948966049087e-22
2542,64.24706551454784,2.7536825316522103e-27,57.51454563400748,3.8130824428751027e-22
2543,57.15540163254859,8.265188115266703e-24,57.82370382364347,3.642648870298104e-22
2544,59.01346177640091,9.802170372554138e-25,57.87959487615363,3.6408678661900535e-22
2545,59.69899092948853,4.8121429773052505e-25,58.41139116420417,3.5031017717515345e-22
2546,59.55233524692454,8.421142022631361e-25,58.59024727391443,3.5007309194701814e-22
2547,58.03069668932267,3.95794140108281e-24,58.74429839179146,3.488459132134022e-22
2548,57.17778936685642,5.032534804980982e-24,58.10897302116969,3.4934833896223067e-22
2549,59.639379089945216,5.6256785905950015e-25,58.106621878328305,3.49345569119527e-22
2550,68.34266694953233,9.090545682094253e-29,59.86328763303152,5.651710224931856e-24
2551,60.16371884531791,3.6803195264676633e-25,60.3021506040885,2.0492654258274308e-24
2552,63.01341927922359,2.5386660784182222e-26,60.17878598055607,2.0515287236526835e-24
2553,56.77007093186597,8.46905154862696e-24,60.14025291048781,2.0719150669887096e-24
2554,58.310734449911195,2.3925898564689666e-24,60.06998017783885,2.2131523489100648e-24
2555,64.70146807419233,4.5131191437662796e-27,60.57022789230922,2.165482231051389e-24
2556,34.293268356792105,2.5728607496617916e-14,58.044321203295965,2.5728607517430623e-15
2557,61.079617899462775,1.4293191180812725e-25,58.349213324309986,2.5728607513615617e-15
2558,64.99882715558361,2.8125820587556892e-27,59.131317103182695,2.572860750858589e-15
2559,56.31177288769355,1.525920707899266e-23,58.798556482957544,2.572860752328253e-15
2560,62.02138875942429,5.806511326698972e-26,58.16642866394674,2.5728607523340505e-15
2561,57.23321177788671,6.79147427190091e-24,57.873377957203616,2.5728607529763947e-15
2562,60.74586864181761,2.1608208318308074e-25,57.64662289346302,2.5728607529954646e-15
2563,59.81721704179035,3.9314351981790097e-25,57.95133750445545,2.5728607521878734e-15
2564,61.87992007032119,2.4392077099676326e-26,58.30825606649645,2.572860751951054e-15
2565,59.96316939857672,5.418743724788711e-25,57.834426198934885,2.57286075200479e-15
2566,64.98625522744894,2.2505841823634843e-27,60.903724886000575,2.3432233594789334e-24
2567,53.64417177770495,2.410209701662675e-22,60.1601802738248,2.643102718492487e-23
2568,54.7174110842143,6.510132921672442e-23,59.132038666687855,3.294087884839144e-23
2569,63.29944897212214,1.5041337461040437e-26,59.830806275130726,3.1416462274238276e-23
2570,60.72156585760662,1.0706158778030264e-25,59.70082398494894,3.142136192168961e-23
2571,59.87648693398377,2.130383183091282e-25,59.96515150055866,3.076351832633043e-23
2572,58.320307306107296,2.839580029738072e-24,59.722595366987626,3.102586812098593e-23
2573,59.258680438601395,1.06913075021184e-24,59.66674170666873,3.1093466844025325e-23
2574,54.257573018050074,2.0365028610350183e-22,58.90450700144161,5.1456056246665543e-23
2575,61.34176370999833,1.2331393981487712e-25,59.042366432583776,5.1414200203399137e-23
2576,63.38972731457182,1.4988026053438392e-26,58.88271364129607,5.141547394758625e-23
2577,59.27438803878386,7.714179673800953e-25,59.44573526740396,2.739051872769751e-23
2578,58.938875213540165,1.0137457662801765e-24,59.86788168033655,2.0981760382653078e-23
2579,66.38527660149722,5.326776701040647e-28,60.176464443274064,2.0980309516673985e-23
2580,64.1756326304541,8.04648977112964e-27,60.5218711205588,2.0970408006873068e-23
2581,62.60960787235675,2.76671212462107e-26,60.79518321439609,2.0951870887166778e-23
2582,63.801289654751315,6.680934115111212e-27,61.34328144926051,2.066858097760448e-23
2583,59.0402118012942,1.2038604687998159e-24,61.32143458552978,2.068205394946328e-23
2584,57.545870131397336,5.157454948022755e-24,61.650264296864506,8.327708339153714e-25
2585,57.46542812617272,5.064378919742775e-24,61.262630738481946,1.3268773319081614e-24
2586,55.05914251479504,1.0239195363120825e-22,60.42957225850428,1.1564573892423641e-23
2587,60.01310977297311,4.0169076257795855e-25,60.50344443192321,1.152760117194343e-23
2588,59.37514759574525,6.044569509086267e-25,60.5470716701437,1.1486672290406276e-23
2589,60.019946913781496,2.766279058569338e-25,59.910538701372126,1.1514281813224956e-23
2590,59.96207830405399,2.3394350714387024e-25,59.48918326873212,1.153687151496223e-23
2591,62.73397372983995,2.267945643276792e-26,59.50161985448044,1.1536372748480888e-23
2592,63.33891247098902,1.2120788874532166e-26,59.45538213610422,1.153691673395683e-23
2593,48.81185497642775,2.6792976200964296e-20,58.43254645361757,2.6907141507835063e-21
2594,53.802250996527945,1.356857761802409e-22,58.058184540130625,2.7037669829067284e-21
2595,56.03083872967239,1.771537202239874e-23,57.914725600480594,2.7050320822169942e-21
2596,61.33984659084588,1.2924062875585456e-25,58.54279600808569,2.694805810916749e-21
2597,53.11758319345873,4.333528235024156e-22,57.85324335013424,2.7381009241907327e-21
2598,58.07509844188845,2.640053137244441e-24,57.723238434748566,2.738304483809366e-21
2599,56.39317394494628,1.5293782196957317e-23,57.36056113786505,2.7398061992384757e-21
2600,59.780316124356034,3.84710211240484e-25,57.342384919895245,2.7398212759088856e-21
2601,54.33006875765958,8.707537411298668e-23,56.50199442267721,2.748526545374541e-21
2602,54.71181046988636,7.14474340573081e-23,55.63928422256695,2.7556700767013843e-21
2603,55.388942131074366,2.0373202626187453e-23,56.2969929380316,7.840977686757355e-23
2604,63.71113886997971,1.299379993912872e-26,57.28788172537678,6.484249862954337e-23
2605,60.77918965622485,2.29368650504217e-25,57.76271681803202,6.309389829235393e-23
2606,62.431496562411645,4.4469181351391754e-26,57.8718818151886,6.308542114761348e-23
2607,49.539237915490034,1.0251562972035287e-20,57.51404728739173,1.0449064360009005e-21
2608,59.21142582770674,1.2943227357387865e-24,57.62768002597356,1.04477186296075e-21
2609,55.65858290190147,4.4245697254865777e-23,57.554220921669085,1.047667054466541e-21
2610,55.79685991128762,2.2609563503426543e-23,57.15587530036223,1.0498895397957596e-21
2611,61.38256990012836,8.336831333838695e-26,57.86112541460911,1.0411903392157947e-21
2612,58.70968637120096,1.7276427463059116e-24,58.26091300474057,1.0342183600846942e-21
2613,58.12160618443642,2.8337114702035474e-24,58.53417941007679,1.032464410969096e-21
2614,58.738276529125336,2.214227054249757e-24,58.03689317599134,1.0326845342945271e-21
2615,57.54261344743359,6.612700689344516e-24,57.71323555511221,1.0333228674984112e-21
2616,53.5509418412049,1.6271392913148517e-22,56.82518008299154,1.0495898134934243e-21
2617,56.53423328304363,6.810801211412055e-24,57.52467961974689,2.5114596411037045e-23
2618,52.353682239408,9.02703879146462e-22,56.83890526091703,1.1525555205210936e-22
2619,57.21299847321763,9.819025719145726e-24,56.994346818048655,1.1181288489853734e-22
2620,56.45079019230276,1.2788038934661947e-23,57.05973984615016,1.1083073244166089e-22
2621,60.13688261152655,4.0831533659412136e-25,56.935171117289975,1.1086322714398646e-22
2622,60.207413315802164,4.186002235324706e-25,57.0849438117501,1.1073232289170913e-22
2623,56.00557644445108,2.1748230926145675e-23,56.87334083775156,1.1262377483730335e-22
2624,58.934833498901114,1.666183529666385e-24,56.892996534729136,1.12568970484845e-22
2625,54.572941620526876,9.858786971634295e-23,56.59602935203848,1.2176648738754482e-22
2626,60.88922283749189,1.868489930456456e-25,57.329857451667166,1.0551377937370088e-22
2627,54.07093923285363,2.047587977670379e-22,57.08352804664817,1.2530857902926347e-22
2628,61.569966231732664,9.488610216262802e-26,58.005156445880644,3.5047679724833545e-23
2629,60.08833177532308,4.264873278610112e-25,58.29268977609119,3.4108425885705076e-23
2630,61.601496546666304,1.0762586708416843e-25,58.807760411527546,3.28403845789473e-23
2631,60.706515035123516,1.6139010896989889e-25,58.86472365388723,3.281569205618487e-23
2632,57.73219459378885,5.341068118929218e-24,58.61720178168589,3.330793884572455e-23
2633,60.5811526449759,1.5154291291437342e-25,59.074759401738376,3.1148270044401414e-23
2634,62.10769229627394,5.79864387832816e-26,59.39204528147567,3.0987450335313106e-23
2635,59.07065145157199,8.902141014754204e-25,59.841816264580174,2.1217684773826355e-23
2636,61.56564541159036,7.943142918095453e-26,59.90945852199002,2.1206943017439888e-23
2637,54.13987421914138,1.8989295368232507e-22,59.916352020618795,1.9720358608968604e-23
2638,60.77745009260682,2.5499266156208276e-25,59.83710040670621,1.9736369264908548e-23
2639,64.18539437791652,7.95703998413246e-27,60.24680666696556,1.969451623612086e-23
2640,59.08036437748695,5.760337462943892e-25,59.99469345004762,1.9741357024041883e-23
2641,60.161611542092835,4.599415027744858e-25,59.940203100744554,1.977121216342234e-23
2642,60.44797519942157,1.9013251452356867e-25,60.211781161307826,1.9256118602981777e-23
2643,53.061815108977825,4.762339086500183e-22,59.45984740770801,6.686435517669217e-23
2644,56.34031174705357,2.2831432350769895e-23,58.88310935278598,6.914169976789083e-23
2645,54.4198661923443,1.2458595850437574e-22,58.418030826863216,8.151127420818086e-23
2646,55.549015149310854,3.9152046345677873e-23,57.81636780063527,8.541853569983055e-23
2647,60.62978186387913,1.8461681746445759e-25,58.465358565109035,6.644770201334449e-23
2648,65.34114183205861,1.4638827852598208e-27,58.92172773905421,6.642234913546681e-23
2649,60.98264721246538,2.2578679485622365e-25,58.60145302250911,6.644413211095403e-23
2650,61.0574302236726,1.2318372037951125e-25,58.79915960712766,6.639884710836253e-23
2651,55.971297123766554,2.0864896595155657e-23,58.380128165295034,6.843934261760063e-23
2652,50.34910393128733,3.580992452569883e-21,57.370241038481616,4.265195746231366e-22
2653,56.83941540310043,8.220969952475769e-24,57.74800106789388,3.797182807533823e-22
2654,60.08468826851392,2.8081032808720877e-25,58.122438720039916,3.7746321855111405e-22
2655,63.573311772666315,1.4074452039921552e-26,59.03778327807212,3.650060301458805e-22
2656,50.23749270461213,6.081493872892302e-21,58.50663103360224,9.692402128005429e-22
2657,57.54819393942826,7.155308297240583e-24,58.19847224115716,9.699372819485205e-22
2658,52.668595717543504,8.073383062967114e-22,56.93121762970564,1.0506709661899133e-21
2659,58.13622191468518,2.048220375691088e-24,56.646575099927624,1.0508532095479966e-21
2660,54.95843781843412,8.392615177363779e-23,56.03667585940377,1.0592335063533224e-21
2661,60.34217764574706,3.3176352925025695e-25,56.47376391160183,1.0571801930467318e-21
2662,57.585380975172356,5.6517224735109904e-24,57.19739161599033,6.996461200370948e-22
2663,65.18679726371437,2.481933640319085e-27,58.03212980205171,6.988242712352112e-22
2664,59.53759126150857,9.898125324369428e-25,57.977420101351186,6.988951714556461e-22
2665,50.117925296855326,8.728040691087253e-21,56.631881453770085,1.5716978331191677e-21
2666,62.495241078213596,3.1227189488309786e-26,57.857656291130226,9.635515685488862e-22
2667,63.800756118785294,8.390475193310235e-27,58.48291250906594,9.628368767666813e-22
2668,54.09814446891819,1.797725741543613e-22,58.62586738420341,9.000803035524462e-22
2669,56.24053202470469,2.295699890523149e-23,58.436298395205355,9.021711814054005e-22
2670,57.74320818737018,5.0719516059458226e-24,58.71477543209896,8.942857613886314e-22
2671,55.525341444416235,3.916508795114507e-23,58.23309181196588,8.981690938308206e-22
2672,58.89885368057777,1.1401054649394134e-24,58.36443908250642,8.977179321299635e-22
2673,57.00488734951201,1.0460473463013738e-23,57.54624809108619,8.987637312829009e-22
2674,64.9959563539058,1.9910306891449575e-27,58.09208460032592,8.986649491327262e-22
2675,61.482049012560495,1.1249058476575951e-25,59.228496971896426,2.587212908247734e-23
2676,60.39772297582374,3.75062505690914e-25,59.01874516165744,2.59065126140976e-23
2677,58.662230853726584,1.4927531856463355e-24,58.50489263515156,2.60549488851429e-23
2678,54.04524843589908,1.3535271228247388e-22,58.49960303184967,2.1612962697954155e-23
2679,62.438540276543215,4.5380511564188304e-26,59.11940385703351,1.9321800858587425e-23
2680,61.471055672506786,1.1191260104538527e-25,59.49218860554716,1.882579695809738e-23
2681,56.75619410850894,7.995309103158999e-24,59.61527387195643,1.5708819073298777e-23
2682,60.419290560084804,2.749727066747144e-25,59.767317559907156,1.5622305797472305e-23
2683,59.475308941995344,7.875326722544544e-25,60.01435971915548,1.4655011718396377e-23
2684,56.25387291549012,1.4124973646527515e-23,59.140151375313906,1.6067309979980215e-23
2685,53.479501783103025,1.8847289626149586e-22,58.33989665236817,3.490335054765323e-23
2686,56.50817858648369,1.8602807759443687e-23,57.95094221343417,3.67261250730285e-23
2687,61.153900584621034,1.8356029237654745e-25,58.200109186523605,3.6595205783701526e-23
2688,55.900324642198875,2.419467889936559e-23,58.385616807153575,2.5479402445390694e-23
2689,62.644237687614726,3.651331263835425e-26,58.40618654826072,2.5478515725498108e-23
2690,61.028456591259015,2.004443442172559e-25,58.36192664013595,2.54873688998153e-23
2691,60.68480128835678,1.4651731913244522e-25,58.75478735812074,2.4702489721412643e-23
2692,61.21894671080835,1.3723066577548585e-25,58.8347529731931,2.468871551732272e-23
2693,58.709701564970516,1.9321451522936894e-24,58.758192235490604,2.4803176765326642e-23
2694,59.74941133786979,5.10550468848664e-25,59.10774607772858,2.3441734447558758e-23
2695,62.583656859094646,4.233630710565828e-26,60.018161585327746,4.598678452119737e-24
2696,63.308199785156404,1.6685681850850732e-26,60.69816370519501,2.7400662443604545e-24
2697,65.22290636198444,2.579664697734093e-27,61.105064282931345,2.721968181592573e-24
2698,57.09600463752129,5.266616794995852e-24,61.224632282463595,8.29161971155599e-25
2699,59.13204669126066,7.945882416620039e-25,60.8734131828282,9.04969464057964e-25
2700,61.24779075776437,1.482575909482206e-25,60.89534659947873,8.997507887310605e-25
2701,55.748446360608085,2.3831107263340712e-23,60.401711106703864,3.2682097831518873e-24
2702,59.55293399589677,6.075215008754671e-25,60.2351098352127,3.315238866661885e-24
2703,55.44458860051212,5.451207455198381e-23,59.90859853876687,8.573231806630897e-24
2704,54.63429246955238,3.4249741080974375e-23,59.397086651935126,1.194715086784347e-23
2705,58.98749767528757,1.0963526901462037e-24,59.037470733554414,1.2052552506147523e-23
2706,64.04979425062297,7.298322292125846e-27,59.111630180101066,1.205161377019165e-23
2707,63.83419624933765,9.973812575420884e-27,58.97275916883639,1.2052353184979422e-23
2708,58.518556814573564,1.855225854501907e-24,59.115014386541624,1.1711214090930026e-23
2709,52.52414251195854,9.48133373372643e-22,58.454223968611394,1.0644509260402811e-22
2710,58.86184723794547,1.2754352311178219e-24,58.215629616629506,1.0655781036804508e-22
2711,60.112354834129896,4.552031256535037e-25,58.652020463981685,1.0422021995427637e-22
2712,62.300203133482825,6.39646211787437e-26,58.9267473777403,1.0416586426630669e-22
2713,57.64821866038344,6.282606235149146e-24,59.14711038372743,9.934291743462322e-23
2714,60.41620222015345,3.2857306916693272e-25,59.72530135878753,9.595080063344248e-23
2715,63.584819003765666,1.5998396112803274e-26,60.18503349163535,9.584276520403914e-23
2716,58.791778053348565,1.4164111323950223e-24,59.65923187190791,9.598367648504944e-23
2717,58.898571315627876,9.880212665606031e-25,59.16566937853694,9.608148123044798e-23
2718,61.646072798561065,8.11904531801854e-26,59.47842097693567,9.590407769031577e-23
2719,55.82048821621101,8.503782806880784e-24,59.80805554736092,1.9411186337395546e-24
2720,43.3290478632349,7.167384536687406e-18,58.254775609889876,7.167402672438512e-19
2721,55.7781014879365,3.3419145940432297e-23,57.821350275270525,7.167435636381327e-19
2722,61.69704601345547,1.047012031661195e-25,57.7610345632678,7.16743567711791e-19
2723,55.81202429623581,2.2240170770915585e-23,57.57741512685303,7.167451634682444e-19
2724,63.15188225126045,2.1555096649693e-26,57.85098312996373,7.1674513276644725e-19
2725,55.529702956358,1.9135255819747815e-23,57.045471525222965,7.1674704469218955e-19
2726,58.15224095844633,2.698237461129216e-24,56.981517815732744,7.167471728748225e-19
2727,60.34794576417172,2.464954562178583e-25,57.12645526058712,7.167470987222415e-19
2728,58.89895169604457,9.130010786828748e-25,56.85174315033547,7.16747181903304e-19
2729,56.28134363524846,2.201095639963652e-23,56.89782869223923,7.167485326206632e-19
2730,52.98326565186015,6.651522665840287e-22,57.86325047110175,7.659417858106067e-23
2731,67.3825423385938,2.609768707335738e-28,59.02369455616747,7.32522900847045e-23
2732,53.37880688587203,7.400250606968974e-23,58.19187064340913,8.064207057135687e-23
2733,63.155731163385305,2.2438370829017957e-26,58.926241330124085,7.842029733134821e-23
2734,59.89898050083448,3.7907642109704913e-25,58.60095115508149,7.845604946379294e-23
2735,60.93430120097005,2.253280509672937e-25,59.141410979542684,7.65650566869149e-23
2736,57.36486226205707,5.229624140014745e-24,59.062673109903756,7.681819535480346e-23
2737,60.075397164951866,4.81513821557651e-25,59.035418249981774,7.684169719133742e-23
2738,61.7432509365817,8.282466621334749e-26,59.319848174035485,7.675867955009048e-23
2739,58.752647571396025,1.2457827248526277e-24,59.566978567650246,7.46821621826121e-23
2740,58.39032274215167,1.5710653584406692e-24,60.10768427667939,8.324042060053287e-24
2741,60.616419447402734,3.0438286181360084e-25,59.43107198756029,8.354454248547575e-24
2742,58.76293208728415,1.1480777212017708e-24,59.96948450770151,1.0690114136987774e-24
2743,55.40473932075671,4.4793810378455406e-23,59.194385323438645,5.546148614461416e-24
2744,61.06443715975803,1.6818584659774164e-25,59.310930989331,5.5250595570114854e-24
2745,61.6936441231463,5.413423797424672e-26,59.38686528154864,5.5079401757121806e-24
2746,56.87232846872771,9.372446165890513e-24,59.33761190221569,5.922222378299757e-24
2747,56.72031372184408,4.923333036916063e-24,59.0021035579049,6.3664042998355986e-24
2748,56.15533387173131,1.59026460008796e-23,58.443311851419864,7.948386433302225e-24
2749,58.94882083023544,1.4305368291796027e-24,58.46292917730382,7.966861843734922e-24
2750,58.28325456506576,1.2909780251849513e-24,58.452222359595225,7.93885311040935e-24
2751,57.618525964849496,4.3508591827181046e-24,58.15243301133991,8.3435007424998e-24
2752,65.97363962716472,1.17676110015912e-27,58.87350376532796,8.22881064648964e-24
2753,54.260267274625484,2.0692655926613691e-22,58.759056560714825,2.444208553525779e-23
2754,54.489113041434315,8.641126230875451e-23,58.10152414888246,3.3066393181473467e-23
2755,68.59723297470339,7.90556247932829e-29,58.791883034038165,3.306098766323852e-23
2756,58.4136479099171,2.574637132310412e-24,58.94601497815711,3.238120675988051e-23
2757,54.48555506218835,8.032777331892753e-23,58.72253911219154,3.9921650788081655e-23
2758,60.794275272143594,1.948867376418041e-25,59.18643325223277,3.8350874861757874e-23
2759,55.754488077604826,6.404972153999037e-24,58.8669999769697,3.8848318394239816e-23
2760,62.16143694606536,4.959349379554978e-26,59.254818215069655,3.872417994110088e-23
2761,61.18810627601944,6.77211419777677e-26,59.61177624618665,3.829586613702685e-23
2762,57.43672267674445,3.660892691427212e-24,58.758084551144634,3.8661837730059555e-23
2763,63.177809656541854,9.44189112058705e-27,59.649838789336265,1.7970125992557918e-23
2764,61.49538914857945,1.1635503155315982e-25,60.35046640005078,9.340635264837785e-24
2765,59.28090638581728,9.327031747876985e-25,59.41883374116217,9.433897676754075e-24
2766,54.02893792479323,1.6838853846967134e-22,58.98036274264979,2.601528781049017e-23
2767,60.209859218988505,5.15269230724149e-25,59.552793158329806,1.803403740166983e-23
2768,60.107658518044836,2.271102812719938e-25,59.48413148291992,1.8037259756032846e-23
2769,56.272504460781285,1.7704026137895848e-23,59.53593312123756,1.9167165154422531e-23
2770,59.736614305062496,4.34955685881788e-25,59.29345085713728,1.9205701373631153e-23
2771,57.35239895804799,4.908756512036027e-24,58.90988012534014,1.968980491063698e-23
2772,63.62635707718032,9.484902352748125e-27,59.52884356538372,1.9324664131729534e-23
2773,56.98889428935581,2.8788288417042533e-24,58.909952028665124,1.96116028267879e-23
2774,58.97973264528523,1.2649066494604238e-24,58.658386378335706,1.9726457988578624e-23
2775,62.04508278960249,8.356966471421723e-26,58.93480401871422,1.9641544637571278e-23
2776,57.82640022311546,5.069551320428541e-24,59.314550248546446,3.309645922646999e-24
2777,58.16234119071927,1.612133064307496e-24,59.10979844571953,3.4193323060053334e-24
2778,57.37324588087102,5.2661369558345735e-24,58.83635718200213,3.923234973461591e-24
2779,62.533916655171325,2.821973685726058e-26,59.46249840144113,2.155654333357733e-24
2780,63.01769160204959,2.0461633158329352e-26,59.79060613113985,2.1142049280853867e-24
2781,56.717468992910604,1.0053883025421514e-23,59.72711313462612,2.6287175794239353e-24
2782,64.55430209427522,3.42053374514583e-27,59.8199076363356,2.6281111425631753e-24
2783,62.51037554592407,4.518818357216293e-26,60.37205576199242,2.3447470767499662e-24
2784,50.57433993903633,4.8824323308821534e-21,59.53151649136754,4.904614895000193e-22
2785,61.23969660572877,7.940539050495478e-26,59.450977872980175,4.904610730725983e-22
2786,60.14819083784188,2.016479462608014e-25,59.6831569344528,4.899742827351816e-22
2787,54.16376427926043,1.294290886590215e-22,59.28329924330692,5.027559782946529e-22
2788,63.51233644700451,5.8045825830772815e-27,59.89720829992027,5.022299450573278e-22
2789,54.69063229363909,9.103547859887084e-23,59.11287986376705,5.113306709435292e-22
2790,61.66911679342012,8.924630874821588e-26,58.9780223829041,5.113375494110883e-22
2791,58.90821981782256,1.1739814036546589e-24,59.19709746539529,5.104495592489115e-22
2792,56.524800901626776,1.336470664721999e-23,58.39414734613045,5.117856878602591e-22
2793,56.7444049535372,1.2491310527005204e-23,57.81755028689177,5.130303000946023e-22
2794,57.60847390866716,8.252980982719333e-24,58.520963683854845,2.5612365104658858e-23
2795,52.25306556883927,1.2399952273446517e-21,57.622300580165906,1.4960394730007355e-22
2796,62.27627133890242,5.423231798821046e-26,57.835108630271954,1.4958920573724628e-22
2797,59.254111196327436,3.67863224656122e-25,58.34414332197866,1.3668308319380975e-22
2798,59.32444637703352,7.395277192138952e-25,57.925354314981554,1.3675645550747283e-22
2799,57.976625990725466,2.8713575321147244e-24,58.25395368469019,1.279400434007972e-22
2800,50.82314384942104,3.8720022691605874e-21,57.16935639029028,5.151313456859811e-22
2801,59.83117442942207,2.9356915337019743e-25,57.26165185145023,5.150433044609527e-22
2802,57.34281500081664,6.2198329367234155e-24,57.34345326136922,5.143288170899031e-22
2803,66.85765204384683,5.4536614344951685e-28,58.354777970400185,5.130797405738169e-22
2804,60.596908422224004,2.447426442751917e-25,58.65362142175586,5.122789167399724e-22
2805,61.877603728738045,8.037271083292008e-26,59.61607523774575,3.882874312765906e-22
2806,55.02652537650271,8.2507782869121e-23,58.89110064150577,3.9653278633170386e-22
2807,60.42530195915588,2.6713759677007576e-25,59.00821971778862,3.965227137689153e-22
2808,61.385902213469066,1.1723265781765993e-25,59.21436530143217,3.964604842627756e-22
2809,50.36025037920123,4.248143007164005e-21,58.45272774027975,8.209876492259647e-22
2810,53.930042038595786,1.2601585313399165e-22,58.76341755919723,4.46389007623305e-22
2811,56.814883736419496,1.1825852517982901e-23,58.46178848989696,4.475422359597663e-22
2812,58.82131963785146,1.6233602320550722e-24,58.60963895360045,4.470825886892994e-22
2813,62.2146122238197,3.529133473211949e-26,58.14533497159774,4.470860632861583e-22
2814,56.93084747730527,8.574777289542051e-24,57.77872887710587,4.479190667506851e-22
2815,55.524642549642884,2.4645226827627784e-23,57.143432759196344,4.503755521623645e-22
2816,58.10398764914813,2.5611504180620274e-24,57.45117898646089,4.423808889172586e-22
2817,54.85254080392702,7.590200184965051e-23,56.89390287093801,4.499443753425467e-22
2818,55.58997595167427,3.340785753835017e-23,56.31431024475853,4.532734378305999e-22
2819,63.28014334095038,1.4446904883726054e-26,57.60629954093345,2.84605818046878e-23
2820,62.47772827854098,3.951864946071323e-26,58.461068164927966,1.5862948356234706e-23
2821,61.66102020116476,1.1320115503111808e-25,58.94568181140248,1.4691683219939528e-23
2822,54.104423330089276,1.3683752717636896e-22,58.47399218062626,2.821309991437092e-23
2823,59.85805422268471,2.7676384591803458e-25,58.23833638051277,2.823724716548951e-23
2824,54.27656859295837,1.3808870446692684e-22,57.972908492078076,4.1188639883227993e-23
2825,54.69494145392227,1.1595916179952174e-22,57.889938382506024,5.032003338041739e-23
2826,52.83382814299437,5.113218046209782e-22,57.36292243189064,1.01196098800709e-22
2827,57.599088904398826,5.2186289724514996e-24,57.63757724193782,9.412776151298909e-23
2828,63.498551825136374,1.000695516120806e-26,58.428434829284036,9.07879764546702e-23
2829,57.506811304822236,6.29209157086e-24,57.85110162567122,9.141574092126783e-23
2830,64.45211316998224,5.318288871290381e-27,58.04854011481534,9.141232088520891e-23
2831,52.85490202300047,4.421207359755421e-22,57.16792829699891,1.3561307436726e-22
2832,59.93176361921294,4.975570707571919e-25,57.75066232591128,1.219790773566988e-22
2833,60.80838796550503,2.067129740021604e-25,57.84569570019331,1.2197207226950722e-22
2834,63.4431471001544,5.146681611705463e-27,58.76235355091292,1.0816371649097571e-22
2835,67.36045615674007,1.8363900014229159e-28,60.02890502119469,9.656781867492355e-23
2836,56.90120655956999,7.599165496117901e-24,60.43564286285226,4.619555476243751e-23
2837,57.85671409512423,3.2309345607607693e-24,60.461405381924806,4.599678532126844e-23
2838,52.66459302194415,2.2608589990987054e-22,59.378009501605575,6.860437461673938e-23
2839,62.18438639130967,3.461257246680407e-26,59.84576701025431,6.797862671690006e-23
2840,59.27514747066358,8.864007122645713e-25,59.32807044032245,6.806673495923939e-23
2841,58.97522113920529,1.1363890462935928e-24,59.94010235194294,2.3968300266314536e-23
2842,54.79699169930337,9.569703728617723e-23,59.42662515995197,3.348824828785654e-23
2843,56.75955401498205,1.0558609492975964e-23,59.02174176489969,3.4523437939753916e-23
2844,61.51501018245398,8.239228108664322e-26,58.828928073129646,3.4531162499701416e-23
2845,56.40205807371666,1.2690405899361191e-23,57.7330882648273,3.5800184725737516e-23
2846,53.66616463258084,2.523713652481851e-22,57.40958407212838,6.027740470094424e-23
2847,61.816686697805416,5.469035321646038e-26,57.8055813323965,5.99597802801898e-23
2848,60.948930829770816,1.3743165086219737e-25,58.63401511317917,3.736493345428898e-23
2849,60.569642644881206,2.3026593807894894e-25,58.472540738536324,3.738449879085019e-23
2850,58.689431609596994,1.6456380665952735e-24,58.41396915242967,3.746042252628326e-23
2851,58.238332140632046,1.8388067556824312e-24,58.340280252572335,3.753066429722215e-23
2852,58.16390864396117,1.9332004505892508e-24,58.67697194703811,2.815428061366335e-23
2853,64.33918015981807,5.901546207753264e-27,59.43493456152172,2.709900981898652e-23
2854,67.86582111856794,1.9508951429792422e-28,60.070015655133126,2.7090790099829285e-23
2855,60.044477182570176,4.079405806651656e-25,60.43425756601847,2.5862543567959683e-23
2856,58.77307458833556,1.8859264948975265e-24,60.94494856159395,8.139996926309305e-25
2857,54.616161124419186,9.234715823112378e-23,60.224896004255314,1.0043246480421663e-23
2858,61.437236016909985,9.538474411731193e-26,60.27372652296923,1.0039041789747175e-23
2859,59.24998164799111,6.649433115257101e-25,60.14176042328023,1.0082509527091851e-23
2860,57.259015374688836,5.157524639528549e-24,59.998718799789415,1.0433698184385179e-23
2861,65.38486612198611,1.6948184978605816e-27,60.71337219792481,1.0249986990666721e-23
2862,60.766856089784916,2.1823910931225176e-25,60.973666942507194,1.0078490856539022e-23
2863,61.77346849089467,9.291954626111534e-26,60.71709577561485,1.0087192656544357e-23
2864,57.316914902374016,6.738210831336413e-24,59.66220515399546,1.0760994230726568e-23
2865,59.934137989633264,5.652809487337964e-25,59.65117123470177,1.0776728267533433e-23
2866,56.0381203821805,1.907800440126954e-23,59.37767581408626,1.2495936058170634e-23
2867,62.61508770086266,2.3973487099369928e-26,60.1775684717306,3.2636175837681923e-24
2868,56.883549563148776,7.434586608549142e-24,59.72219982635448,3.997537770211375e-24
2869,62.35893787254264,3.834627542655182e-26,60.033095448809625,3.934878066601459e-24
2870,58.76497502985916,2.2458416516528487e-24,60.183691414326674,3.64370976781389e-24
2871,63.086747720632026,1.9571259764849785e-26,59.95387957419126,3.645497411940589e-24
2872,60.196458666026714,2.655842653990803e-25,59.89683983181544,3.650231927549271e-24
2873,62.9154286346027,1.7867348169876293e-26,60.01103584618623,3.642726707740147e-24
2874,57.70395342379665,3.776447749281132e-24,60.04973969832851,3.346550399534619e-24
2875,57.60025914160609,2.0389046657684185e-24,59.816351813525785,3.493912771238081e-24
2876,62.568152037624685,2.5406072597974712e-26,60.46935497907022,1.5886529383709242e-24
2877,56.43389671199324,2.2167432540562048e-23,59.85123588018327,3.802998843717193e-24
2878,55.15990480349753,6.333287249742282e-23,59.67887140421815,9.392827432604559e-24
2879,58.94967909957594,1.0527878401944229e-24,59.33794552692147,9.494271589081347e-24
2880,56.59330271495859,1.732389748757732e-23,59.12077829543141,1.1002077172673793e-23
2881,55.14306437372765,3.248072944785824e-23,58.326409960740975,1.424819299148313e-23
2882,62.086947783942044,3.579346134954372e-26,58.515458872532506,1.422521391107818e-23
2883,59.283500619284226,7.005682551270501e-25,58.15226607100067,1.4293484001773894e-23
2884,64.01649110457771,6.1933919177692424e-27,58.78351983907878,1.391645856603756e-23
2885,56.66263868435137,4.832990158351509e-24,58.68975779335331,1.4195867115295872e-23
2886,58.74338229520568,7.370502769185429e-25,58.307280819111405,1.4267031535727925e-23
2887,55.47100253757559,3.8268315764425765e-23,58.21099140166964,1.5877119858114298e-23
2888,59.416899917455524,5.279938163861919e-25,58.636690913065436,9.596631990010636e-24
2889,58.09732097501482,1.7854477353838643e-24,58.551455100609324,9.66989797952958e-24
2890,61.0035261064858,1.4460349128281215e-25,58.992477439762034,7.951968579900129e-24
2891,58.46197521535404,1.6047818214309813e-24,59.32436852392468,4.8643738172574025e-24
2892,61.29689434858911,1.0157315178900991e-25,59.24536318038939,4.87095178630135e-24
2893,56.40074312799496,1.698057541798995e-23,58.95708743126046,6.49895250258764e-24
2894,58.56499677600245,1.9877585711740714e-24,58.41193799840293,6.697109020513269e-24
2895,61.72216785437743,1.0422126738012452e-25,58.91789091540554,6.224232131416131e-24
2896,66.71043796460236,5.63996574181412e-28,59.7145964823452,6.150583503381694e-24
2897,64.48517233189172,4.043042966823962e-27,60.616013461776824,2.3241562312358007e-24
2898,60.49903677593027,3.042948536280912e-25,60.72422714762429,2.301786334959991e-24
2899,51.76397037970184,1.7497600812843567e-21,60.09089208809299,1.7709924968985726e-22
2900,58.62031579179199,1.2990369028014523e-24,59.85257105662362,1.7721469303100916e-22
2901,51.3303775599108,2.968952672953271e-21,59.1394112910793,4.739494821441931e-22
2902,63.84856105233078,9.959008527573643e-27,59.39457796145346,4.739403207298669e-22
2903,54.59651302505321,2.8135654733691964e-23,59.21415495115929,4.7505582866143715e-22
2904,58.57232922183679,1.0230190271338686e-24,59.21488819574272,4.7495935470703315e-22
2905,59.58170539356019,6.32122552680553e-25,59.000841949661,4.750121448355632e-22
2906,61.87648668184577,4.3522339380143465e-26,58.51744682138534,4.750164406698437e-22
2907,60.32399618992793,4.146754649827206e-25,58.10132920718896,4.7505750391204535e-22
2908,58.562901480061015,2.205532190574719e-24,57.90771567760203,4.7524762764574e-22
2909,59.1819912602145,1.3001223620626045e-24,58.6495177656533,3.0040163175351066e-22
2910,60.99205379565207,2.181508729908006e-25,58.8866915660393,3.0029354315052956e-22
2911,58.4911052154473,2.0160916007690653e-24,59.60276433159296,3.599885015279401e-24
2912,60.600913449594294,3.239894244436343e-25,59.2779995713193,3.631288056871007e-24
2913,63.373868537099874,1.5864628900730376e-26,60.15573512252397,8.19309046391884e-25
2914,48.21704685305851,5.03476502149002e-20,59.12020688564614,5.035482028633699e-21
2915,54.00841609781342,1.8749178123641305e-22,58.56287795607146,5.054167994502072e-21
2916,61.6469058823475,7.223698310678042e-26,58.539919876121644,5.0541708659664455e-21
2917,60.43726644264915,2.9375067584797806e-25,58.55124690139377,5.0541587734875314e-21
2918,60.54000626343666,2.1869208945383927e-25,58.74895737973132,5.053960089477419e-21
2919,56.151806422588116,1.3834922514697155e-23,58.44593889596869,5.0552135694926826e-21
2920,54.53350833310257,1.0031339394166242e-22,57.800084349713735,5.0652230937995494e-21
2921,56.18892965636829,2.1850975093232846e-23,57.56986679380583,5.067206582148796e-21
2922,54.917010299581314,7.956839831623741e-23,57.001476478804534,5.0751310230379756e-21
2923,55.527424907661846,2.0920261210871538e-23,56.21683211586073,5.077221462696173e-21
2924,38.415481012815064,1.0227111577747159e-15,55.23667553183638,1.022711582339128e-16
2925,59.449938068274996,9.73321781458603e-25,55.78082772888255,1.0227113958206685e-16
2926,61.45018700406064,8.000860886506939e-26,55.76115584105387,1.0227113958284402e-16
2927,62.8428277813538,1.6598837789782578e-26,56.00171197492433,1.0227113955512883e-16
2928,60.01137818209856,3.9627444278591103e-25,55.948849166790524,1.0227113957288708e-16
2929,59.71700528590087,3.135021760501333e-25,56.30536905312179,1.0227113822074503e-16
2930,63.18266358232722,2.4598038544909125e-26,57.17028457804427,1.0227112819186544e-16
2931,60.38890009175349,3.0430942990847257e-25,57.590281621582776,1.0227112603719887e-16
2932,56.469384736796485,2.112526525638133e-23,57.7455190653043,1.0227112019288558e-16
2933,43.98662471737042,3.244020369657793e-18,56.59143904627515,1.0259552013782523e-16
2934,48.27483529499172,3.6893846177958016e-20,57.57737447449282,3.2809374497143224e-19
2935,62.647921896805606,2.369491974802981e-26,57.89717285734589,3.280936500087461e-19
2936,58.7231220460104,1.5518198882737539e-24,57.62446636154086,3.28093797189874e-19
2937,64.52656424653088,5.2105760513295685e-27,57.792840008058555,3.2809379605104786e-19
2938,60.482955728212055,3.4707850116621515e-25,57.83999776266991,3.280937911314537e-19
2939,61.13121605275298,1.9352873755234086e-25,57.98141883935513,3.2809377913410987e-19
2940,61.294404602172115,3.2035652044424675e-26,57.79259294133961,3.2809377987787122e-19
2941,62.358549602548045,5.195429027485998e-26,57.989557892419064,3.2809375464235724e-19
2942,55.44763644599989,4.0476141958615134e-23,57.88738306333941,3.2809568973002744e-19
2943,63.4938708793815,1.655840357983457e-26,59.83810767954052,3.693654420088531e-21
2944,61.000416242067125,1.0859731982757936e-25,61.11066577424806,4.28066202471335e-24
2945,60.27152298554006,3.4106356950237947e-25,60.873025883121514,4.312398889688785e-24
2946,60.24348079293386,3.8171952366429486e-25,61.02506175781385,4.19538885322784e-24
2947,54.74943395066716,8.541321850804591e-23,60.047348728227476,1.2736189646427297e-23
2948,60.107147571498224,3.8337249630949036e-25,60.00976791255609,1.2739819045941624e-23
2949,57.376673895208825,4.893671545685585e-24,59.63431369680168,1.320983332675495e-23
2950,58.437116171140104,1.674689326202353e-24,59.34858485369848,1.337409869417074e-23
2951,56.19229248651983,1.7187790543285756e-23,58.73195914209566,1.5087682319471832e-23
2952,58.1351398131593,3.099615322146251e-24,59.0007094788116,1.1350029655824945e-23
2953,56.40472224322734,1.6283422637964113e-23,58.29179461519618,1.2976716079263373e-23
2954,61.16690748531047,1.2664124587620122e-25,58.30844373952052,1.2978520471868232e-23
2955,55.75683257996266,4.487278422114218e-23,57.85697469896278,1.7431692537032212e-23
2956,54.40536727245219,6.678306205346572e-23,57.2731633469146,2.407182679001236e-23
2957,59.33017914834731,6.990795674443678e-25,57.731237866682626,1.56004128959522e-23
2958,60.653496501750084,2.9218881960560122e-25,57.78587275970781,1.5591294528281813e-23
2959,58.21604734665356,1.1517111301294913e-24,57.869810104852284,1.5217098486726205e-23
2960,57.62627350762322,4.731916013251432e-24,57.78872583850059,1.5522821155431113e-23
2961,55.554938566446786,4.9154200777220986e-23,57.724990446493294,1.8719462178824636e-23
2962,62.317851699651065,6.056251829935708e-26,58.14326163514247,1.8415556898439948e-23
2963,62.66834911991023,3.303088024972332e-26,58.76962432281076,1.6790517722668507e-23
2964,57.166268871000895,8.69324427174503e-24,58.3695604613798,1.7647178025255387e-23
2965,62.47266983156546,2.6701765355258085e-26,59.04114418654008,1.3162569779676696e-23
2966,59.1802917116797,8.133369812593318e-25,59.51863663046284,6.5655972724560584e-24
2967,61.64755571051658,6.85185768689595e-26,59.750374286679765,6.502541173398517e-24
2968,58.20250254478749,3.414626249835341e-24,59.5052748909835,6.81478491642149e-24
2969,55.18163889993986,4.9680840881941413e-23,59.201834046312136,1.1667697891602685e-23
2970,59.72427341168602,3.8596854686882884e-25,59.41163403671841,1.1233103144964424e-23
2971,56.40368931834173,1.0986746685317584e-23,59.496509111907905,7.416357735774083e-24
2972,60.72595798024765,2.2427377445349694e-25,59.337319739967576,7.432728861389497e-24
2973,60.16847285877599,3.2246859391754593e-25,59.087332113854146,7.461672632756279e-24
2974,56.75164379554667,1.1488696188377207e-23,59.04586960630871,7.741217824419496e-24
2975,58.79012677899674,1.0279103798333328e-24,58.677615301051844,7.841338685867303e-24
2976,53.63627882331544,2.9126253307593643e-22,58.12321401221542,3.6886258295335016e-23
2977,62.05136627121629,6.005759438474278e-26,58.16359506828538,3.688541219708659e-23
2978,56.29516913890898,1.4049475128682977e-23,57.972861727697534,3.794889708497136e-23
2979,61.291650659086905,1.1895569130370154e-25,58.583862903612236,3.2992708565907584e-23
2980,59.977383009877514,5.720191312284388e-25,58.609173863431394,3.301131362434355e-23
2981,48.785544592606854,3.0057055181077444e-20,57.8473593908579,3.0376181570635565e-21
2982,57.96237452125061,3.751539130725142e-24,57.5710010449582,3.037970883599183e-21
2983,56.052719870984205,2.2614655084140335e-23,57.159425746179025,3.0402001022482055e-21
2984,54.55013722765355,6.290472746642465e-23,56.93927508938971,3.0453417053760103e-21
2985,65.13481731631369,3.046826181099334e-27,57.5737441431214,3.045239219020645e-21
2986,58.94993577900058,1.434758692445008e-24,58.10510983868993,3.0162564415822956e-21
2987,66.73097076751955,6.28418144246284e-28,58.57307028832025,3.016250498664672e-21
2988,60.85527903918678,9.872484645734484e-26,59.02908127834803,3.0148554236364497e-21
2989,57.20945117536055,7.85068551851559e-24,58.62086132997539,3.0156285966191705e-21
2990,58.40515526275673,2.3486880072275612e-24,58.46363855526331,3.0158062635067694e-21
2991,63.92849427458478,1.0147736200573508e-26,59.97793352346109,1.0101760172646153e-23
2992,63.92548269597609,1.071510577046585e-26,60.57424434093366,9.727677770150688e-24
2993,62.05231144176061,4.718156992836604e-26,61.174203498011295,7.47093041872949e-24
2994,48.6448693193006,2.738625935086856e-20,60.583676707176,2.7398063927589427e-21
2995,59.02688031245474,1.0617909163253486e-24,59.972883006790106,2.7399122671679574e-21
2996,58.70001354099178,1.858207658729937e-24,59.94789078298923,2.7399546120645854e-21
2997,63.68237879537161,1.482412514244107e-26,59.64303158577443,2.7399560316352858e-21
2998,55.15348631455113,4.876512765231346e-23,59.07285231331086,2.744822671915871e-21
2999,58.999298559133976,8.55002103743585e-25,59.25183705168821,2.744123103574394e-21
3000,60.89785988399225,1.4495266623182067e-25,59.50110751381176,2.743902730040294e-21
3001,63.6211022870176,8.942499946714233e-27,59.47036831505504,2.743902609516669e-21
3002,58.39113033234017,1.859128380581643e-24,58.91693307869144,2.7440874508441497e-21
3003,53.30906866754414,1.6609010494712303e-22,58.04260880126979,2.760691743181869e-21
3004,60.29919019039669,2.866083572112567e-25,59.2080408883794,2.2094468930734923e-23
3005,60.77658789296609,1.5048967534371086e-25,59.383011646430546,2.200333880663676e-23
3006,61.246132945879594,8.209544016785445e-26,59.637623586919325,2.1825727584780552e-23
3007,61.71888341063796,9.905843328945822e-26,59.44127404844596,2.1834151015595253e-23
3008,64.1319151156325,7.872712057123497e-27,60.3391169285541,1.695842552156962e-23
3009,53.533204508328055,2.075868888933187e-22,59.7925075234735,3.763161420052713e-23
3010,58.79752905785312,1.3979464109720734e-24,59.582474440859585,3.775691357500116e-23
3011,58.86605206888273,1.0725453024115648e-24,59.106969419046095,3.7863273855247647e-23
3012,59.68263113176233,6.0190692847773225e-25,59.236119498988316,3.7737551710037255e-23
3013,51.58501976076168,1.7482044838969612e-21,59.06371460831008,1.9594898960502104e-22
3014,60.584354311415,2.478812165832024e-25,59.09223102041191,1.9594511689095825e-22
3015,57.20726067613588,7.245379244722465e-24,58.73529829872889,1.9665460584789612e-22
3016,60.555693491546855,2.6411088924110284e-25,58.66625435329561,1.9667280739280344e-22
3017,58.97318826310612,8.333415954260497e-25,58.391684838542425,1.9674623570901714e-22
3018,61.61664399363433,1.2002182265374656e-25,58.1401577263426,1.9675745062007676e-22
3019,55.25075954229434,6.903569629446245e-23,58.31191322973923,1.8290233136019114e-22
3020,58.668098275182864,1.0447582043340063e-24,58.29897015147221,1.8286701253952734e-22
3021,54.101824724855355,1.4296907226494555e-22,57.82254741706947,1.9705666523578071e-22
3022,57.99065337249518,2.392389121677414e-24,57.65334964114275,1.9723571345510072e-22
3023,61.64261451200378,6.411399644688142e-26,58.659109116266976,2.2421676465049287e-23
3024,63.430322658899186,1.3739604792548467e-26,58.94370595101539,2.2398262303870224e-23
3025,59.01554184839806,8.946207966301769e-25,59.12453406824161,2.1763186459060992e-23
3026,61.91013279929362,5.605192897208109e-26,59.25997799901628,2.1742380563034093e-23
3027,62.073477067598205,4.1110545545012784e-26,59.570006879465495,2.1663157458045987e-23
3028,67.4217789526943,1.5070199059520415e-28,60.15052037537148,2.1651170345979675e-23
3029,55.17742747695134,5.885948108321379e-23,60.1431871688372,2.0633548824854807e-23
3030,62.0395066975818,4.541284218477606e-26,60.480328011077084,2.0533614288639882e-23
3031,56.71622373696491,1.7988376541810548e-23,60.74176791228804,8.035544716326384e-24
3032,50.05954472219075,7.84906264907964e-21,59.9486570472576,7.927025707121226e-22
3033,60.52869307976656,2.3860801212391336e-25,59.83726490403386,7.927200201136903e-22
3034,59.89236941511751,3.8011720847397003e-25,59.483469579655704,7.927566578740587e-22
3035,69.55012281135599,3.592609985272511e-29,60.536927675951496,7.926671993870056e-22
3036,55.98709510476028,3.021310279470704e-23,59.944623906498165,7.956829044735789e-22
3037,60.214552911949085,3.81517910365222e-25,59.75873149093326,7.957169452100607e-22
3038,61.24483957029397,1.4156498845010654e-25,59.14103755269322,7.957310866387067e-22
3039,58.43863117709336,1.5745700182804629e-24,59.467157922707415,7.9000259553221355e-22
3040,52.591487876664964,7.219414041358691e-22,58.52235604061574,8.62192194661582e-22
3041,52.295808414309484,9.782592048249727e-22,58.08031450835019,9.582192774898982e-22
3042,60.183540137868334,3.210714680661411e-25,59.09271404991796,1.7334511972874087e-22
3043,53.90028127265789,1.798482999147113e-22,58.42987286920709,1.913060889189996e-22
3044,65.10221060499757,2.296591568190816e-27,58.9508569881951,1.9126830685730902e-22
3045,58.500896380299594,2.2961865176240984e-24,57.84593434508945,1.9149792191646143e-22
3046,58.17626091070919,2.527113686107476e-24,58.06485092568433,1.887293230056015e-22
3047,59.42075179965352,8.465162674751521e-25,57.985470814454786,1.887758228413125e-22
3048,55.73095469198077,3.95573691216203e-23,57.43408232662347,1.927174032546295e-22
3049,53.227573843427635,2.0438659343145925e-22,56.91297659325689,2.1299860559594736e-22
3050,56.09826545120286,2.0065659430164884e-23,57.26365435071068,1.4281103112537697e-22
3051,68.2999493787722,1.2272825734511347e-28,58.86406844715695,4.498512291570542e-23
3052,59.045497906896145,1.048867168651123e-24,58.750264224059734,4.5057902485763916e-23
3053,59.859048662792866,2.0027780290857104e-25,59.34614096307323,2.7093100274583643e-23
3054,63.136911478658895,2.3858587405424536e-26,59.14961105043936,2.709525647416736e-23
3055,60.22781667369343,4.867159818512417e-25,59.32230307977875,2.691430942059008e-23
3056,52.70253168328147,3.2646837896216916e-22,58.774930157035975,5.930843594819625e-23
3057,62.386465940644804,3.860308648798608e-26,59.071501571135116,5.922764463009753e-23
3058,64.2328841842406,5.9575264613234824e-27,59.921694520361086,5.527250347058163e-23
3059,53.371350220622034,3.809916319416518e-22,59.93607215808053,7.29330073216009e-23
3060,63.420762023458686,1.2060217657872424e-26,60.668321815306115,7.09276474003502e-23
3061,60.40170620634876,3.164783981432861e-25,59.878497498063766,7.095928296733879e-23
3062,62.05933835315681,5.312396650075855e-26,60.17988154268984,7.085970864712375e-23
3063,52.52705184490674,1.0119049653904015e-21,59.44668186090122,1.7203017740587305e-22
3064,64.0244117323129,8.593346776500695e-27,59.535431886266636,1.7202865088181015e-22
3065,54.97591714224523,4.769036832936432e-23,59.010241933121804,1.7674901611656148e-22
3066,55.729690216203316,2.508494055783293e-23,59.31295778641398,1.4661067227612783e-22
3067,48.50933530776343,5.390088313141475e-20,57.92524472312584,5.536695125108955e-21
3068,64.37907946386207,5.8900840014404255e-27,57.93986425108801,5.536695118364709e-21
3069,56.34953838533913,1.349520406058944e-23,58.2376830675597,5.499945475576602e-21
3070,55.80639271822903,2.0349446439961503e-23,57.47624613703674,5.5019792141988314e-21
3071,62.22543616921268,5.593613145335708e-26,57.658619133323135,5.501953159972163e-21
3072,58.65366014018885,1.8408657402626186e-24,57.31805131202634,5.502131934149539e-21
3073,56.469327526063275,1.748881774682695e-23,57.712278880141994,5.4026903193851824e-21
3074,57.332221298483674,3.8742736933798785e-24,57.04305983675906,5.403076887419843e-21
3075,62.24984326828353,4.5025075136348666e-26,57.77045244936289,5.39831235309442e-21
3076,61.62971519554195,6.683737920854884e-26,58.36045494729676,5.395810542776557e-21
3077,59.23210529813823,1.1673658770224534e-24,59.43273194633424,5.838966222784253e-24
3078,57.52752266724944,5.368312087734152e-24,58.747576266672965,6.375208423157525e-24
3079,62.82843894233242,3.155336774216133e-26,59.39546632237231,5.028843353872797e-24
3080,58.22667713870851,2.9515907920559297e-24,59.63749476442026,3.28905778908224e-24
3081,61.956494521049514,4.486246717964381e-26,59.610600599603934,3.2879504226548684e-24
3082,59.05845352732407,1.2241351337587462e-24,59.651079938317466,3.226277362004481e-24
3083,60.85995524947277,1.1755819876363757e-25,60.09014271065841,1.4891514071981503e-24
3084,61.06653851937479,1.6190398042117779e-25,60.463574432747535,1.1179144359022797e-24
3085,59.47594320622504,7.054856906957907e-25,60.18618442654167,1.1839604974582243e-24
3086,58.90113398486524,1.4259763692343009e-24,59.913326305474,1.3198743964607992e-24
3087,62.25943486295933,4.331732769379364e-26,60.21605926195612,1.2074695415279335e-24
3088,59.281704571541056,7.445679266231914e-25,60.39147745238527,7.450951254168372e-25
3089,63.33121667985371,8.563631546644547e-27,60.4417552261374,7.427961517972857e-25
3090,59.08105135880702,1.0883381825384753e-24,60.52719264814725,5.564708908455402e-25
3091,62.44362277159621,4.8813716660263134e-26,60.57590547320192,5.568660157936021e-25
3092,62.99347292092519,2.3666824818869924e-26,60.96940741256204,4.368191848996145e-25
3093,63.89412786164213,9.802313326826183e-27,61.27282467377897,4.260435963559333e-25
3094,57.63151452304164,4.130186321728268e-24,60.92932227414566,8.228718304866423e-25
3095,62.47045528904445,5.369943104488476e-26,61.228773482427606,7.5769320452155175e-25
3096,62.72819980648442,2.3685417918298523e-26,61.61148006458952,6.174641093899515e-25
3097,54.67933748286265,1.0485403697619808e-22,60.85347032657985,1.109853607424038e-23
3098,64.71553843136823,3.791857371843002e-27,61.396853712562574,1.1024458467315246e-23
3099,58.963647398528224,1.2756122725099057e-24,60.960096784430014,1.1151163331411572e-23
3100,56.71831784452943,9.779036575997994e-24,60.72382343300226,1.2020233170757522e-23
3101,56.41032831759748,1.778283347818162e-23,60.12049398760239,1.379363514690966e-23
3102,62.57254982082887,2.711609439017312e-26,60.07840167759275,1.3793980073866787e-23
3103,60.91205696407464,2.0945370005641717e-25,59.780194587836,1.381394521253975e-23
3104,61.76968708146773,7.085345721861964e-26,60.19401184367861,1.3408011926088783e-23
3105,55.45312769809892,4.798485591143404e-23,59.49227908458406,1.8201127574127698e-23
3106,62.81454532476246,3.0815850558221857e-26,59.50091363641186,1.820184061739169e-23
3107,57.990380845077006,2.6380507937865227e-24,59.832017972633295,7.980241999150535e-24
3108,57.84967851134192,3.2351138120256903e-24,59.14543198063067,8.303374194615922e-24
3109,57.46878952037872,5.305309255025853e-24,58.99594619281572,8.706343892867514e-24
3110,41.39657674492048,5.316284725510793e-17,57.46377208285482,5.316292453951028e-18
3111,49.374649559634896,7.507889554018967e-21,56.760204207058564,5.317041464623082e-18
3112,52.52535203935056,7.958124184422903e-22,55.755484428910734,5.317121043153317e-18
3113,59.54942284326211,7.834074220341078e-25,55.61922101682948,5.317121100548689e-18
3114,51.05487648264845,1.734732309526623e-21,54.54773995694755,5.317294566694296e-18
3115,59.537204679054184,6.927878296921544e-25,54.95614765504308,5.317289837487488e-18
3116,59.4800274107618,5.856069210954339e-25,54.62269586364302,5.3172898929665956e-18
3117,54.98770434908188,2.4091250697975935e-23,54.3224282140435,5.3172920382865854e-18
3118,58.043647085487876,2.8898869851656383e-24,54.341825071458096,5.317292003763903e-18
3119,64.01262955383672,6.871528430290382e-27,54.99620907480389,5.3172914739201296e-18
3120,64.38206613544442,4.615320769053209e-27,57.2947580138563,1.0067488708693044e-21
3121,59.853779855325776,6.916123994557197e-25,58.342671043425376,2.560290767073532e-22
3122,63.79970336865114,9.070770153556025e-27,59.47010617635544,1.7644874194013953e-22
3123,59.011396204034924,1.5104966477908178e-24,59.41630351243272,1.765214508627152e-22
3124,57.43021237807911,6.992425860051538e-24,60.05383710197579,3.747462496058013e-24
3125,61.13841427845113,2.150215026524871e-25,60.21395806191548,3.6996858633540475e-24
3126,66.25927586794097,5.082740843092091e-28,60.89188290763339,3.641175998652935e-24
3127,53.85770309439759,1.67744663961369e-22,60.77888278216498,1.800651732499224e-23
3128,60.90684123451573,2.4552706718598365e-25,61.065202197067755,1.7742081333194274e-23
3129,58.29467809679707,1.539763756483679e-24,60.49340705136378,1.7895370555999613e-23
3130,57.6502212318617,2.964284822094819e-24,59.820222561005515,1.819133750613219e-23
3131,53.54601729810589,2.1230414920967705e-22,59.189446305283525,3.9352591187154327e-23
3132,62.66839049298799,2.668357758190209e-26,59.07631501771722,3.9354352467897155e-23
3133,60.58139952970865,1.660281446635082e-25,59.23331535028458,3.921990561758443e-23
3134,57.131463265530066,9.735284344546811e-24,59.20344043902968,3.949419146603396e-23
3135,63.72436660152716,1.1924932980592301e-26,59.46203567133729,3.947388180906677e-23
3136,60.69327329681866,2.3573092409866787e-25,58.90543541422507,3.94974040740682e-23
3137,58.80076619059525,1.0753630932151683e-24,59.39974172384482,2.2830473987252817e-23
3138,59.29741008732734,4.550702552684779e-25,59.23879860912598,2.285142830606107e-23
3139,60.81728641297355,2.582474849126989e-25,59.49105944074362,2.272327667890397e-23
3140,59.882796153850165,5.86935215578372e-25,59.71431693294248,2.2485541718252323e-23
3141,59.32079022533158,9.199440002216694e-25,60.291794225665036,1.3471211973067869e-24
3142,60.4604470933016,3.8641048346034813e-25,60.0709998856964,1.3830938878946315e-24
3143,67.3641760131838,2.2140816933693234e-28,60.74927753404393,1.3665132142452143e-24
3144,59.27561925422203,1.1886596968714522e-24,60.96369313291312,5.118507494776783e-25
3145,63.61373610129373,1.0961102845767563e-26,60.952630082889776,5.117543664641959e-25
3146,60.91999313511766,1.8674223061562462e-25,60.975302066719664,5.068554971158915e-25
3147,61.64086027312007,1.1214469252036102e-25,61.259311474972165,4.105336570464108e-25
3148,57.39230036795519,5.3451724136418845e-24,61.068800503034936,8.995438728837517e-25
3149,59.42409850142385,7.536609064050545e-25,60.929481711879966,9.49085215032987e-25
3150,60.452516709481465,2.1982081264551563e-25,60.98645376744308,9.123737747397013e-25
3151,60.793655093018366,1.3766103341681947e-25,61.13374025421177,8.341454780592163e-25
3152,62.05111043562956,5.822788499130993e-26,61.29280658844457,8.0132721821231255e-25
3153,61.06763208958699,2.448142530929865e-25,60.66315219608489,8.2578650270467745e-25
3154,58.436320547311624,2.4819131114271096e-24,60.57922232539386,9.551118441602434e-25
3155,65.64108505629842,2.4681849700505028e-27,60.78195722089432,9.542625523726714e-25
3156,68.20044845709432,1.0583484111155071e-28,61.51000275309199,9.355989127952203e-25
3157,56.421392496648345,1.773474027826268e-23,60.98805597544481,2.697858471369452e-24
3158,57.561728759327934,4.0803236792156936e-24,61.00499881458209,2.5713735979268333e-24
3159,57.92660220374062,2.639674417145155e-24,60.85524918481376,2.759974949000843e-24
3160,62.49540673889738,3.553414731974262e-26,61.059538187755344,2.7415462824682662e-24
3161,59.48832767473126,8.598736763843906e-25,60.929005445926656,2.8137675467650236e-24
3162,62.41629069301552,2.635234669727451e-26,60.96552347166524,2.81057999293562e-24
3163,54.78456530191029,7.236634053417298e-23,60.33721679289757,1.0022732621043619e-23
3164,51.12991287062001,1.9572715484760415e-21,59.606576025228414,2.0550169615750505e-22
3165,54.324916459383005,1.1718204531473127e-22,58.47495916553687,2.172196538704812e-22
3166,56.81092717821916,9.929968868527682e-24,57.336007037649345,2.1821264017384984e-22
3167,52.76037124628272,7.771151885049285e-22,56.96990491261279,2.941506849965164e-22
3168,56.37281634217186,1.6985865909284305e-23,56.85101367089718,2.9544123921952333e-22
3169,53.99486574628989,1.0846720386282495e-22,56.45784002515211,3.060239921640913e-22
3170,52.17324611269598,9.713600698299347e-22,55.42562396253197,4.031564457323527e-22
3171,55.85779848842085,2.7212037334681516e-23,55.062571043900924,4.0579166209818246e-22
3172,52.41834233152292,7.379498318884353e-22,54.06277620775167,4.795840100523562e-22
3173,60.733067199756334,1.7564430608116141e-25,54.657626397536276,4.723649404295471e-22
3174,59.755704420768616,5.7756169447937e-25,55.52020555255113,2.766955417513909e-22
3175,57.30894862988015,6.3592612403040964e-24,55.81860876960085,2.656132633439482e-22
3176,58.83775273640113,6.914683458734919e-25,56.02129132541904,2.646894132916827e-22
3177,55.71511434010475,3.0029652363432486e-23,56.31676563480124,1.8998085967753312e-22
3178,61.33389475140729,1.303849446186552e-25,56.81287347572479,1.8829531158106655e-22
3179,57.23073783017858,6.262778769241272e-24,57.13646068411366,1.7807486907170825e-22
3180,59.203020295762684,3.7533142012746064e-25,57.83943810242033,8.097639523072748e-23
3181,53.360016099815766,2.893240734123366e-22,57.589659863559824,1.07187598838493e-22
3182,63.46995224870692,1.2040706923502457e-26,58.69482085527822,3.339381972034181e-23
3183,56.28003931456072,1.801518043464399e-23,58.249518066758654,3.517777333319809e-23
3184,60.7611052874781,2.0415003257163239e-25,58.35005815342961,3.5140432167007315e-23
3185,60.828933036801516,1.2424928349975622e-25,58.70205659412174,3.4516930971326885e-23
3186,54.76566962898894,5.429637208698962e-23,58.29484828338052,3.987742134543849e-23
3187,63.58025964225422,6.02369990517101e-27,59.08136281359547,3.6875058479085767e-23
3188,59.43986025672919,5.019946319240056e-25,58.89195936412766,3.6912219447816304e-23
3189,59.048751951810665,1.2800109992401476e-24,59.073760776290875,3.641394267081619e-23
3190,59.336348942001166,7.474036144361997e-25,59.087093640914716,3.645114989024706e-23
3191,60.685132339713945,2.0035120418878119e-25,59.81960526490453,7.538777669432282e-24
3192,62.811882715197314,2.2802240799953784e-26,59.75379831155358,7.539853822819927e-24
3193,58.89649622833892,1.2902881515741654e-24,60.015444002931396,5.867364594512943e-24
3194,56.330487875669455,2.290743336932554e-23,59.57238226175053,8.137692928188335e-24
3195,59.08638753038142,7.836145551073954e-25,59.39812771110852,8.2036294553491e-24
3196,54.9123856597499,1.114333405217744e-22,59.412799314184625,1.3917326298827577e-23
3197,62.90777537746477,2.0440897965725017e-26,59.34555088770568,1.3918768018633634e-23
3198,56.77023336268349,8.398642835514896e-24,59.0785881983011,1.4708432838992722e-23
3199,60.11648298794978,4.878129919077604e-25,59.18536130191502,1.4629213038259482e-23
3200,62.32915584429318,2.6207724959557814e-26,59.48464199214421,1.455709344931182e-23
3201,58.51828702201663,2.1422592167927325e-24,59.26795746037449,1.475128425057221e-23
3202,59.83958368732852,4.684157191688093e-25,58.9707275575876,1.4795845598409098e-23
3203,61.888799389273856,7.071010102969045e-26,59.26995787368109,1.467388779335465e-23
3204,56.4048499717428,2.0878041919195546e-23,59.277394083288435,1.447094864834165e-23
3205,57.565777773562885,6.0965305822850154e-24,59.12533310760658,1.5002240251059416e-23
3206,60.58453971097426,2.1840027368457415e-25,59.69254851272901,3.880746226250431e-24
3207,62.732828899880715,3.7478337832894e-26,59.67505386497061,3.882449970237148e-24
3208,58.39349591199237,2.360048057994644e-24,59.83738011990149,3.278590492485123e-24
3209,57.95774914896427,3.9304511084719775e-24,59.621506736002935,3.6228543041415445e-24
3210,59.79939867102507,5.823343013172436e-25,59.36853101867614,3.678466961777313e-24
3211,57.083426532082534,6.981707212114423e-24,59.22504496968272,4.1624117613094816e-24
3212,61.81888003462764,7.621761986673975e-26,59.42297460441264,4.123191951379275e-24
3213,66.02949978954985,1.0062495553747917e-27,59.83704464444024,4.116221566231844e-24
3214,60.8538168710378,2.0625422493279308e-25,60.28194133436974,2.049042796805568e-24
3215,58.970933175177166,1.7162357792280535e-24,60.422456874531164,1.6110133164998717e-24
3216,55.08702070083244,5.56678802182518e-23,59.87270497351699,7.155961310956594e-24
3217,61.900531775519646,6.378670770831288e-26,59.78947526108088,7.158592147944138e-24
3218,61.00952527252117,1.3973966436809981e-25,60.051078197133755,6.936561308581484e-24
3219,58.76575721134863,2.0402169947710024e-24,60.13187900337219,6.747537897211385e-24
3220,55.49485003654699,4.352841084929862e-23,59.701424139924384,1.1042145552009523e-23
3221,60.72001770713705,2.1005593770340424e-25,60.06508325742983,1.0364980424568421e-23
3222,56.6734120011553,1.455789871230206e-23,59.550536454082604,1.1813148533811952e-23
3223,63.1109774982083,1.475487235368811e-26,59.258684224948446,1.1814523396091783e-23
3224,62.93667799487209,2.641742934512968e-26,59.46697033733187,1.1796539716533016e-23
3225,59.809993594845,4.256654084366191e-25,59.55087637929866,1.1667482679453877e-23
3226,56.927645772579844,1.0310434960349109e-23,59.7349388864734,7.131738153663605e-24
3227,62.452551403977736,4.699069325126865e-26,59.79014084931921,7.130058552217901e-24
3228,55.03782718014614,5.488741658163934e-23,59.1929710400817,1.2604826243945023e-23
3229,56.94622571114311,6.718214427745912e-24,59.011017890061154,1.3072625987242515e-23
3230,55.14363960505588,6.844441796431374e-23,58.97589684691205,1.5564226698744028e-23
3231,56.405168698991574,1.4729536958763514e-23,58.5444119460975,1.7016174800850036e-23
3232,56.47052661448563,1.0520969959440996e-23,58.52412340743052,1.661248192556393e-23
3233,56.295356880423256,2.4352533469024908e-23,57.842561345652015,1.9046259785231054e-23
3234,63.253812400488975,1.411916166966402e-26,57.87427478621371,1.9045029958463508e-23
3235,63.10046234845976,2.1316195594670537e-26,58.20332166157518,1.9004595037179313e-23
3236,57.37548855055217,5.256730025677574e-24,58.24810593937242,1.8499224543712158e-23
3237,54.5561017921827,1.281973332392064e-22,57.45846097819292,3.131425879830767e-23
3238,51.53068639775335,2.2422344033916176e-21,57.107746899953646,2.500489574793055e-22
3239,59.14683485325668,4.584080760776968e-25,57.327807814165,2.494229768441387e-22
3240,61.08529545390673,8.365967305698355e-26,57.92197339905008,2.4258690101501304e-22
3241,53.136331688041636,3.1344196136751736e-22,57.59508969795509,2.724581434558884e-22
3242,61.63857489282738,1.1832098635580833e-25,58.11189452578926,2.7141787855857987e-22
3243,56.92486397526103,9.541421601913979e-24,58.17484523527304,2.6993676737186876e-22
3244,56.5274602369365,1.4993766394421484e-23,57.502210018917786,2.71434732095144e-22
3245,54.70758976138736,9.422622338100492e-23,56.66292276021056,2.80855222813685e-22
3246,62.50545091037709,2.0631136156244616e-26,57.17591899619305,2.8033161292473283e-22
3247,57.71493149300332,4.905047225689093e-24,57.49180196627511,2.680023843233811e-22
3248,63.67769698559415,1.0283601136274631e-26,58.70650302505918,4.3779972344332993e-23
3249,60.98732943987435,1.7183796423872103e-25,58.89055248372095,4.375131533314909e-23
3250,54.95809128380705,5.591999607402846e-23,58.27783206671099,4.9334948973246236e-23
3251,58.13482707114325,3.2160083561161496e-24,58.777681605021144,1.8312353672106115e-23
3252,62.76357990617392,1.9551936873783034e-26,58.8901821063558,1.830247676715791e-23
3253,61.27854573090112,1.1541381740835992e-25,59.32555028191981,1.7359875988707347e-23
3254,65.23069449471672,2.171749732843913e-27,60.19587370769782,1.5860716524238488e-23
3255,53.787799051343875,2.435478415350516e-22,60.10389463669348,3.0792878339643154e-23
3256,64.63319462215884,4.986146803403584e-27,60.31666900787165,3.079131384070787e-23
3257,57.427662736433746,3.348241834384049e-24,60.28794213221471,3.0635633301577364e-23
3258,59.730575318783615,4.273991330852759e-25,59.89322996553365,3.0677344854772266e-23
3259,53.898663642906605,1.8540425857615376e-22,59.184363385836875,4.920058691596377e-23
3260,56.0039467860194,1.615382192079408e-23,59.288948936058105,4.5223969500640333e-23
3261,59.347318395608866,8.830126367723712e-25,59.41019806850468,4.4990669928705955e-23
3262,54.161156123565796,1.6133115856436457e-22,58.54995569024386,6.112183059145502e-23
3263,58.40971003565228,3.1479010110297366e-24,58.26307212071898,6.142507931081718e-23
3264,64.83833310417009,4.0125959640311435e-27,58.22383598166432,6.142526339544029e-23
3265,59.256166873861346,1.0370020752588536e-24,58.77067276391607,3.717417944946101e-23
3266,52.87089893646606,4.947864706273472e-22,57.59444319534678,8.66523278975154e-23
3267,60.12532058733594,4.969111664780158e-25,57.86420898043701,8.63671948307248e-23
3268,62.89152431948071,2.571546997237703e-26,58.18030388050671,8.63270264644135e-23
3269,54.18443408896764,1.7829460279120963e-22,58.208880925112815,8.561606088591908e-23
3270,68.0742462951738,1.3865973229265784e-28,59.41591087602826,8.40006925598129e-23
3271,62.17096980429522,3.561670880952219e-26,59.698276016896884,8.391595296701663e-23
3272,65.08933153930391,2.677683186492554e-27,60.7910935584707,6.778310487889882e-23
3273,51.7194459125122,1.7440582252178183e-21,60.1220671461567,2.4187413729957767e-22
3274,56.681409010933656,1.0476195333807503e-23,59.30637473683305,2.42921355573362e-22
3275,55.65475439433491,2.807879899563043e-23,58.946233488880395,2.456255352653992e-22
3276,60.081415684794884,3.0831930095402764e-25,59.66728516371329,1.9617772013275984e-22
3277,59.82942788798544,4.0652432772444686e-25,59.63769589377823,1.961686814488845e-22
3278,56.79971088148756,8.928096765855327e-24,59.02851454997892,1.970589195784728e-22
3279,56.10378905723053,1.1583956388986651e-23,59.22045004680522,1.803878549382505e-22
3280,55.4517284451704,3.205032856931045e-23,57.95819826180487,1.8359287392920828e-22
3281,57.32009375735921,7.448145144484236e-24,57.47311065711127,1.8433412677277577e-22
3282,52.457582284385005,9.789325519483069e-22,56.209935731619375,2.8222711419928783e-22
3283,55.64492307527866,1.4977793298491506e-23,56.602483447896034,1.0931907100735513e-22
3284,54.69510163153576,9.840827997769419e-23,56.40385270995624,1.1811227947174382e-22
3285,57.15839488386397,4.319631331333646e-24,56.554216758909135,1.1573636270531413e-22
3286,63.422413822526934,1.5822715140968791e-26,56.888316572682356,1.1570711304673283e-22
3287,55.63427175714712,3.0233929739230035e-23,56.46880095959851,1.186898535878834e-22
3288,56.20231487007208,1.9380156402086706e-23,56.409061358456974,1.1973505955150655e-22
3289,60.0412772687406,4.178280383782449e-25,56.80281017960798,1.186184467164457e-22
3290,50.86550438611992,4.140448407066436e-21,56.34418777370293,5.294582545661582e-22
3291,59.88112396863178,3.7312566158506086e-25,56.60029079483019,5.287507526178683e-22
3292,55.67974561719818,2.6581933897435363e-23,56.9225071281115,4.335156908127812e-22
3293,51.47995918209556,2.2237552303852397e-21,56.50601073879318,6.54393434521456e-22
3294,61.41386879664854,1.1755820146013267e-25,57.17788745530447,6.445643623438326e-22
3295,58.48448829071107,1.9455389673212814e-24,57.31049679598918,6.443269531074314e-22
3296,60.37946372693253,2.9584087680258103e-25,57.006201786429735,6.443549549235975e-22
3297,66.37874394793414,6.247917297589013e-28,58.08064900550844,6.413316244288475e-22
3298,58.49348486069573,1.4363970539163603e-24,58.309766004570804,6.395372484940304e-22
3299,65.01799263836915,2.1080005088006515e-27,58.80743754153366,6.394956764902435e-22
3300,60.87157039286754,1.3660200243579408e-25,59.808044142208416,2.2546449598384354e-22
3301,62.38060176711069,2.3807238153471016e-26,60.0579919220563,2.2542956414150033e-22
3302,67.83929682460877,1.2785776893764352e-28,61.27394704279736,2.2277138353753367e-22
3303,62.85152380870547,2.7493530428055943e-26,62.41110350545837,3.9860985205251735e-25
3304,55.97005788437257,2.3751430381900836e-23,61.866722414230765,2.7619970700965876e-24
3305,59.59633422224177,5.563438668185894e-25,61.97790700738384,2.6230775600463186e-24
3306,56.099413860990474,2.003612643929168e-23,61.54990202078964,4.597106116295229e-24
3307,59.45573888663826,3.592945627185155e-25,60.857601514660054,4.6329730933941046e-24
3308,59.703658932546475,3.569775656353744e-25,60.97861892184511,4.525031144566006e-24
3309,56.49398399465205,1.261998673213974e-23,60.12621805747341,5.7868190177291006e-24
3310,54.70597004918009,9.345930262468272e-23,59.509658023104656,1.5119089079953791e-23
3311,55.529423836304204,4.073720151859474e-23,58.82454023002401,1.9190428507997917e-23
3312,54.450226450932156,6.351905236029711e-23,57.48563319265636,2.5542320958250735e-23
3313,60.647434398457655,2.091674222755716e-25,57.26522425163157,2.5560488347435492e-23
3314,58.28911118323804,2.8228727617180944e-24,57.49712958151812,2.346763258541722e-23
3315,63.57779298919521,1.0754327594633972e-26,57.89527545821346,2.3413073631494818e-23
3316,64.2065586922919,8.435262935777182e-27,58.7059899413436,2.141030451385923e-23
3317,63.91572954991969,8.544897755215564e-27,59.15198900767174,2.1375229547362904e-23
3318,65.55621411260631,1.5653727082055817e-27,59.737244525677724,2.133968832807018e-23
3319,61.40107236360077,1.3299960951101695e-25,60.2279533625726,2.0090989615807308e-23
3320,56.86009026284476,7.36837088095605e-24,60.44336538393907,1.148189644143464e-23
3321,52.892666677456994,5.236275933529145e-22,60.179689668054344,5.977093562486662e-23
3322,62.36991249550575,2.941019545782081e-26,60.97165827251172,5.342197140838268e-23
3323,58.31210213082069,1.3665912652458482e-24,60.738125045748006,5.353771379267971e-23
3324,61.31227201648734,1.1809326620094914e-25,61.04044112907294,5.3267235843128e-23
3325,56.025911053902675,1.8578535529733513e-23,60.28525293554368,5.512401396334189e-23
3326,57.22816871330147,3.741684364791876e-24,59.587413937644634,5.549733887352749e-23
3327,59.976990114606686,3.7098305964879535e-25,59.19353999411334,5.553358268971686e-23
3328,59.98916104785941,3.305199638954127e-25,58.636834687638654,5.556647814883557e-23
3329,52.747766085206315,9.310019753203357e-22,57.7715040597992,1.4865337571991805e-22
3330,57.882690299272426,2.056741941495937e-24,57.87376406344198,1.4812221282597203e-22
3331,59.23837749763881,8.054106099371022e-25,58.50833514546016,9.58399945516743e-23
3332,59.99088222184236,3.8450070044514076e-25,58.27043211809382,9.587550360217302e-23
3333,62.81786682622046,1.112507161509514e-26,58.7210085876338,9.573995698280995e-23
3334,60.87739810378748,1.6163981858803216e-25,58.67752119636382,9.574431163804867e-23
3335,63.39585467934839,1.834237033388558e-26,59.414515558908384,9.388829232210868e-23
3336,57.092895144151996,7.427711443570694e-24,59.400988201993435,9.42568950299866e-23
3337,61.45007852955257,7.286246337889009e-26,59.54829704348801,9.422708297035958e-23
3338,65.76372783946508,1.0420217589804216e-27,60.1257537226486,9.419413517614595e-23
3339,62.042818489024334,4.339242602036897e-26,61.05525896303038,1.0982768867144127e-24
3340,65.44737079897837,1.768889412579619e-27,61.81172701300098,8.927795815060771e-25
3341,69.2293221377067,1.6653402188026395e-29,62.81082147700778,8.122401858525857e-25
3342,64.33731549595782,4.507877502986062e-27,63.24546480441931,7.742409035583699e-25
3343,62.31169656467905,2.4015360560538823e-26,63.194847778265185,7.755299324529142e-25
3344,57.32516621402037,5.646179993877105e-24,62.839624589288476,1.3239839499818217e-24
3345,58.05001789333039,2.2923388219453558e-24,62.30504091068667,1.5513835951429687e-24
3346,59.87747392135794,5.043681952217452e-25,62.58349878840727,8.590492703080739e-25
3347,57.486947795731226,5.34169280133327e-24,62.18718571502512,1.3859323041035116e-24
3348,64.44225801752091,3.1870276346141172e-27,62.05503873283071,1.3861468046910752e-24
3349,62.916435751564805,2.824912075936197e-26,62.14240045908476,1.3846324741649745e-24
3350,57.34114788824638,4.540926559015825e-24,61.33177816801155,1.838548241125299e-24
3351,62.24934404013422,4.63268398872706e-26,60.63378035825432,1.843179259773807e-24
3352,59.21264121472804,9.153081929765238e-25,60.12131293013133,1.934259291321161e-24
3353,60.78903624118162,1.9461085568892536e-25,59.969046897781595,1.951318840834e-24
3354,64.02674130604433,6.3972678026564255e-27,60.63920440698398,1.3873405682265549e-24
3355,59.59928684840212,5.403232802633073e-25,60.79413130249115,1.21213901405835e-24
3356,59.61982433485767,6.158402992381101e-25,60.76836634384112,1.2232862244599865e-24
3357,59.36073494632641,5.351678426631934e-25,60.95574505890064,7.426337285929788e-25
3358,64.49858148849154,4.570071432249349e-27,60.96137740599772,7.427720329727423e-25
3359,55.536478340832474,4.1820286054964876e-23,60.223381664924474,4.921975726393294e-24
3360,57.484300480393415,3.3103095420343325e-24,60.237696924139186,4.798914024695144e-24
3361,58.78019675821902,1.3265810446842535e-24,59.890782195947665,4.9269394451748426e-24
3362,59.244770843472544,6.60638834845738e-25,59.89399515882212,4.901472509361763e-24
3363,59.865789620290165,3.8695806971207835e-25,59.80167049673297,4.9207072307640795e-24
3364,59.108362401244946,1.2283180592650282e-24,59.30983260625302,5.042899309910317e-24
3365,60.280890608905594,3.610916315474217e-25,59.377992982303375,5.0249761450387285e-24
3366,59.44206222073466,8.242009988950753e-25,59.36021677089108,5.045812215004424e-24
3367,63.61777548837846,1.3125814645034e-26,59.785920825096284,4.9936080122026094e-24
3368,62.0559603662526,6.816277209501895e-26,59.54165871287239,4.999967282268886e-24
3369,64.79948625071182,2.8136928052710995e-27,60.467959503860335,8.182200460529252e-25
3370,60.51123728634489,1.3605420921151367e-25,60.77065318445547,5.007945127706432e-25
3371,55.47746240907338,2.6710500237037575e-23,60.44037974954091,3.0391864320059758e-24
3372,63.56270578759325,1.8351121635098524e-26,60.87217324395298,2.9749576606849113e-24
3373,61.006083539006,1.7189269954110948e-25,60.98620263582457,2.953451123667815e-24
3374,41.66217822791349,2.843356254688892e-17,59.24158421849141,2.8433590853082097e-18
3375,59.82318633316912,3.5341949657119887e-25,59.19581379091777,2.8433590845409962e-18
3376,56.97429244317448,5.410214346242588e-24,58.949036813161754,2.843359543142331e-18
3377,60.07483114920345,3.3707519982342973e-25,58.594742379244245,2.8433595755372692e-18
3378,59.76370708387103,5.9562269369034345e-25,58.36551705100609,2.843359628283261e-18
3379,57.24743397094415,6.754931045591578e-24,57.61031182302933,2.843360303494997e-18
3380,58.32560526577266,2.0706744685574803e-24,57.3917486209721,2.8433604969570225e-18
3381,59.50086889360055,8.094323085171526e-25,57.794089269424816,2.8433579068502303e-18
3382,62.720728689702895,3.5246001114460903e-26,57.709891559635786,2.8433579085397177e-18
3383,60.331563503920314,3.5660164908699864e-25,57.642439556127215,2.843357927010613e-18
3384,64.2489949687078,9.743378189661866e-27,59.90112123020665,1.673296058738489e-24
3385,64.0658354304486,4.3977493525261295e-27,60.325386139934594,1.638393884016622e-24
3386,57.34282885788784,5.262587545552466e-24,60.36223978140593,1.6236312039476098e-24
3387,60.26217270782076,4.0335228578050876e-25,60.38097393726766,1.6302589125433176e-24
3388,64.8107522648269,4.5238017674523824e-27,60.88567845536325,1.5711490233510286e-24
3389,60.67001444710379,2.429918022416662e-25,61.227936502979205,9.199550990160375e-25
3390,57.510202855376875,3.7564402257098424e-24,61.14639626193963,1.0885316747312736e-24
3391,63.717744541869656,9.73057041965323e-27,61.56808382676654,1.0085615009215238e-24
3392,66.31032831439762,8.494152843991129e-28,61.927043789236016,1.0051218423385175e-24
3393,62.432773327906695,3.6140609476819014e-26,62.13716477163466,9.730757383774994e-25
3394,66.9228832267014,3.6992405694451313e-28,62.40455359743402,9.72138392964228e-25
3395,59.49760003229339,8.093747941153882e-25,61.94773005761849,1.052636097440514e-24
3396,52.812160149079524,7.371947069680828e-22,61.49466318673766,7.424584803969355e-23
3397,57.23609438356126,5.291625118374816e-24,61.19205535431172,7.473467532295298e-23
3398,57.123190949253626,7.720867527514274e-24,60.42329922275438,7.550630969552767e-23
3399,62.960363654194246,2.865467727287645e-26,60.65233414346343,7.548487598303077e-23
3400,63.466250230908024,9.218112532624039e-27,61.247938881016545,7.511015377171306e-23
3401,58.64174995053918,2.059856083496997e-24,60.74033942188349,7.531516632302079e-23
3402,63.18260762226674,1.693269021363897e-26,60.42756735267041,7.531677465051371e-23
3403,54.718469015335316,6.8707664897768e-23,59.65613692141327,8.218392707934282e-23
3404,64.2301142163021,3.649870937811834e-27,59.38686002037334,8.218425507403092e-23
3405,58.92153840114709,9.162717737785809e-25,59.32925385725872,8.219494477199722e-23
3406,62.02112402026187,2.2548729071614648e-26,60.25015024437695,8.477728948096124e-24
3407,60.331239596644274,1.9273920389807917e-25,60.55966476568525,7.96784035664845e-24
3408,63.100216409959515,2.3173682796632336e-26,61.15736731175584,7.198070972176687e-24
3409,55.70262525875708,2.6426753360223516e-23,60.431593472212114,9.83788084047175e-24
3410,57.99192238041349,3.076685106872391e-24,59.88416068716266,1.0144627539905726e-23
3411,58.17062428350866,1.5982487845866234e-24,59.83704812045962,1.0098466810014688e-23
3412,65.34192158446214,2.6804648227965694e-27,60.05297951667916,1.0097041587475606e-23
3413,57.359321033350234,2.290117720077105e-24,60.31706471848065,3.455286869706515e-24
3414,63.1631981518075,2.0102411534525235e-26,60.210373112031185,3.4569321237661864e-24
3415,53.88861510392069,2.364317728941593e-22,59.70708078230854,2.700848223580426e-23
3416,56.804116834077355,9.676052421171126e-24,59.18538006369009,2.7973832605014206e-23
3417,56.56249755507731,1.3569541045618843e-23,58.8085058595334,2.9311512789186286e-23
3418,62.246433165113565,4.17558155167761e-26,58.72312753504881,2.93133710024583e-23
3419,62.96382666518642,2.309983835988097e-26,59.44924767569173,2.6673005650271937e-23
3420,64.00030317941264,4.148915045220535e-27,60.050085755591645,2.6365752031089216e-23
3421,54.696833604162606,5.97350886036085e-23,59.702706687657056,3.217943601299141e-23
3422,61.472189923193135,7.971819782317057e-26,59.31573352153015,3.218713978629144e-23
3423,60.73640015732975,1.3260745120932172e-25,59.653441433928094,3.197138875940467e-23
3424,58.319771921189854,1.744896569111457e-24,59.16909881086633,3.214386817516236e-23
3425,56.096822671305446,1.709374729971888e-23,59.38991956760481,1.0210065615718316e-23
3426,59.72540756826086,3.306239471121586e-25,59.68204864102315,9.275522768312419e-24
3427,50.52990177457076,5.4760186158212896e-21,59.07878906297251,5.555204302458795e-22
3428,62.15215849215551,2.5883255789322375e-26,59.06936159567671,5.555188429899068e-22
3429,60.69582659749277,1.8112337000024738e-25,58.84256158890734,5.555346453430707e-22
3430,58.68931283685464,2.2994346278066054e-24,58.31146255465153,5.557641739143469e-22
3431,40.666234234308114,1.119895657444802e-16,56.90840261766609,1.1199506365113075e-17
3432,59.00243545873683,1.5070205144086275e-24,56.66142717122045,1.1199506507843305e-17
3433,55.137469644475566,3.5528354187436625e-23,56.10153411993504,1.119951004741798e-17
3434,58.56783144495441,2.2628469360286347e-24,56.12634007231149,1.1199510099213019e-17
3435,58.51510713408765,1.0614881322342918e-24,56.36816851858971,1.1199508495987101e-17
3436,57.79060245702761,5.6422351756092596e-24,56.174688007466386,1.1199509027148223e-17
3437,62.09633521726335,4.9430153354096855e-26,57.33133135173565,1.1198961430229655e-17
3438,63.123710348390084,1.4406307518964648e-26,57.428486537359106,1.119896142908196e-17
3439,57.57884667844064,4.457901991150779e-24,57.11678854545389,1.1198961856759822e-17
3440,60.88875123846229,1.3224673039862756e-25,57.33673238561465,1.1198961640041033e-17
3441,59.16837019029896,1.1487188612210144e-24,59.18694598121374,5.1804648989360916e-24
3442,54.33734487245959,7.582840351940763e-23,58.72043692258602,1.2612603199435993e-23
3443,63.400561307369536,1.8426064496028202e-26,59.54674608887542,9.061610387141933e-24
3444,62.879399141282875,2.971844957969875e-26,59.977902858508266,8.83829753849704e-24
3445,58.30469386724267,2.4738306164491976e-24,59.95686153182377,8.979531786918529e-24
3446,46.77888733410166,1.184667745008859e-19,58.855690019531174,1.1855092758357947e-20
3447,57.00493235351034,7.157218027528322e-24,58.34654973315586,1.1855803537145362e-20
3448,56.34996608142268,1.1424197745292887e-23,57.669175306459124,1.1856944516289141e-20
3449,59.846728914329105,2.2675417054077934e-25,57.89596353004797,1.185652140150708e-20
3450,55.93785323937213,1.6279718104169005e-23,57.40087373013895,1.1858136148644458e-20
3451,55.037675113397036,4.788698551790345e-23,56.987804222448766,1.1862809975310124e-20
3452,55.604168499075875,1.747289317543106e-23,57.1144865851104,1.185697442427573e-20
3453,64.74815261037011,4.810000605866245e-27,57.24924571541045,1.1856973062669338e-20
3454,66.70692739010542,3.9247837285901247e-28,57.631998540292706,1.185697013007222e-20
3455,55.86573211770801,2.235649470826195e-23,57.388102365339236,1.1858958396481398e-20
3456,64.18144364960389,5.2998503802694546e-27,59.12835799688946,1.2281476377848645e-23
3457,59.41641394365431,6.86400345293711e-25,59.36950615590386,1.1634394609625187e-23
3458,57.55510975898555,6.2940768944034996e-24,59.49002052366014,1.1121382524536244e-23
3459,55.72390665131025,3.960623552762828e-23,59.07773829735826,1.5059330660244995e-23
3460,61.559622589596,6.614356227806632e-26,59.639915232380645,1.34379732060559e-23
3461,59.500424740988976,9.523891646176379e-25,60.08619019513983,8.74451357072732e-24
3462,57.61545737169686,6.092037068213518e-24,60.287319082401936,7.606427960005565e-24
3463,59.68781738288081,6.181520348353311e-25,59.78128555965301,7.667762163428512e-24
3464,60.3302571306838,3.070923137338196e-25,59.14361853371084,7.698432146964609e-24
3465,62.18112240324165,5.711086621731213e-26,59.7751575622642,5.468493762760144e-24
3466,58.104827947934595,3.0046627205542868e-24,59.16749599209728,5.768430049777547e-24
3467,57.99767808836613,4.192681934497081e-24,59.02562240656846,6.119058208697883e-24
3468,58.69468600387548,1.059532246021258e-24,59.13958003105746,5.595603743859659e-24
3469,61.958390495206444,4.048222892457654e-26,59.76302841544708,1.6390284139892888e-24
3470,62.6096786707767,2.6212543060570164e-26,59.868034023565144,1.6350353120675388e-24
3471,64.64541747282583,3.680820187639857e-27,60.38253329674883,1.5401644776245393e-24
3472,55.04887931130991,7.246525174743233e-23,60.12587549071012,8.17748594554642e-24
3473,62.48645450110398,2.978351499342693e-26,60.405739202532445,8.11864909356223e-24
3474,59.40506373306748,9.429012168672171e-25,60.313219862770815,8.18222998387557e-24
3475,58.22752280992055,2.4388935929608374e-24,59.9178599034387,8.420408256549921e-24
3476,62.03417102767996,6.858769636246602e-26,60.31079421141324,8.12680075413074e-24
3477,61.50240628333286,1.0884359836753778e-25,60.661267030909926,7.718416920517785e-24
3478,63.17203720928525,1.5573163615712204e-26,61.109002151450895,7.614021012277231e-24
3479,61.779688474911374,7.559048825431652e-26,61.09113194942139,7.617531838210204e-24
3480,64.08726180454263,1.1204879528742137e-26,61.23889026279799,7.616031071857022e-24
3481,56.928372061831126,1.1998991127007522e-23,60.46718572169851,8.815562102539011e-24
3482,59.344999234471395,1.0375187820507237e-24,60.89679771401467,1.6727888060008503e-24
3483,57.06907832139243,8.84534009390747e-24,60.35506009604351,2.554344463892255e-24
3484,58.06736123770193,3.397772200942751e-24,60.221289846506956,2.799831562299808e-24
3485,61.64520542306411,7.480263487136945e-26,60.563058107821305,2.563422466490861e-24
3486,58.441075183259265,1.8339981946784285e-24,60.20374852337924,2.7399635163224575e-24
3487,61.620774223663524,1.225748365516445e-25,60.2155853174123,2.7413366401408677e-24
3488,61.92609594405606,4.793947185782507e-26,60.09099119088938,2.744573270965079e-24
3489,58.94642949567736,1.2528527237998074e-24,59.80766529296598,2.862299494519628e-24
3490,54.59726892643855,8.966436862475215e-23,58.85866600515558,1.1827615869041968e-23
3491,51.714997240886284,1.780809458556236e-21,58.33732852306109,1.8870866261196484e-22
3492,56.24563332419476,2.0599914893337276e-23,58.027391932033424,1.9066490222309348e-22
3493,52.661772648014825,8.798036385990882e-22,57.58666136469566,2.777607320736115e-22
3494,56.85000819618705,9.526371678709964e-24,57.46492606054419,2.7837359202138834e-22
3495,55.82290466708363,2.5637948517501533e-23,56.88269598494613,2.809299066096513e-22
3496,59.66938262637174,1.082159848507023e-24,57.00552672925737,2.808547227750342e-22
3497,56.47439357529606,7.024747617139234e-24,56.49088866442063,2.8154494005309293e-22
3498,54.734155050308736,5.871169782320313e-23,55.7716945750459,2.8741131588822746e-22
3499,54.70546169417982,8.426887581870099e-23,55.347597794896146,2.9571291819771755e-22
3500,60.32150196328351,3.2297358774491146e-25,55.92002109858064,2.8677877869401684e-22
3501,56.96793578923375,7.732876250892665e-24,56.44531495341538,1.094711204634825e-22
3502,56.630601047009165,1.5900890924111386e-23,56.48381172569683,1.090012180665599e-22
3503,61.32107932535832,1.6461727434933373e-25,57.34974239343118,2.1037315934086016e-23
3504,58.71074483620994,1.7896574034356795e-24,57.53581605743348,2.0263644506558587e-23
3505,62.9535552539255,2.4139878014942153e-26,58.24888111611766,1.7702263642609927e-23
3506,63.53637184009374,9.30045881235964e-27,58.63558003748985,1.759497770364046e-23
3507,58.354588435232856,1.9893703428085147e-24,58.82359952348353,1.709143997620739e-23
3508,55.77460478440463,1.176193096295655e-23,58.927644496893116,1.2396463290182734e-23
3509,54.01395700227427,1.4193984418224604e-22,58.85849402770257,1.8163560126537238e-23
3510,53.352536760632724,3.8702706806434964e-22,58.16159750743749,5.683396957419772e-23
3511,56.65956805728368,5.567568804899999e-24,58.130760734242486,5.661743882959845e-23
3512,55.30307561300939,4.9338534437278674e-23,57.998008190842505,5.996120318091519e-23
3513,53.539211020532946,2.784698721637655e-22,57.21982136035997,8.779172866985681e-23
3514,61.5405518174912,7.139097088285474e-26,57.502802058488086,8.761990202660151e-23
3515,49.922978451641235,1.0301819033433957e-20,56.199744378259666,1.1177993913821957e-21
3516,52.90785860218839,4.281044729383803e-22,55.136893054469134,1.1606089086301524e-21
3517,55.76072141817257,2.0508988562101269e-23,54.8775063527631,1.1624608704520819e-21
3518,61.01206674710598,1.1119021160718759e-25,55.401252549033245,1.161295796376947e-21
3519,57.47433332200334,3.1985157686829566e-24,55.74729018100614,1.1474216635355905e-21
3520,60.28226307945294,3.232082689536032e-25,56.44026281288817,1.1087512775560509e-21
3521,58.02439787184667,3.0857896155120268e-24,56.57674579434447,1.1085030996371122e-21
3522,56.33690505591127,1.844210365909794e-23,56.680128738634664,1.105413456559294e-21
3523,55.190560052696,6.11865820105108e-23,56.84526364185096,1.0836851275439686e-21
3524,46.87740273582777,1.7490972419626608e-19,55.37894873368462,1.8574650408073488e-20
3525,51.89246597554228,1.2496744041438026e-21,55.57589748607472,1.7669435945144474e-20
3526,55.119715748005646,6.84487643573431e-23,55.797083200656445,1.763347037428637e-20
3527,62.03665470283921,3.643865453099712e-26,56.42467652912311,1.7631423119295615e-20
3528,58.13117113438341,2.1215924577713976e-24,56.136586967850846,1.763162415952023e-20
3529,52.52093049313793,1.0635547006082145e-21,55.641246684964315,1.7737659778004183e-20
3530,58.87304779076545,1.2061690409294826e-24,55.50032515609556,1.773774807408138e-20
3531,56.58914592744532,1.366835523705904e-23,55.356799961655426,1.7738806330643538e-20
3532,58.31759782206429,2.052346606989366e-24,55.554869238270726,1.7737167354938326e-20
3533,56.2135446295693,9.965371414572688e-24,55.65716769595806,1.7732045233878728e-20
3534,58.69543256144766,1.434955330270214e-24,56.838970678520056,2.4121630978514834e-22
3535,51.94758620266029,1.1016575489884847e-21,56.844482701231854,2.2641462426961656e-22
3536,56.92024465353876,5.353751561998645e-24,57.02453559178516,2.2010512299008215e-22
3537,52.27850014075065,1.2170172976832242e-21,56.04872013557631,3.4180320889295147e-22
3538,57.64182487529963,5.063528034927688e-24,55.99978550966794,3.420974024506671e-22
3539,51.560660453679134,1.587459185162221e-21,55.903758505722045,3.9448785090606774e-22
3540,57.602812312208506,3.887304669601385e-24,55.776734957866346,3.947559644689349e-22
3541,59.02260247522029,6.64613733829589e-25,56.02008061264386,3.9345559031861194e-22
3542,58.352680619218255,2.529074406877862e-24,56.02358889235925,3.9350326309860074e-22
3543,52.96987850647913,6.543658774996319e-22,55.69922228005023,4.579433137071067e-22
3544,60.713716092710264,1.7317310894724625e-25,55.90105063317649,4.578171354849744e-22
3545,57.825481004666386,3.657315824547362e-24,56.4888401133771,3.4801711216858077e-22
3546,58.39568057851269,2.0618314897593763e-24,56.63638370587449,3.476879201613568e-22
3547,54.08759443550958,1.4096235963514603e-22,56.81729313535038,2.400824263565489e-22
3548,61.863031111784025,8.199286636622654e-26,57.23941375899883,2.3958427283969275e-22
3549,63.025846440254625,2.78475178046016e-26,58.38593235765639,8.084113907525115e-23
3550,61.05193155310612,1.1586691742861883e-25,58.73084428174614,8.046399530003387e-23
3551,61.92684021132423,6.78891686427778e-26,59.02126805535653,8.04043228435152e-23
3552,60.06997941084834,3.782877538898488e-25,59.19299793451954,8.01892441782164e-23
3553,54.96295034728975,5.894367099696038e-23,59.392305118600596,2.0647023527949247e-23
3554,57.059427666233766,5.1127192490691516e-24,59.02687627595295,2.1140978141961438e-23
3555,61.69878163301647,8.276747892321084e-26,59.41420633878796,2.0783523307399026e-23
3556,56.07734798555072,2.1699327343280477e-23,59.18237307949177,2.2747272892751135e-23
3557,59.731941316176005,5.016608076617085e-25,59.7468077675584,8.7012030100027e-24
3558,59.82248179449787,6.107590626010197e-25,59.54275283582979,8.75407962962618e-24
3559,60.78952084043613,2.537851922525812e-25,59.31912027584794,8.776673397070978e-24
3560,59.90525670480373,4.178364914067117e-25,59.204452791017694,8.806870354468787e-24
3561,56.65378014023948,1.292928799271236e-23,58.67714678390924,1.0093010236875747e-23
3562,54.934301801697195,8.245957799154625e-23,58.163579022994114,1.8301139260641387e-23
3563,51.7986008005238,1.1835787881076786e-21,57.84714406831752,1.3076465097171321e-22
3564,54.84982244680407,6.383674506863683e-23,57.62618354637455,1.3663705355366996e-22
3565,62.73851235698472,1.730036605782323e-26,57.730156618771375,1.3663050684238343e-22
3566,56.44396957882205,1.1188417775047696e-23,57.766818778098504,1.3557941588556016e-22
3567,55.9230102436625,2.803427647224308e-23,57.38592567084716,1.3833267745201832e-22
3568,62.390859975827276,3.5489529474865253e-26,57.642763488980094,1.382751504987057e-22
3569,57.50802327249433,4.7789848357548545e-24,57.31461373218592,1.387276704630559e-22
3570,61.42264005796941,4.55011740393463e-26,57.466352067502484,1.386904369313192e-22
3571,56.9660591373368,7.891186310250272e-24,57.49757996721221,1.3818662676307296e-22
3572,53.76288148616757,1.974189235664734e-22,57.38043793565926,1.4968256132056567e-22
3573,58.2542775252553,1.9809598298331712e-24,58.026005608132394,3.1522778492781136e-23
3574,61.38277006654099,9.672893786092393e-26,58.67930037010609,2.514877687970354e-23
3575,59.44622618815642,5.993477706059142e-25,58.350071753223254,2.5206981620158348e-23
3576,59.289121141629465,8.280845685600165e-25,58.634586909504016,2.4170948299509587e-23
3577,51.12685050029192,3.881597754500648e-21,58.15497093516694,4.095272961023501e-22
3578,59.45455969053291,5.351791273923724e-25,57.86134090663752,4.095772650621418e-22
3579,54.65539884662098,1.1856722079625086e-22,57.576078464050184,4.209560886581914e-22
3580,55.09954357250723,5.1883072931149264e-23,56.94376881550395,4.261398458339024e-22
3581,52.30860946300408,9.0407955121905e-22,56.47802384807069,5.157586823247823e-22
3582,60.41159198004824,3.1392555029748734e-25,57.14289489745876,4.960481825231648e-22
3583,60.951996734206425,2.4732862735156334e-25,57.41266681835386,4.958748194029166e-22
3584,59.64857264267875,3.897208601062941e-25,57.23924707596765,4.959041185951412e-22
3585,62.285935112897924,5.1377368003808337e-26,57.52321796844179,4.95849321554881e-22
3586,54.83312190208569,8.491923330827872e-23,57.07761804448743,5.042584364288528e-22
3587,56.27752496921198,1.8880421674492764e-23,57.59268549137943,1.179867031462373e-22
3588,57.27643112954501,5.993869260764952e-24,57.37487263528063,1.1853257215957454e-22
3589,57.581283803299996,4.813296540357428e-24,57.66746113094854,1.0715717973398523e-22
3590,58.087357436657506,2.7332943846529122e-24,57.96624251736356,1.0224220187933559e-22
3591,63.61862887656604,1.3009906174131144e-26,59.09724445871975,1.1835547748048006e-23
3592,64.50976738007779,3.9214909790424935e-27,59.507061998722705,1.1804547342116163e-23
3593,61.19224830217967,8.5593620923688e-26,59.53108715552004,1.1788373841473372e-23
3594,65.38410154827812,2.1571269039489873e-27,60.10464004607998,1.174961746815314e-23
3595,58.79997747099706,1.6456902002119393e-24,59.756044281889885,1.1909048751373951e-23
3596,52.582834746198685,5.242963797184388e-22,59.5310155663012,5.584676339238995e-23
3597,60.835334938277356,2.6661595189901914e-25,59.986796563207726,5.398538282013059e-23
3598,57.058642469799764,7.277943641834194e-24,59.9650176972332,5.41137902582375e-23
3599,60.86505636611064,1.529358733086112e-25,60.29339495351426,5.364775419153263e-23
3600,58.20864047242365,3.1842035492766836e-24,60.305523257090876,5.3692845107995e-23
3601,62.19925274401832,1.430600219511494e-26,60.16358564383611,5.369297471759711e-23
3602,62.902710379298775,1.8833733487837357e-26,60.0028799437582,5.369446594184798e-23
3603,60.82089480045991,1.941484654897381e-25,59.96574459358622,5.370532142630458e-23
3604,50.06805726398826,1.3156804366325561e-20,58.434140165157245,1.3693855423461703e-21
3605,59.69080015339219,7.185659173188178e-25,58.523222433396754,1.3692928299178809e-21
3606,59.346891406211796,7.275790182827851e-25,59.19962809939807,1.3169359498478655e-21
3607,55.40838728892102,3.825901424950855e-23,58.65693333446244,1.3207351896776264e-21
3608,57.73418757765838,3.804821531827641e-24,58.724487845248305,1.3203878774666255e-21
3609,61.76250603353185,1.04997289612342e-25,58.814232811990415,1.320383083608256e-21
3610,56.470739173858966,4.4742568870511916e-24,58.64044268213395,1.3205120889420335e-21
3611,56.63647835454571,9.788294945083893e-24,58.08416524318669,1.3214894878363224e-21
3612,60.770376912950425,1.5935334864269115e-25,57.87093189655185,1.321503539797838e-21
3613,61.7990913917803,4.780860010479501e-26,57.96875155568389,1.3214889058112994e-21
3614,59.398418190732336,9.683313146478012e-25,58.90178764835829,5.90530231020805e-24
3615,62.70422206205141,2.08000349442744e-26,59.20312983922421,5.835525721970596e-24
3616,61.342179493143284,8.27072335132631e-26,59.40265864791736,5.771038543493644e-24
3617,58.88541503659174,9.962083545775159e-25,59.75036142268444,2.044757954000541e-24
3618,62.14993830948637,7.077098695876517e-26,60.19193649586724,1.6713528995136533e-24
3619,61.212239079104094,1.1308211115623029e-25,60.13690980042446,1.672161381668042e-24
3620,55.020829808828566,8.767584067909866e-23,59.99191886392142,9.992319760872789e-24
3621,62.28849970956759,5.103991282614845e-26,60.55712099942362,9.018594257647014e-24
3622,61.20137646531481,1.6426349051464075e-25,60.60022095466004,9.01908527183421e-24
3623,53.13833421720027,2.695391916586414e-22,59.73414523720205,3.596822357768787e-23
3624,58.46374855855853,1.2523456208698135e-24,59.64067827398467,3.5996625008310074e-23
3625,56.19433074529046,1.5337239513556898e-23,58.98968914230858,3.7528268956171333e-23
3626,59.15101037027885,8.178273100861196e-25,58.770572230022125,3.7601780963828627e-23
3627,60.51714257795122,2.811243110355268e-25,58.93374498415807,3.7530272559474423e-23
3628,56.130056549101134,1.6945279021620676e-23,58.33175680811955,3.921772336294062e-23
3629,47.106674694669906,1.3547165928723208e-19,56.92120036967613,1.3586372343875033e-20
3630,63.15243093969155,1.5229658277329353e-26,57.734360482762426,1.357760628277295e-20
3631,63.0529689548309,1.398884540060732e-26,57.810807407288756,1.357760257766621e-20
3632,61.30521419767034,1.039973119748963e-25,57.821191180524316,1.3577596551048353e-20
3633,60.137624487665136,3.481667498073872e-25,58.5211202075708,1.355067744855747e-20
3634,59.23200394532279,9.16424552217214e-25,58.59794574624723,1.3550643856450604e-20
3635,64.08506833315059,6.333928689615937e-27,59.387019505033244,1.3549110765892116e-20
3636,59.48081121696976,3.7608701670117514e-25,59.41999958970233,1.354906659186278e-20
3637,62.13482292798446,4.395703300167019e-26,59.58176762470566,1.3549042875134979e-20
3638,61.84992142644949,5.7002534335772e-26,60.15375411244048,1.354735404748625e-20
3639,60.16600714454748,5.005403332477739e-25,61.45968735742825,2.3817279636534407e-25
3640,62.23023761562645,5.788142320103529e-26,61.36746802502174,2.4243797285771474e-25
3641,63.62093604404489,1.040570809554921e-26,61.42426473394314,2.420796591272089e-25
3642,55.81063371989828,3.248063499459842e-23,60.87480668616594,3.4797434273895615e-24
3643,58.59299457982532,1.0205661967160663e-24,60.72034369538195,3.54698337208043e-24
3644,36.44249004138905,7.950707924848035e-15,58.44139230498858,7.950707959401445e-16
3645,59.823833086550984,6.973961503274873e-25,58.01526878032862,7.950707960092506e-16
3646,59.03734262118098,1.0385112782236823e-24,57.970921920749745,7.950707960754933e-16
3647,57.67963507481908,3.9562191622698246e-24,57.5254031354332,7.950707964667194e-16
3648,61.29983743608832,7.089843664701473e-26,57.47039473639709,7.950707964681089e-16
3649,60.35069829573462,3.101958081723997e-25,57.488863851515795,7.950707964490744e-16
3650,55.605950440883554,4.0683192536513765e-23,56.82643513404152,7.950708005116057e-16
3651,65.16523753701888,1.6616220587119188e-27,56.9808652833389,7.950708005107312e-16
3652,60.33939143769092,3.072126209707036e-25,57.433741055118176,7.950707972933889e-16
3653,54.08852998127876,2.0026397931231864e-22,56.98329459526351,7.950708172177303e-16
3654,51.24233082271444,1.084435036432311e-21,58.463278673396054,1.3317643033598133e-22
3655,53.788404106148235,1.4645481690404078e-22,57.85973577535579,1.4775217241135265e-22
3656,64.72275652465265,3.726027510378142e-27,58.42827716570296,1.4764869388628132e-22
3657,59.49442704780031,6.934192036234687e-25,58.60975636300107,1.473224138904167e-22
3658,60.40093883486269,1.6076366595056965e-25,58.51986650287851,1.4733140041334705e-22
3659,64.62650100166815,4.8433485162650906e-27,58.947446773471846,1.4730086516738144e-22
3660,60.7658564544989,2.5093916301588025e-25,59.463437374833404,1.4325763983003165e-22
3661,61.32692931187133,1.1297413035055545e-25,59.07960655231865,1.4326877108086083e-22
3662,60.283386248338125,2.2530095494312646e-25,59.07400603338336,1.432605799142581e-22
3663,61.63044353334159,8.37125206694812e-26,59.82819738858965,1.2324255323509316e-22
3664,62.68816090582884,3.1931920994912215e-26,60.97278039690108,1.4802242783961542e-23
3665,62.41178666848248,4.03011726676716e-26,61.83511865313451,1.6079121082423088e-25
3666,61.406817452933566,1.199871315577986e-25,61.5035247459626,1.7241732122897295e-25
3667,57.32918375493587,3.950520174124791e-24,61.28700041667615,4.981274182791052e-25
3668,58.880582348274565,8.933331982919893e-25,61.13496476801733,5.713843715132471e-25
3669,58.16469338679068,1.934653952082463e-24,60.48878400652959,7.6436543186986695e-25
3670,56.53766744893779,1.4564957741793306e-23,60.06596510597349,2.1957672897476094e-24
3671,61.244477483064315,1.098166508206624e-25,60.05771992309278,2.1954515417946198e-24
3672,63.10531974403811,1.952323834221741e-26,60.339913272662784,2.174873770134529e-24
3673,64.32073142992962,4.0875898269612824e-27,60.60894206232158,2.1669112770502768e-24
3674,61.051197520152485,2.0637137236513965e-25,60.445245723753956,2.1843552221872996e-24
3675,60.308207391439154,2.841794869534132e-25,60.23488779604962,2.208743053615874e-24
3676,57.3260968542272,7.538355486120712e-24,59.82681573617898,2.950579889072165e-24
3677,58.05257943012739,3.440469888307596e-24,59.89915530369812,2.8995748604904456e-24
3678,58.417318490554344,1.5313367657901209e-24,59.852828917926104,2.9633752172402596e-24
3679,59.82077485309276,4.551191704008442e-25,60.018437064556316,2.8154217390720978e-24
3680,58.05194660296641,2.9452942472157255e-24,60.16986497995917,1.6534553896143393e-24
3681,64.98803359006246,3.334065492002474e-27,60.54422059065898,1.6428071310814732e-24
3682,62.93797533975394,2.2490195258543572e-26,60.52748615023057,1.6431038267731059e-24
3683,57.573195375326364,3.579892980858126e-24,59.852732544770255,2.0006843658762222e-24
3684,60.76317588235241,1.3424966242299386e-25,59.823930380990234,1.9934721948820077e-24
3685,62.9762863584154,2.1605778817287877e-26,60.09073827768786,1.967214824068395e-24
3686,58.338360369602555,2.9283836594798314e-24,60.19196462922541,1.5062176414043073e-24
3687,59.10344125136932,1.4799782155664085e-24,60.29705081134959,1.3101684741301885e-24
3688,52.682501733952215,6.342265433739978e-22,59.723569135689374,6.457968913495096e-23
3689,53.18303345411759,2.1123181229260865e-22,59.05979499579187,8.565735844717173e-23
3690,60.38628576129987,2.3582254407845727e-25,59.29322891162521,8.5386411276858e-23
3691,60.93686856183399,1.4492822611999433e-25,58.888112408802364,8.540057069292081e-23
3692,59.858740699836105,4.202536991040265e-25,58.58018894481057,8.544034704330537e-23
3693,55.441024641736426,3.80853620353717e-23,58.36697187145158,8.889089394875672e-23
3694,58.65547423079446,1.6696067292579586e-24,58.15620170629579,8.90444296554402e-23
3695,58.380685071466516,2.3416507995289994e-24,57.69664157760089,8.927643415751137e-23
3696,60.99093091908452,1.9032164419106924e-25,57.96189863254911,8.900262795598249e-23
3697,53.5630476685548,2.7107745957558507e-22,57.40785927426765,1.1596237609198437e-22
3698,58.4885368423668,1.844328017604428e-24,57.98846278510911,5.272415455634503e-23
3699,53.082295935349556,3.1996367720461995e-22,57.978389033232304,6.359734104754616e-23
3700,62.56808588378571,3.6473142346784956e-26,58.196569045480885,6.357740610737301e-23
3701,55.96049406827554,1.8384710082593925e-23,57.69893159612504,6.540138429302038e-23
3702,57.508566681116314,5.0652601450630955e-24,57.46391419425307,6.58658849376163e-23
3703,60.51248307797611,2.3953034955684882e-25,57.97106003787703,6.208130176903481e-23
3704,57.231028070382756,6.740146992963346e-24,57.82861542183586,6.258835579540536e-23
3705,57.19185753517403,7.333927583855951e-24,57.709732668206605,6.308758347383805e-23
3706,56.0233127863325,1.3820744297337785e-23,57.212970854931406,6.445062573915272e-23
3707,60.13158614087764,4.3306365065300475e-25,57.869824702163704,3.7386186146659516e-23
3708,55.67486571190853,1.8375930576316722e-23,57.588457589117866,3.903934640253075e-23
3709,52.87579068958106,5.162810660010938e-22,57.56780706454102,5.867108528217812e-23
3710,58.34799403568797,1.8541859709628145e-24,57.14579787973124,5.885285656503973e-23
3711,62.70570122609933,2.076327782784674e-26,57.82031859551362,5.701646188456311e-23
3712,61.8922305358546,6.288519786305753e-26,58.25868498098746,5.65162243898431e-23
3713,61.51686857901663,1.166169105942778e-25,58.359123531091505,5.650393304594687e-23
3714,61.74804556043451,1.2102586392699022e-25,58.81082528009669,5.584202093304322e-23
3715,56.79703533734939,5.966408759175747e-24,58.77134306031421,5.57052690505752e-23
3716,54.19852023073417,2.317128589798174e-22,58.58886380475438,7.749448051882316e-23
3717,56.42970228762442,2.153568738203323e-23,58.218675419429054,7.960474289196118e-23
3718,62.189300403425676,2.7035143829962854e-26,58.870118888580784,7.776985334871252e-23
3719,61.18640278961159,1.0718072927735815e-25,59.70118009858383,2.6152464821530867e-23
3720,57.98918848044798,4.8001325340287515e-24,59.66529954305984,2.644705947783746e-23
3721,60.161752127478955,2.760456619019483e-25,59.4109046331978,2.6472587716244866e-23
3722,53.539473973784254,3.1402166229905783e-22,58.575628976990764,5.786846542636434e-23
3723,47.01702252280358,2.4228278961950426e-19,57.12564437136946,2.428613576568573e-20
3724,58.87973133644055,1.3375485135570708e-24,56.83881294897005,2.4286257417950692e-20
3725,56.06495671127134,1.4661240396597533e-23,56.76560508636226,2.4287126901114433e-20
3726,55.14831852590032,6.204881823651654e-23,56.860584915878874,2.4270160497040108e-20
3727,63.638286703959984,1.485871748874826e-26,57.581443357512434,2.4268008414173653e-20
3728,60.452578101279975,2.7685808096144885e-25,57.40777112729786,2.4268033396467365e-20
3729,50.503270592310244,5.844218918071607e-21,56.33945790756773,2.4852444570201594e-20
3730,58.306804756126084,1.8896665901648805e-24,56.37121953513552,2.485215352360721e-20
3731,53.37598891044092,4.60401632309e-22,55.69264321343172,2.4898166082271918e-20
3732,51.59513334776743,1.6907561173998895e-21,55.49820915083004,2.5035839527782e-20
3733,59.98012840097745,5.395022481932868e-25,56.79451973864743,8.076145160563978e-22
3734,58.33973879118902,3.021434418165345e-24,56.740520484122285,8.077829046468586e-22
3735,59.28290278715272,8.150039057660183e-25,57.06231509171041,8.063982809977754e-22
3736,57.3611936206612,6.692720857619917e-24,57.2836026011865,8.0086267125988565e-22
3737,64.28646163280712,6.737182317094668e-27,57.348420094071216,8.008618591063684e-22
3738,58.22670148542598,2.7708314631370554e-24,57.12583243248582,8.011112564445861e-22
3739,58.43632633786589,1.174418661325498e-24,57.91913800704138,2.168068065035579e-22
3740,59.46422211032488,6.960605079370071e-25,58.03487974246126,2.1668744589533507e-22
3741,62.91807379596963,2.935412485103732e-26,58.98908823101412,1.7065021807692016e-22
3742,66.44546494608659,8.873737754708846e-28,60.47412139084604,1.574695074308773e-24
3743,59.78233525556645,4.314950730314992e-25,60.454342076304954,1.5638943567925945e-24
3744,62.036939694926204,6.392793186380279e-26,60.824062166678665,1.26814370816244e-24
3745,61.75423457999514,9.128723142827612e-26,61.071195345962906,1.195772040728666e-24
3746,59.09534548890285,1.067401132854588e-24,61.244610532787064,6.332400682521329e-25
3747,58.077614152766486,2.361779782480835e-24,60.623725784783005,8.68744328268507e-25
3748,60.29524042202725,5.385676657391178e-25,60.830579678443144,6.455179485287132e-25
3749,60.377805657053216,3.333723044953643e-25,61.02472761036188,5.614133128456999e-25
3750,56.030584890749516,2.6273420501512578e-23,60.681363888404334,3.1191493122032573e-24
3751,54.79509528687875,6.129725944955491e-23,59.869066037495244,9.245939844673645e-24
3752,56.51245533193706,7.908983290623138e-24,58.8757650760803,1.003674943635841e-23
3753,59.181946255764586,8.011811438780545e-25,58.815726176100114,1.0073718043443067e-23
3754,64.35807423939787,3.652349638568531e-27,59.04783963054727,1.0067690485220542e-23
3755,63.921127969471854,1.0440781595963853e-26,59.26452896949495,1.0059605840237314e-23
3756,56.52434272344283,2.2109172851237053e-23,59.00742869294894,1.2163783012075559e-23
3757,62.53840757794943,3.2400152078997403e-26,59.45350803546724,1.1930845049035375e-23
3758,61.356004814616796,9.196537220416821e-26,59.55958447472618,1.188618481968188e-23
3759,57.004608034765134,4.852040390976514e-24,59.222264712497385,1.2338051628329995e-23
3760,59.65532547019638,7.582798153805914e-25,59.58473877044207,9.786537559716796e-24
3761,61.63451555229666,4.89519565096496e-26,60.26868079698386,3.6617068104122705e-24
3762,57.692481384892126,4.485688610823809e-24,60.38668340227937,3.319377342432337e-24
3763,57.20609669044456,8.32507001799449e-24,60.189098445747376,4.07176622984398e-24
3764,58.351957118277106,2.7104035784444307e-24,59.58848673363529,4.342441352724566e-24
3765,60.70953885823172,2.7759322295747598e-25,59.26732782251128,4.369156596860718e-24
3766,58.440485904222584,1.040014931715204e-24,59.45894214058925,2.262240804908533e-24
3767,62.2374052135846,6.809325743809842e-27,59.42884190415276,2.259681722275014e-24
3768,56.259596140038866,1.5426232166682212e-23,58.91920103669497,3.793108401722818e-24
3769,60.28730383333224,2.4668315094205524e-25,59.247470616551674,3.332572677719373e-24
3770,61.6866944603682,8.105839091133104e-26,59.45060751556887,3.2648505352724465e-24
3771,57.52191630973641,5.1569840635384975e-24,59.03934759131285,3.7756537459753314e-24
3772,65.41527826073582,1.397145567703604e-27,59.811627278897205,3.327224599449721e-24
3773,59.94547245483171,3.623418725243119e-25,60.08556485533592,2.530951784902703e-24
3774,60.83962751939907,1.5979904695754532e-25,60.33433189544812,2.2758913317540142e-24
3775,65.35134593450178,1.6069874465408583e-27,60.79851260307512,2.2482927082029212e-24
3776,61.35770555940191,1.5670808959658794e-25,61.090234568593054,2.1599620239910592e-24
3777,62.689558028291636,3.2579058624189577e-26,61.135449850063765,2.1625389972790976e-24
3778,62.568332638223204,2.6877760905368105e-26,61.7663234998822,6.226035567014131e-25
3779,55.11858799823777,5.309606813616478e-23,61.249451916372756,5.9075420552236846e-24
3780,61.821217091469165,3.926937949775591e-26,61.262904179482845,5.903363154082328e-24
3781,58.99139864474204,6.90094752651406e-25,61.40985241298341,5.456674222993617e-24
3782,66.13512609419729,9.270640347338846e-28,61.48183719632956,5.456627214840321e-24
3783,55.096577983041726,4.1798196345991303e-23,60.99694774915056,9.60021266218702e-24
3784,58.35343853376552,1.5982329687003072e-24,60.7483288505872,9.744056054361298e-24
3785,60.93661522964942,1.6149791036431302e-25,60.30685578010197,9.760045146653073e-24
3786,62.077233231525106,4.062986880078981e-26,60.37880854731429,9.748437324573493e-24
3787,62.8081122374848,3.131230647835163e-26,60.3906639682336,9.74831064935891e-24
3788,62.617497482494166,4.0277199662727307e-26,60.3955804526607,9.749650593234645e-24
3789,58.306742681309736,1.3313476727283433e-24,60.7143959209679,4.573178546891003e-24
3790,64.4035241768654,2.462817506856109e-27,60.97262662950752,4.569497890691913e-24
3791,61.063788665235705,1.5606999980885716e-25,61.17986563155689,4.5160954154076574e-24
3792,55.33939171546609,3.836474934754693e-23,60.10029219368378,8.352477643758876e-24
3793,62.280402893018774,6.401419058358786e-26,60.818674684681454,4.1790594282181065e-24
3794,59.19954490362697,1.1601011992709745e-24,60.90328532166761,4.1352462512751724e-24
3795,57.537727033062275,3.931266692748436e-24,60.5633965020089,4.512223129513585e-24
3796,58.22277328519531,2.6904419266433532e-24,60.17795050737593,4.7772043352978414e-24
3797,58.562075376412785,2.0044421488701897e-24,59.753346821268714,4.974517319537026e-24
3798,59.208423632512265,6.268006247031919e-25,59.41243943627053,5.033169662041071e-24
3799,65.3317940628225,2.639963258020174e-27,60.114944574421806,4.90029889109404e-24
3800,61.96847930045869,2.9892855810970683e-26,59.871440086781135,4.903041894924451e-24
3801,59.9403568699879,5.551445680995971e-25,59.75909690725636,4.942949351753525e-24
3802,63.953554926033135,9.987854457701434e-27,60.62051322831305,1.1074732024446022e-24
3803,62.3841952978122,5.27457044096716e-26,60.630892468792396,1.1063463538272107e-24
3804,61.48182247986812,9.054011095664029e-26,60.85912022641652,9.993902449957771e-25
3805,57.49234105309379,4.5000489723909674e-24,60.854581628419666,1.0562684729600304e-24
3806,57.07944194651988,1.0811294281078129e-23,60.74024849455212,1.868353708403508e-24
3807,58.87928330678764,9.307739663562685e-25,60.77196928758961,1.760986890152116e-24
3808,61.05641688768818,1.4497592236265354e-25,60.9567686131072,1.712804419918062e-24
3809,62.121571293130444,4.328640361983961e-26,60.635746336138006,1.716869063954244e-24
3810,59.05583533949482,1.1364687301070243e-24,60.34448194004161,1.8275266513838493e-24
3811,57.68219353381848,5.018529978936893e-24,60.11866560642467,2.2738651924675788e-24
3812,58.962528592383,7.016535718235332e-25,59.61956297305966,2.3430317642041622e-24
3813,58.046299616062605,2.0959206150383013e-24,59.1857734048847,2.5473492552670253e-24
3814,61.65392627769154,8.235494984581664e-26,59.20298378466704,2.546530739155943e-24
3815,56.26635862885667,1.8807887142623466e-23,59.08038554224332,3.9773145561791925e-24
3816,60.788497084106695,2.167675395212741e-25,59.451291056002006,2.9178618820235075e-24
3817,59.758874608705675,4.3553357691992755e-25,59.53925018619382,2.8683378430798736e-24
3818,54.29962075129597,1.9557399195690454e-23,58.86357057255459,4.809580170412653e-24
3819,58.43995722508107,2.948849048646246e-24,58.49540916574965,5.100136434915294e-24
3820,58.195233911756645,3.001288321746953e-24,58.40934902297583,5.2866183940792866e-24
3821,59.54045230915312,2.384727285693595e-25,58.5951749005093,4.808612669042533e-24
3822,60.58093637570707,1.8022577077632735e-25,58.75701567884171,4.756469888937813e-24
3823,59.466965262526394,7.740238606000842e-25,58.89908224348809,4.624280213493991e-24
3824,62.963758983311806,1.9329252555886324e-26,59.030065514050115,4.617977643764998e-24
3825,60.024857721996206,4.815803243005354e-25,59.40591542336407,2.785346961932705e-24
3826,59.01342932707549,1.3844008390285715e-24,59.22840864766094,2.9021102918834347e-24
3827,52.62732749369458,7.342801374622466e-22,58.51525393615983,7.628657068041611e-23
3828,53.68944475405289,2.4259041184959333e-22,58.45423633643553,9.85898719458064e-23
3829,55.401833469649134,3.911522348550828e-23,58.150423960892326,1.0220650938949259e-22
3830,48.33432370455123,6.199703312653467e-20,57.16433294017179,6.3016096932107855e-21
3831,60.85914341888015,1.9542895334627195e-25,57.2962020511445,6.301605388833262e-21
3832,59.249491696532075,1.4250708159629903e-24,57.16305758322701,6.301729873337781e-21
3833,62.89122862324103,2.806773460570446e-26,57.505483919298456,6.301655277725183e-21
3834,62.17370508749084,3.9160725217488693e-26,57.42647852971636,6.301657260872448e-21
3835,64.16417956178313,8.872685666594332e-27,57.84041071369505,6.301609990108584e-21
3836,52.55349187410592,5.737832938638855e-22,57.1944169683981,6.358849879411072e-21
3837,65.31187513843017,1.7253506347523177e-27,58.462871732871655,6.285422038199908e-21
3838,61.37908011745102,1.2607920192727678e-25,59.23183526921148,6.261175604935142e-21
3839,61.54735980343448,9.950894382272855e-26,59.84638790259,6.257274033480973e-21
3840,58.973348711959666,1.2819810585177358e-24,60.91029040333085,5.769891893335871e-23
3841,63.15878821664569,2.4187036377585705e-26,61.1402548831074,5.768179474166184e-23
3842,63.91849856077332,1.045656162672089e-26,61.60715556953153,5.754033331622821e-23
3843,58.852698788034864,1.127156052676909e-24,61.203302586010906,5.765024214803534e-23
3844,60.91305072421169,1.322338041081906e-25,61.07723714968299,5.765954945592442e-23
3845,59.81747355962257,5.801048850535929e-25,60.642566549466935,5.77166726758631e-23
3846,59.38863114101726,1.1900478035144026e-24,61.32608047615808,4.573480698259894e-25
3847,57.882360632534805,2.8612622805734327e-24,60.58312902556853,7.433017628198574e-25
3848,66.29909151999163,7.5567046115665985e-28,61.0751301658226,7.307694096732455e-25
3849,62.5404619940798,2.372357376727067e-26,61.174440384887134,7.231908726676998e-25
3850,64.86276594931795,2.7036746311361475e-27,61.763382108622956,5.952631342790397e-25
3851,64.41220172637878,4.847724237541849e-27,61.88872345959626,5.933292030650354e-25
3852,61.243137896132644,1.5642527736448751e-25,61.621187393132196,6.07926074638812e-25
3853,56.99789854169364,1.083388735842963e-23,61.435707368498086,1.5785992052140841e-24
3854,57.95987400813119,4.0076450031218524e-24,61.14038969689003,1.9661403251154502e-24
3855,55.574833168208194,2.1273559702372537e-23,60.71612565774859,4.0354858068473445e-24
3856,62.12433778445327,4.5682116487966254e-26,60.989696322092186,3.9210492381447014e-24
3857,58.09673759728991,4.521599722511229e-24,61.0111340185677,4.087082982338481e-24
3858,56.48745206045608,1.2424150258718936e-23,60.02997007261415,5.329422441164258e-24
3859,58.97327644794907,6.804856280890677e-25,59.673251518001074,5.3950986465964376e-24
3860,61.1330907015866,1.2362060964926417e-25,59.300283993227936,5.40719034009825e-24
3861,61.740217697121274,4.538110215776885e-26,59.033085590302186,5.411243677890274e-24
3862,57.491825990545124,4.186013970638483e-24,58.657954399743424,5.814202547217674e-24
3863,60.84487022290029,1.219739916980075e-25,59.042651567864105,4.743011210544511e-24
3864,53.4542730142501,3.4983267183604954e-22,58.592091468476,3.932551389383728e-23
3865,58.54168272269004,1.899275686175601e-24,58.88877642392417,3.7388085492217584e-23
3866,56.00410277116529,1.415148999811599e-23,58.27675292259538,3.879866628038039e-23
3867,61.96629433420025,5.755028729937712e-26,58.66370859628641,3.83522613368592e-23
3868,59.424609081860815,9.450372180849424e-25,58.957424298426886,3.72043500327958e-23
3869,54.397305385857656,1.2126317342931687e-22,58.499827192217744,4.9262618812918585e-23
3870,56.9581331359314,8.576295748900156e-24,58.082331435652215,5.0107886326843667e-23
3871,58.31811791203283,3.0875818704748764e-24,57.74012145714337,5.041210640367537e-23
3872,63.75074367069463,1.3542018080259345e-26,58.366013225158326,4.999485920841956e-23
3873,61.728151281694636,1.0334748392542668e-25,58.45434133103777,4.999299655764231e-23
3874,63.68934436536899,1.662817862443911e-26,59.47784846614966,1.5011392191899796e-23
3875,61.05982380274866,1.8815518596293275e-25,59.72966257415551,1.4840280141878528e-23
3876,57.21872182697671,3.719872832381773e-24,59.85112447973664,1.379711842530511e-23
3877,54.550714401223075,1.3928811852918624e-22,59.109566486438936,2.7720175249493794e-23
3878,60.849827374079176,1.443041063848352e-25,59.25208831566077,2.7640101938323783e-23
3879,60.041530430349134,3.3866083875458155e-25,59.81651082010992,1.554765067926755e-23
3880,54.39615630685072,1.5424416812542258e-22,59.56031313720185,3.0114437916919797e-23
3881,58.619282078663986,1.973273109376967e-24,59.59042955386498,3.000300704081001e-23
3882,56.53993901865422,1.919011262804398e-23,58.86934908866093,3.1920664101806376e-23
3883,61.78528830616394,9.297196958633585e-26,58.87506279110786,3.1919626550372464e-23
3884,59.69972525403745,6.760336433871951e-25,58.476100879974716,3.198556709684874e-23
3885,62.221957448668675,5.868597372294072e-26,58.592314244566715,3.1972620175624747e-23
3886,62.00787133176447,4.003566674452971e-26,59.07122919504549,3.1604636459061016e-23
3887,58.1299130676309,2.958239709702247e-24,59.42914906168627,1.797164857711262e-23
3888,59.231057563690825,1.3164311800208078e-24,59.26727208064743,1.808886128447622e-23
3889,62.648397878816745,3.6409447580079206e-26,59.527958825494196,1.8058636145358768e-23
3890,57.15095536550957,4.614837641995447e-24,59.803438731360075,3.0957030970160527e-24
3891,63.964525982311145,6.814582587952378e-27,60.3379631217248,2.8990572443371516e-24
3892,61.091733441535446,1.2962018411423805e-25,60.79314256401291,9.930079999441774e-25
3893,61.32078244756228,7.228292497614581e-26,60.746691978152754,9.909390954831583e-25
3894,64.79249835762668,1.929399187282151e-27,61.255969288511665,9.235286710631671e-25
3895,62.84876396248624,2.976226059404295e-26,61.31864993989343,9.20636299750277e-25
3896,56.677203739558266,1.3918186821340914e-23,60.785583180672816,2.308451415209916e-24
3897,58.12099054034684,3.0725166824916365e-24,60.7846909279444,2.319879112488855e-24
3898,59.3913913420988,9.899838744456046e-25,60.80072430578521,2.2872343819313344e-24
3899,57.49421361049541,7.131180963332311e-24,60.28530587895307,2.996711533506557e-24
3900,58.052275249862376,2.6169012458551444e-24,60.37543786738836,2.7969178938925272e-24
3901,58.47756724994484,2.8370904921798897e-24,59.826741994151725,3.0799454848517216e-24
3902,52.605838959673136,4.546859944746937e-22,58.9781525459655,4.8535582913909676e-23
3903,48.08218736474297,5.024911242416547e-20,57.65429303768356,5.0734395970379594e-21
3904,49.19845535270339,1.0043125872100198e-20,56.094888737191226,6.07775199130806e-21
3905,54.370824328592,1.0340340771243314e-22,55.247094773801805,6.088089355853245e-21
3906,58.58274759012944,1.1983691787325422e-24,55.437649158858925,6.0868173740889835e-21
3907,57.14811051556831,9.137434299906663e-24,55.34036115638107,6.087423865850725e-21
3908,62.42898725484632,2.8881382034182e-26,55.644120747655826,6.087327755601484e-21
3909,56.84136848025273,1.139457522541747e-23,55.57883623463156,6.0877540950276925e-21
3910,61.62695718921987,9.261290385167793e-26,55.936304428567304,6.087501666193491e-21
3911,62.733426960167904,3.8700498694925995e-26,56.361890399589605,6.087221827194144e-21
3912,45.629861489324156,7.876352706745866e-19,55.66429265255472,8.480528029520532e-20
3913,62.31566246980069,3.0825248235179976e-26,57.087640163060485,7.978037213531361e-20
3914,65.9716257269503,8.607133999912177e-28,58.76495720048517,7.877605963417493e-20
3915,61.23117801089244,1.4093466991612057e-25,59.45099256871522,7.876573338687067e-20
3916,64.4436132776784,4.761769978456676e-27,60.037079137470116,7.876561402612981e-20
3917,58.96840284421097,7.674936537173461e-25,60.21910837033438,7.876477703206518e-20
3918,58.62975699635195,2.0440071657028624e-24,59.83918534448494,7.876497854464355e-20
3919,63.42942277766527,9.243910996504261e-27,60.497990774226196,7.876384001151212e-20
3920,62.91611623579118,2.3727293177964147e-26,60.62690667888332,7.876383312295105e-20
3921,63.12193748430138,1.408939236118984e-26,60.66575773129667,7.876383066184042e-20
3922,51.86636413570104,2.4435640327167258e-21,61.289407995934354,2.4465999765342113e-22
3923,56.702524820845426,6.389806738289891e-24,60.72809423103884,2.4529589580242664e-22
3924,60.617389405031275,2.566135396289394e-25,60.19267059884693,2.4532147108504947e-22
3925,62.455586466004135,1.490050305927711e-26,60.3151114443581,2.453088676683638e-22
3926,55.14042283562325,4.198566853069245e-23,59.384792400152584,2.4950695834443522e-22
3927,54.93962160825417,4.793557355706204e-23,58.98191427655691,2.542237663347697e-22
3928,57.13255463370163,5.913751923934289e-24,58.83219404029187,2.5461074081059283e-22
3929,56.68364727876977,7.843726007354344e-24,58.157616490402326,2.553941890202286e-22
3930,65.164583248714,1.3120404988014579e-27,58.38246319169461,2.553919474949607e-22
3931,51.813123634652804,1.4184750149940742e-21,57.251581806729746,3.9723804005513196e-22
3932,58.634262978686884,6.311938061562968e-25,57.92837169102834,1.5294475616407506e-22
3933,59.33575325814352,5.699356426881201e-25,58.191694534758156,1.5236276905451488e-22
3934,52.48090720000507,4.381500997948917e-22,57.37804631425553,1.9615211768004118e-22
3935,62.07361537750654,5.680881034753143e-26,57.33984920540577,1.9615630851076997e-22
3936,59.55224678763472,8.290208055438968e-25,57.78103160060692,1.9204064373825507e-22
3937,59.415585817202604,9.216775264898195e-25,58.228628021501756,1.8733925413519788e-22
3938,63.21361116892552,1.1619403587443747e-26,58.83673367502413,1.8674904088316325e-22
3939,62.251648043897696,4.0994487670237597e-26,59.393533751536935,1.859687677311948e-22
3940,57.26659959155066,6.2058628367188875e-24,58.6037353858206,1.8658922281081678e-22
3941,58.582527998591196,1.858714453751471e-24,59.280675822214434,4.4927592756784546e-23
3942,58.48349782985978,2.2501396076831737e-24,59.265599307331726,4.5089487336937227e-23
3943,66.17140314603982,1.1736029473830945e-27,59.94916429612135,4.5032611132963153e-23
3944,55.101826827236216,6.400002970335603e-23,60.21125625884447,7.617604123809587e-24
3945,62.89243109571446,1.6115341044784465e-26,60.29313783066526,7.613534776879311e-24
3946,65.1892251324434,3.522711445766929e-27,60.856835665146136,7.530984967469498e-24
3947,60.72141493087529,1.8910084214561807e-25,60.987418576513406,7.457727299035079e-24
3948,54.97702542846385,6.29689694098094e-23,60.163760002467235,1.3753462299657272e-23
3949,62.857021448864444,2.629595717225758e-26,60.224297342963915,1.3751992446607475e-23
3950,61.463777834395955,9.587298197550924e-26,60.64401516724844,1.3140993461133136e-23
3951,56.657920388616944,9.493907753472083e-24,60.45155440625101,1.39045127911052e-23
3952,56.04290030880507,8.987388898749014e-24,60.20749465414555,1.4578237720211782e-23
3953,57.30270701645111,7.279308808902147e-24,59.320625041186666,1.5306051240807261e-23
3954,57.01290985381248,9.661423564942395e-24,59.5117333438443,9.872190626965897e-24
3955,56.712993476080825,1.443985353876834e-23,58.89378958188094,1.1314564446738255e-23
3956,56.85788459763083,1.2991650771307682e-23,58.06065552839967,1.2613377252724445e-23
3957,54.60169808982641,7.469269988944551e-23,57.44868384429479,2.0063737157454438e-23
3958,58.470691393791256,1.2600114207299597e-24,57.79805044082754,1.389284135854649e-23
3959,59.97690754299517,4.088759984222814e-25,57.51003905024061,1.3931099362671493e-23
3960,64.957986827047,3.0517624289673623e-27,57.859459949505705,1.3921817240716838e-23
3961,68.28851857803447,1.1522868391212092e-28,59.02251976844745,1.297243798823802e-23
3962,58.20441951221849,3.3995632888185335e-24,59.238671688788806,1.2413655427244973e-23
3963,64.06870583211705,8.936969682787098e-27,59.9152715703554,1.1686618243323037e-23
3964,62.24067628814147,4.679819009120608e-26,60.43804821378829,1.0725155705837916e-23
3965,57.49335218890672,5.803188366216779e-24,60.51608408507089,9.861489188582762e-24
3966,57.810067166978676,2.7948065516833956e-24,60.61130234200567,8.841804766620333e-24
3967,58.14103345262396,1.706452867718524e-24,60.96523587828542,1.5431800644476343e-24
3968,58.38413123642162,2.3933791831591735e-24,60.95657986254846,1.6565168406905562e-24
3969,61.8360635088413,8.454774124326601e-26,61.14249545913308,1.6240840149726547e-24
3970,60.75368078430539,1.8758210561155152e-25,60.722064854858914,1.6425370492909129e-24
3971,61.72706527357757,9.792113615359667e-26,60.06591952441322,1.652317640037881e-24
3972,59.03043027647877,1.768107608510881e-24,60.148520600839255,1.4891720720071161e-24
3973,66.86259611556818,4.328020650240633e-28,60.42790962918436,1.4883216552453398e-24
3974,60.26424076383211,3.9668427149693453e-25,60.23026607675344,1.5233102633859129e-24
3975,58.77805023669441,1.426422792108078e-24,60.3587358815322,1.0856337059750425e-24
3976,57.18197331131042,9.153373515289118e-24,60.295926495965375,1.7214904023356147e-24
3977,61.18022379851198,1.690054135227457e-25,60.59984553055417,1.567745656916037e-24
3978,64.4725519034608,5.4982358372488534e-27,61.2086875972581,1.3289575621838445e-24
3979,58.152556315551514,1.0709436408311643e-24,60.84033687792911,1.427597152142634e-24
3980,58.90393500065315,9.727141128756843e-25,60.65536229956389,1.5061103528690476e-24
3981,57.83121060744776,4.50257629169259e-24,60.265776832950905,1.946575868422947e-24
3982,61.70614289426759,8.297866617313888e-26,60.533348094729796,1.7780629741891725e-24
3983,60.46704219696077,4.9158127182768135e-25,59.89379270286904,1.8271778211654385e-24
3984,57.7003067190873,1.9846748670818985e-24,59.63739929839456,1.9859768807239346e-24
3985,54.819573550278754,7.084974911623231e-23,59.241551629753,8.928309513136358e-24
3986,63.864169077185956,1.1016094446780566e-26,59.90977120634055,8.014073771052124e-24
3987,58.702517596803354,1.412036102678359e-24,59.66200058616969,8.138376839967687e-24
3988,62.277994062629936,4.077631624980638e-26,59.4425448020866,8.141904648008942e-24
3989,59.33325628873977,9.21260411009716e-25,59.560614799405435,8.126936325026796e-24
3990,57.340540917940125,3.914653298091801e-24,59.40427539113413,8.42113024354841e-24
3991,64.44591237826582,4.869834216705443e-27,60.06574556821594,7.97135959780082e-24
3992,59.10655489867911,1.1511860772591419e-24,59.805786768657086,8.07818033890942e-24
3993,58.16336512291571,3.522736486160096e-24,59.57541906125258,8.381295860342663e-24
3994,61.03744623752175,1.7454543197441685e-25,59.909133013096024,8.200282916831914e-24
3995,56.602184118442274,8.008911525683073e-24,60.087394069912385,1.9161991577769894e-24
3996,59.811582300413065,4.867386831883844e-25,59.68213539223509,1.96377141665115e-24
3997,25.148633349929156,3.6434251866164515e-10,56.32674696754767,3.643425186616634e-11
3998,63.55802391812719,1.1703865926250946e-26,56.45474995309739,3.6434251866166335e-11
3999,54.973798826539536,2.9263336554346257e-23,56.01880420687737,3.6434251866169165e-11
4000,58.87195909048526,1.7763455476065238e-24,56.171946024131884,3.643425186616895e-11
4001,59.59457137203446,7.727018907247602e-25,55.686811923508756,3.643425186616903e-11
4002,57.932084476985764,3.462480340041719e-24,55.56936488133941,3.643425186616926e-11
4003,55.94826823237062,3.216728516526112e-23,55.34785519228491,3.6434251866172125e-11
4004,61.4242493769626,8.2988127435825e-26,55.386535506228995,3.643425186617211e-11
4005,59.71562093075039,5.344118864864967e-25,55.697879187459804,3.643425186617136e-11
4006,61.866702918951695,7.736515381371674e-26,55.903391249313664,3.6434251866171324e-11
4007,67.91771431517921,1.948827864611353e-28,60.18029934583867,6.814881341442913e-24
4008,58.4458700303961,1.2380958998144834e-24,59.66908395706556,6.937520544831735e-24
4009,59.35217191775282,6.245476391416351e-25,60.106921266186895,4.0736416533112745e-24
4010,65.78020682245067,2.2354281497180124e-27,60.797746039383426,3.896230641365594e-24
4011,58.150836888702344,2.8086871064010797e-24,60.65337259105022,4.099829162933226e-24
4012,59.030805524891605,1.2340620147261387e-24,60.76324469584081,3.876987330401668e-24
4013,59.68086748929634,8.39634098008225e-25,61.13650462153337,7.44222223676378e-25
4014,60.67473002547488,1.9077834907728046e-25,61.06155268638461,7.550012458405234e-25
4015,60.68650686907212,3.156939949458126e-25,61.15864128021677,7.3312945668645515e-25
4016,53.24357735035004,3.6144638278096603e-22,60.29632872335661,3.6870031219401684e-23
4017,55.056257407864415,8.776895167074442e-23,59.010183032625136,4.564690689819748e-23
4018,53.16606932698813,5.030456541150805e-22,58.48220296228434,9.582766271972409e-23
4019,60.15680445561302,5.560234977039008e-25,58.56266621607036,9.582081030558031e-23
4020,56.699949623788605,1.1246321153919281e-23,57.65464049620415,9.694521887815729e-23
4021,54.74437404923603,7.409744201657535e-23,57.313994212257526,1.0407409436917471e-22
4022,58.72842401167498,1.3602789868323632e-24,57.28375606093586,1.0408671606638531e-22
4023,57.41217361754334,4.382353786410998e-24,57.05688667376055,1.044409880352256e-22
4024,48.49604389558173,4.895334076038909e-20,55.83901806077123,4.999755986239226e-21
4025,57.17391217453227,4.748260548921206e-24,55.48775859131725,5.0001992428946234e-21
4026,54.856443231001776,7.406830053893772e-23,55.64904517938244,4.971461434670421e-21
4027,60.240687739778586,1.612233861340137e-25,56.16748821257384,4.96270066184196e-21
4028,56.312840284458744,9.398959550313057e-24,56.48216530832091,4.913335992385483e-21
4029,62.09053304356204,6.648899320338601e-26,56.6755381671158,4.913287038935033e-21
4030,57.64046664586855,4.5485937095495814e-24,56.76958986932381,4.912617266190596e-21
4031,59.033299440308845,6.621613729202569e-25,57.19848240843108,4.905273738126231e-21
4032,53.41273971740827,3.6767827694780617e-22,56.66691397900441,4.941905537922328e-21
4033,56.06966584873939,2.8976466389424257e-23,56.53266320212403,4.9443649491826295e-21
4034,63.057733466612305,2.2290584607013596e-26,57.98883215922707,4.903310220218166e-23
4035,53.01378728102868,4.405594175329428e-22,57.57281966987672,9.261421790058381e-23
4036,56.17651806755388,2.733910632850168e-23,57.70482715353192,8.794129847954023e-23
4037,55.13851572743384,5.721405491432916e-23,57.194609952297455,9.364658163235972e-23
4038,48.28903059970454,6.35366717602286e-20,56.39222898382203,6.4463738617001885e-21
4039,48.343406088644485,4.185721986115382e-20,55.01751628833027,1.063208919891625e-20
4040,58.86883824103812,1.4841766787189908e-24,55.14035344784723,1.0631782757213166e-20
4041,56.16034003912766,1.2019970847319313e-23,54.85305750772911,1.0632918538160606e-20
4042,55.288233679047174,4.342966745217071e-23,55.040606903893014,1.0600493677211043e-20
4043,30.277436468891832,3.612588304493217e-12,52.46138396590825,3.6125884104691775e-13
4044,59.02757792782674,8.946500516344656e-25,52.0583684120297,3.61258841047005e-13
4045,61.53285897211369,8.90293949030173e-26,52.910275581138194,3.6125884100295793e-13
4046,55.24027761658917,3.056492181707302e-23,52.81665153604173,3.612588410032805e-13
4047,41.01692838957063,9.006134023371723e-17,51.404492802255405,3.6126784713158245e-13
4048,55.74224158723623,3.367894728427349e-23,52.14981390100858,3.612678407812832e-13
4049,53.76775364523069,2.4460087339478626e-22,52.69224865666719,3.6126783662002134e-13
4050,59.395142584834616,8.923422916902563e-25,52.74487909104685,3.612678366199621e-13
4051,47.321066108620485,1.7523638188001572e-19,51.86095169799613,3.6126785414239833e-13
4052,54.11576117424057,1.2785847116573884e-22,51.74370444751546,3.612678541508412e-13
4053,60.99560759716141,1.8252822892576328e-25,54.815521560342425,9.023701537736088e-18
4054,53.7603560649369,2.479763651963514e-22,54.28879937405344,9.023726245907601e-18
4055,57.56745579234613,2.4755095909834908e-24,53.89225905607668,9.023726484555622e-18
4056,57.78283212380402,4.13124842470591e-24,54.14651450679817,9.023723841188282e-18
4057,59.249234409782204,1.0340595425407105e-24,55.969745108819325,1.758992122251357e-20
4058,58.63869369710724,1.59911111309124e-24,56.259390319806435,1.758671323889645e-20
4059,56.50224681591462,1.7852571193280825e-23,56.532839636874826,1.7564038408676305e-20
4060,53.13292264716766,4.073668913106229e-22,55.906617643108135,1.7604685863578194e-20
4061,54.358842687871295,1.0911092597533764e-22,56.6103953010332,9.195876817415787e-23
4062,60.69145248432239,1.238358045990744e-25,57.26796443204139,7.91853046380439e-23
4063,58.314988143698045,1.5987987325400767e-24,56.999902486695056,7.932693168840532e-23
4064,56.672157673370116,8.227560956632982e-24,57.291082647538374,5.535205126443349e-23
4065,57.00702234881716,9.715910442116126e-24,57.235039303185474,5.607609134954674e-23
4066,59.45087711426129,5.9963314634281885e-25,57.4018438022312,5.572292982171043e-23
4067,57.679756177917454,4.1936178534792485e-24,57.244895979044735,5.603888565280429e-23
4068,60.69063522884377,2.2655265394482888e-25,57.450090132218385,5.590162980688964e-23
4069,56.05392214002448,1.1068257108700916e-23,57.40525766462937,5.522319839843166e-23
4070,58.15504028582625,1.1446510116922867e-24,57.90746942849522,1.4600974368538598e-23
4071,52.65099698428199,6.63390252692646e-22,57.736684858136286,7.002890704026944e-23
4072,58.24762609791867,3.2136946871105942e-24,57.492302219495926,7.033789292852058e-23
4073,62.25120932210352,4.6216272757536395e-26,57.88592433733646,7.018263468254232e-23
4074,56.262029392777485,1.349843275397071e-23,57.844911509277196,7.070972186227611e-23
4075,59.515783573958224,6.659576206484873e-25,58.0957876317913,6.980472658012933e-23
4076,54.77828821567291,8.610890766482605e-23,57.62852874193247,7.835565403197767e-23
4077,59.79038920055079,8.293300076530662e-25,57.83959204419581,7.801922524739505e-23
4078,60.83987275213868,1.6189210668523799e-25,57.8545157965253,7.80127591926691e-23
4079,64.37433351525283,5.9491832369509206e-27,58.686556934048134,7.690652840012269e-23
4080,60.8887628812817,1.3950866577302371e-25,58.95992919359368,7.680601416553077e-23
4081,63.40983148526603,1.122809065258457e-26,60.03581264369209,1.0468111705331424e-23
4082,60.43945848621201,1.057879496216776e-25,60.25499588252143,1.0157321031582531e-23
4083,64.62645999187235,4.5718179552381435e-27,60.49252094949831,1.0153156586102302e-23
4084,59.773650779913524,4.626346191987351e-25,60.843683088211904,8.849576772625105e-24
4085,58.975849208032834,9.681263837004863e-25,60.78968965161937,8.879793648930305e-24
4086,57.99831191960477,1.6001650629361556e-24,61.11169202201256,4.289193887413156e-25
4087,62.474144159847484,3.5295841352804213e-26,61.38006751794222,3.495159721112894e-25
4088,61.70432905326278,4.8485318260492184e-26,61.46651314805463,3.3817529326881486e-25
4089,64.22098620148823,5.883634456235182e-27,61.45117841667817,3.3816873839074327e-25
4090,60.10674471521171,6.354440889281983e-25,61.37297660007117,3.8776228070626073e-25
4091,55.16397807661607,4.974829090619007e-23,60.54839125920618,5.361468562260009e-24
4092,62.338869646719864,3.0747378929165354e-26,60.738332375256974,5.353964505190759e-24
4093,64.05286863379058,7.208538284985656e-27,60.68097323944879,5.3542281772237334e-24
4094,64.05030959272295,5.461695424066174e-27,61.108639120729734,5.308510884846267e-24
4095,57.94335081768192,3.0484623113762793e-24,61.00538928169463,5.516544477613845e-24
4096,54.817748334634224,6.703708327242609e-23,60.68733292319759,1.206023629856284e-23
4097,60.487475237749045,1.95503518013843e-25,60.488666030987744,1.2076257066228943e-23
4098,56.86534044424853,7.980556464177796e-24,60.00476717008631,1.2869464180820673e-23
4099,63.04052945407977,2.2228950082139388e-26,59.88672149534547,1.2871098712383263e-23
4100,60.43529253375271,2.6417813405810215e-25,59.91957627719957,1.2833972116896256e-23
4101,57.80824593843022,3.660313501846725e-24,60.18400306338098,8.225174376461919e-24
4102,58.72537486908164,1.2720215499322438e-24,59.82265358561716,8.349301793562226e-24
4103,59.95334604584282,4.069506139090272e-25,59.412701326822386,8.389276001124631e-24
4104,61.489490321564894,1.0634861540235203e-25,59.15661939970657,8.39936469312246e-24
4105,61.50780262889875,7.127485946998745e-26,59.51306458082826,8.10164594793183e-24
4106,56.88794529964389,8.415973422300284e-24,59.72008427732923,2.2395349629192502e-24
4107,57.79493943711432,4.049196547213828e-24,59.45083069726576,2.6249042658392485e-24
4108,55.89755033246423,2.3126172641904747e-23,59.354051686087324,4.139465883611943e-24
4109,59.88812126164425,5.038314456088192e-25,59.038810866843775,4.187626133164612e-24
4110,58.851036568334045,1.5799537758602816e-24,58.88038527030191,4.319203697344829e-24
4111,56.91398389267619,9.886802862457746e-24,58.79095906572651,4.941852633405932e-24
4112,65.36675435275991,1.132428189938811e-27,59.455097014094335,4.814763721231701e-24
4113,63.57289729554151,1.2904422715256112e-26,59.81705213906421,4.775359102112324e-24
4114,55.53756709691687,4.369727140444943e-23,59.2218598165994,9.134451381017031e-24
4115,58.98641800352714,1.3904951465321042e-24,58.96972135406223,9.266373409723244e-24
4116,60.66978261304631,1.7036420493012094e-25,59.34790508540247,8.441812487986225e-24
4117,57.23258409937397,8.130159646601241e-24,59.291669551628445,8.849908797924967e-24
4118,58.95217119204914,1.6460494890436483e-24,59.59713163758694,6.701896482638859e-24
4119,58.88956320415575,8.114922511058983e-25,59.49727583183808,6.732662563188567e-24
4120,58.50354296052884,1.3920728348975778e-24,59.46252647105756,6.713874469092296e-24
4121,54.62744590658169,1.1299213751994778e-22,59.233872672448115,1.70244079348413e-23
4122,57.105397730269914,7.068285342553661e-24,58.407737010199114,1.7731123226277672e-23
4123,58.17846043476567,2.427581504835462e-24,57.86829332412153,1.7972590934489693e-23
4124,54.56411231363527,1.1443393591781892e-22,57.770947845793366,2.504625738582664e-23
4125,60.63468898392345,1.8051201810224257e-25,57.935774943832996,2.4925259072983653e-23
4126,54.01566626051897,9.98603782419782e-23,57.27036330858026,3.489426047668846e-23
4127,62.894059337782124,2.608096545608666e-26,57.836510832421084,3.408385260857395e-23
4128,61.98454742952854,1.4834173743388463e-26,58.13974845616902,3.392073107704392e-23
4129,59.33212686596075,1.0475814012431836e-24,58.184004822349515,3.394433999205765e-23
4130,58.332710507278534,2.3732164227546696e-24,58.166921577024496,3.404245435084336e-23
4131,57.262062501246646,4.761214782056642e-24,58.43038323649099,2.321936207705425e-23
4132,58.85980085275791,1.6945208789882754e-24,58.605823548739785,2.2681985630697707e-23
4133,61.391353051080884,1.4739796408769214e-25,58.927112810371305,2.245396727662293e-23
4134,59.62907518077324,5.997295688430703e-25,59.4336090970851,1.1070546641725344e-23
4135,61.628537209148384,7.428797018729973e-26,59.5329939196076,1.1059924236933851e-23
4136,60.07200082987362,4.744772311606423e-25,60.13862737654307,1.121334135852095e-24
4137,56.56816357536141,7.839354485188374e-24,59.506037800301,1.902661487825324e-24
4138,54.63309003966685,5.634827600937896e-23,58.770892061314825,7.53600567138888e-24
4139,60.000060019978214,4.467574568544856e-25,58.83768537671657,7.475923276950012e-24
4140,58.416224772864574,2.0980852038983226e-24,58.84603680327517,7.448410155064377e-24
4141,55.10465920633263,5.2508738737051084e-23,58.630296473783766,1.222316255056382e-23
4142,58.04856979884293,3.2499787586008315e-24,58.54917336839227,1.2378708338525076e-23
4143,58.493876750137275,1.0113492418559775e-24,58.25942573829791,1.2465103466301901e-23
4144,61.317156178606496,8.087244734446792e-26,58.42823383808123,1.2413217754152044e-23
4145,47.29711614879347,2.240115479827763e-19,56.99509173204575,2.2413560587234764e-20
4146,58.25774723480153,3.883594570563164e-24,56.813666372538535,2.2413901498968707e-20
4147,57.850626758027666,2.3209911607662152e-24,56.94191269080517,2.2413349662636263e-20
4148,56.614406726949305,1.2147986354495043e-23,57.140044359533405,2.2408929633670777e-20
4149,60.11856165512868,3.6844241488723664e-25,57.151894523048455,2.240892180216657e-20
4150,54.1321912497529,1.1578783164903238e-22,56.72349117073728,2.2420290776811087e-20
4151,58.90368102190805,1.1047420118455022e-24,57.10339335229482,2.2415150377138568e-20
4152,61.43299813366719,1.309803488398886e-25,57.441836185777255,2.2414838477297594e-20
4153,59.21310223704235,7.744264893751253e-25,57.513758734467764,2.2414814785022345e-20
4154,64.64744244485902,3.851782048157273e-27,57.846787361093014,2.2414807082955813e-20
4155,58.7853082797341,1.9556136708545386e-24,58.99560657418708,1.3847846045270724e-23
4156,58.31081926696809,2.9232190929570307e-24,59.00091377740373,1.375180849751011e-23
4157,56.96344663544346,9.991915460613671e-24,58.91219576514531,1.4518900927494855e-23
4158,59.315936465762285,1.0375848855155724e-24,59.18234873902662,1.340786078059691e-23
4159,61.47862825221876,1.083065763510886e-25,59.318355398735626,1.3381847196743296e-23
4160,59.10916026456753,7.202949552986185e-25,59.81605230021709,1.8750935273699196e-24
4161,61.58936770648798,7.66026767495997e-26,60.08462096867508,1.772279593860329e-24
4162,59.20657797852724,1.1236868344062276e-24,59.86197895316108,1.8715502424169628e-24
4163,59.02806978771582,1.1780704502024682e-24,59.843475708228425,1.9119146384996968e-24
4164,54.57756066783752,9.682944090074426e-23,58.83648753052628,1.1594473550369308e-23
4165,58.956418926089476,9.45774046302531e-25,58.853598595161806,1.1493489587914106e-23
4166,61.94195192099572,7.074511021748497e-26,59.21671186056458,1.1208242189640152e-23
4167,59.758667937986125,6.487659964395818e-25,59.49623399081885,1.0273927243222744e-23
4168,61.706255676937346,9.167786163969012e-26,59.735265911936345,1.0179336540835156e-23
4169,62.97199966959196,3.065071813968317e-26,59.884603053673665,1.0171570955014013e-23
4170,59.539919181408685,7.680688552399708e-25,59.92767894535778,1.0176348345008148e-23
4171,53.10177654474272,5.630976000456268e-22,59.078919829183256,6.647844808189587e-23
4172,58.20814206359988,2.149381868038544e-24,58.97907623769053,6.658101758525911e-23
4173,60.74312767934473,2.410468721538659e-25,59.15058202685342,6.648731522745424e-23
4174,59.64601367889096,7.739951086258537e-25,59.65742732795876,5.68817706482424e-23
4175,58.40670580118869,2.8566516621797678e-24,59.60245601546868,5.707285840983013e-23
4176,54.27977883745272,1.7144484701831236e-22,58.836238707114376,7.421026860063961e-23
4177,50.3073955655914,9.776702009646298e-21,57.89111146987491,1.0518155929656255e-21
4178,56.32353193762003,2.0873066789280838e-23,57.35283909594318,1.0538937318583894e-21
4179,56.53303592884257,1.3164391524936113e-23,56.70894272186823,1.055207105939069e-21
4180,60.117743335735575,5.334929149594453e-25,56.76672513730093,1.0551836483450411e-21
4181,58.02809316003129,3.303662754362728e-24,57.259356798829785,9.992042546159146e-22
4182,60.38844139707531,3.3308471943187774e-25,57.47738673217733,9.990226249010542e-22
4183,61.12892587950917,1.0419430717692475e-25,57.515966552193774,9.990089396445563e-22
4184,58.08888400790426,2.9705473256008227e-24,57.36025358509511,9.992285948662538e-22
4185,53.900709713273386,2.5313589650718573e-22,56.909653976303574,1.0242565193507545e-21
4186,61.92643817650128,7.545801291850469e-26,57.67431991020843,1.007119580450215e-21
4187,58.5119975635422,1.6892626916983718e-24,58.494780110003504,2.9618305754755135e-23
4188,57.051194764557046,4.6566875669993536e-24,58.56754639269722,2.7996667832526984e-23
4189,57.714370709311645,3.860833719916061e-24,58.68567987074412,2.706631205202498e-23
4190,54.84884675267818,3.722801449140738e-23,58.158790212438376,3.073576420966978e-23
4191,50.68256073920859,1.1883531703624473e-21,57.424236970356105,1.4924071497047824e-22
4192,50.95810887527791,2.4745124305792156e-21,56.48120371817637,3.966586495564566e-22
4193,54.09941476932901,1.2286636993895871e-22,55.77825260715834,4.0893486711963476e-22
4194,59.64058012800991,5.140857581818772e-25,55.933422219168925,4.0868922096289294e-22
4195,58.748243520586335,1.0997508412303959e-24,56.41817559990021,3.834856063962973e-22
4196,58.41359181201825,1.2020408099076911e-24,56.06689096345191,3.8359826467599625e-22
4197,55.78145175834469,3.594020454799476e-23,55.793836382932156,3.8702335886162585e-22
4198,52.76182082560462,6.8557356924314585e-22,55.36489898903692,4.551150470292405e-22
4199,54.024518999055076,1.1010963724271053e-22,54.99591381801125,4.657399273815199e-22
4200,57.20617907023012,6.668538038903783e-24,55.23164704976646,4.626839797362697e-22
4201,58.0285911367388,3.657016722759438e-24,55.96625008951948,3.4421436437230083e-22
4202,55.01605281568203,7.878519163842637e-23,56.372044483559876,1.0464164047822194e-22
4203,61.45576238949024,8.589899322873203e-26,57.107679245576,9.236359338364893e-23
4204,60.11205240060097,4.320724484510723e-25,57.15482647283511,9.235539205267585e-23
4205,62.985462260057545,2.6619198601406e-26,57.578548346782235,9.224807888841296e-23
4206,57.04530330651693,7.209868362019244e-24,57.441719496232096,9.284886164362411e-23
4207,60.668892455630605,2.245102326816484e-25,57.93046356596069,8.927729221209282e-23
4208,60.696333627429944,1.2156709757378819e-25,58.723914846143224,2.0732091997535603e-23
4209,60.664266525725836,2.654635013941539e-25,59.3878895988103,9.747674623403964e-24
4210,61.21452662282954,1.7596070496172197e-25,59.78872435407025,9.09841689000976e-24
4211,51.91618576292401,1.536611064501253e-21,59.17748381668876,1.623938216678591e-22
4212,61.92946937722431,7.612584298359771e-26,59.86882547284299,1.5452291508831481e-22
4213,55.53452310916836,5.861071047587077e-23,59.27670154481082,1.6037539623657903e-22
4214,56.91328717213154,9.669337610409023e-24,58.95682502196386,1.6129912275277482e-22
4215,57.857218423784275,2.8751821564391638e-24,58.44400063833653,1.6158397904855864e-22
4216,58.75690302294017,4.99212633347663e-25,58.61516060997885,1.6091291347569146e-22
4217,61.69541320592558,7.288878421481317e-26,58.717812685008354,1.6089775133084476e-22
4218,64.4341342536519,5.1031631676795456e-27,59.09159274763054,1.6088610493740413e-22
4219,62.40969929365884,2.118664523405691e-26,59.26613602442385,1.6086167725178814e-22
4220,59.650327404809325,6.476835436870686e-25,59.10971610262184,1.6090884953566066e-22
4221,58.401803569870076,1.2194317034836976e-24,59.75827788331643,7.369686255883753e-24
4222,62.971098143447506,2.68962244960281e-26,59.862440759938764,7.364763294034995e-24
4223,57.98731081227243,4.6968456211479725e-24,60.10771953024916,1.9733768085627162e-24
4224,58.0802812461496,3.884083657102399e-24,60.22441893765098,1.394851413232054e-24
4225,61.06857470035321,8.671758589823214e-26,60.54555456530786,1.116004956177961e-24
4226,55.3920352174662,1.685213070582388e-23,60.209067784760464,2.751296763425582e-24
4227,55.32825119851869,1.8947546820504364e-23,59.572351584019785,4.638762567054538e-24
4228,53.91296586798306,1.246808106892356e-22,58.520234745452896,1.710633331966133e-23
4229,60.91935546349468,1.7036211529395962e-25,58.37120036243647,1.712125086666732e-23
4230,60.15641997449025,4.56603844615019e-25,58.42180961940458,1.7102142896760115e-23
4231,56.80648479126257,7.365938488906976e-24,58.262277741543826,1.7716793575302443e-23
4232,59.95059847212973,3.9608481932324777e-25,57.96022777441205,1.7753712434785167e-23
4233,56.79910740416558,1.1551295427195731e-23,57.84140743360136,1.843915741538994e-23
4234,63.74341336155365,1.3366521037130665e-26,58.407720645141765,1.8052085701783415e-23
4235,58.12976321443517,3.246949669156786e-24,58.113839496549964,1.836810891010927e-23
4236,62.47284567682064,2.5652494922599858e-26,58.82192054248541,1.6685461089019144e-23
4237,54.20016375660847,1.0276376567620887e-22,58.70911179829439,2.5067082974589595e-23
4238,54.78766122835627,8.405462899088321e-23,58.7965813343317,2.100446480475435e-23
4239,58.12298869005977,3.158642906595165e-24,58.51694465698821,2.1303292883884474e-23
4240,59.14169924303927,1.331140111382068e-24,58.41547258384311,2.1390746510561178e-23
4241,57.18155216448771,3.323025489043835e-24,58.45297932116563,2.0986455210574865e-23
4242,56.65057596993165,1.0693814454002571e-23,58.12297707094582,2.2016228174042797e-23
4243,59.41116626342578,4.705033881108407e-25,58.38418295687184,2.0908148970134304e-23
4244,60.974553406306455,1.37949190981284e-25,58.10729696134712,2.0920607237128724e-23
4245,56.405921293268364,8.449403405249774e-24,57.934912769230436,2.1440852610738022e-23
4246,56.77610870844526,1.1867888429329775e-23,57.36523907239289,2.2625076204178735e-23
4247,58.63100180174239,1.2976122929855084e-24,57.80832287690629,1.2478460865856403e-23
4248,54.47738675326233,1.3160929644323251e-22,57.777295429396894,1.7233927611091335e-23
4249,61.95166400313727,3.150800488297454e-26,58.160162960704646,1.6921214120920113e-23
4250,58.03522295870843,2.8880143061699384e-24,58.04951533227156,1.70769015403989e-23
4251,56.22526912398262,2.012007371240124e-23,57.95388702822105,1.875660636273464e-23
4252,54.147111972931704,1.1092635844005773e-22,57.703540628521054,2.877986076134016e-23
4253,57.67795695897584,4.5935210897676975e-24,57.530219698076074,2.9192162531505846e-23
4254,61.31195122161035,1.0178315187004656e-25,57.56395947960645,2.9188545927594724e-23
4255,60.885463751149395,1.622784054102243e-25,58.01191372539455,2.8359833427610764e-23
4256,54.296728595176965,1.9334690442378285e-22,57.763975714067726,4.650773502705607e-23
4257,58.61078039849702,1.910835547809462e-24,57.7619535737432,4.6569057352538474e-23
4258,54.82922222654165,7.701484398688966e-23,57.797137121071124,4.110961210690418e-23
4259,59.21414002135473,8.460446389822264e-25,57.52338472289288,4.119106577031411e-23
4260,55.41244457186996,2.6673789290088483e-23,57.26110688420903,4.356964326870596e-23
4261,54.51928448100756,6.052362293404384e-23,57.09050841991152,4.7609998190870224e-23
4262,56.98226845566065,5.305793448509101e-24,57.37402406818442,3.704794169171536e-23
4263,54.81382470503815,8.815651522254504e-23,57.08761084279065,4.540424110499309e-23
4264,52.17198694032544,1.2252583492449653e-21,56.173614414662154,1.6791989771430263e-22
4265,53.29645550783773,3.1545208793800163e-22,55.41471359033098,1.9944887866756177e-22
4266,58.67954338395324,1.1561693543321666e-24,55.85299506920861,1.8022980516061669e-22
4267,56.28718276022452,1.3561507970541103e-23,55.620635305381356,1.8139487240288987e-22
4268,55.09421263173348,4.254926595203832e-23,55.64713434590054,1.7794831459940473e-22
4269,59.29385668687017,8.248451669255554e-25,55.65510601245209,1.7794619465219908e-22
4270,55.18164172408805,3.9274951886264474e-23,55.6320257276739,1.7920631091181669e-22
4271,59.563535863408255,4.637969782999618e-25,56.13645086591397,1.732003283162423e-22
4272,62.24334140977902,6.25103488826899e-26,56.662558161325805,1.7267600000627963e-22
4273,58.31808750872176,3.066890905305796e-24,57.012984441694165,1.6416703757455573e-22
4274,60.42254369032385,2.9715025953386194e-25,57.83804011669402,4.1670917676012553e-23
4275,52.75589070873583,6.016857179558065e-22,57.783983636783816,7.029428067779305e-23
4276,59.21637612402414,9.755729215771544e-25,57.8376669107909,7.027622103451754e-23
4277,56.75208676586298,1.0046372498366002e-23,57.88415731135475,6.992470748730002e-23
4278,57.1978821890349,8.242897133265455e-24,58.0945242670849,6.649407060542275e-23
4279,61.362595670634825,8.186043385892028e-26,58.301398165461364,6.641977213211608e-23
4280,55.82062805743065,3.80097114105296e-23,58.365296798795626,6.629324808454258e-23
4281,55.69453452368929,4.256882076481618e-23,57.978396664823734,7.050375046319421e-23
4282,59.3590296854033,7.205948153267029e-25,57.68996549238616,7.056955890983862e-23
4283,56.80989117443984,1.0386660842619178e-23,57.53914585895795,7.130153590356996e-23
4284,56.35076739778638,8.276625007537848e-24,57.13196822970421,7.209948337837035e-23
4285,62.30057978757378,5.979891143210525e-26,58.08643713758802,1.1936891473932913e-23
4286,59.41203557240027,7.987565398296985e-25,58.10600308242563,1.1919209835758172e-23
4287,61.67391738895926,9.221084230806106e-26,58.59818614473526,1.0923793670152374e-23
4288,55.726899315073915,4.956754233338689e-23,58.45108785733915,1.5056258190164517e-23
4289,59.250665070486164,8.645198002692096e-25,58.23989479732429,1.5134524126805547e-23
4290,55.67555851014326,1.5957445386729014e-23,58.225387842595545,1.2929297524425487e-23
4291,60.6806163225371,3.036719313739679e-25,58.72399602248032,8.702782641081268e-24
4292,58.81900863065919,1.6874088037065696e-24,58.66999391700591,8.799464039919254e-24
4293,54.61676647372966,1.0225646382613037e-22,58.450681446934894,1.7986444338270372e-23
4294,60.20100704275234,3.3720537397493694e-25,58.83570541143149,1.7192502374914077e-23
4295,57.327049473539546,7.144752446335376e-24,58.33835238002807,1.7900997728404406e-23
4296,59.32772827815429,7.837794299379086e-25,58.32992165060347,1.789950001741523e-23
4297,45.244442187909286,8.250124112759274e-19,56.68697413049847,8.251913140652592e-20
4298,53.13673317623597,5.174657245822006e-22,56.42795751661468,8.25659212247508e-20
4299,60.56200921549667,2.847166012893676e-25,56.559091931115724,8.256586324443091e-20
4300,62.72122137706673,1.9658100275090682e-26,57.26365821780807,8.256426946570227e-20
4301,59.26149403514223,1.5358027986960229e-24,57.1217459890686,8.2564392678789e-20
4302,56.28928335676032,1.3414364892450176e-23,56.8687734616787,8.256556537439787e-20
4303,55.50234524459746,4.0138534247990076e-23,56.957331338765485,8.255935358144006e-20
4304,55.1886505345596,6.613604964259931e-23,56.45609568794621,8.256593346586691e-20
4305,59.09338982340924,1.1770867808128107e-24,56.632729722933185,8.256533669930036e-20
4306,58.485598170010206,2.0580174306785735e-24,56.54851671211877,8.256546412310043e-20
4307,60.64925973438339,2.45269620134964e-25,58.08899846676618,6.424752246971268e-23
4308,60.33733630658448,3.8845640016148635e-25,58.80905877980102,1.2539795651508787e-23
4309,60.52119342014436,2.614021957482003e-25,58.80497720026581,1.2537464210954669e-23
4310,54.71260371412154,1.280975165547051e-22,58.004115433971286,2.534525005639767e-23
4311,60.17240612352291,3.263489916442908e-25,58.09520664280935,2.52243046756925e-23
4312,60.38608279276768,3.61647950409453e-25,58.50488658641008,2.3919032981488428e-23
4313,60.62325890956461,1.6796219895373517e-25,59.0169779529068,1.9921975776584794e-23
4314,64.43126828164867,5.369810954244699e-27,59.941239727615695,1.3308907793420288e-23
4315,58.29752114810367,2.9586162285968435e-24,59.86165286008516,1.348706073819869e-23
4316,59.27745638727861,6.252903706148721e-25,59.94083868181199,1.334378803219232e-23
4317,58.939101981601986,1.2664013693596747e-24,59.769822906533854,1.344590120711479e-23
4318,56.583421080794245,1.0571694590807191e-23,59.394431383954824,1.446422502617936e-23
4319,56.291308905783616,1.3595359452655688e-23,58.971442932518755,1.579762075187011e-23
4320,59.79785580228028,6.988617551298465e-25,59.47996814133463,3.0577552719125844e-24
4321,59.75895735139042,5.78338841413257e-25,59.43862326412138,3.0829542568894805e-24
4322,54.43879546675115,1.1136299068532945e-22,58.84389453151972,1.418308853038148e-23
4323,58.62397228792674,1.954677203123663e-24,58.64396586935594,1.4361760030798472e-23
4324,55.361609951526816,3.688321136742573e-23,57.73700003634376,1.804954418644562e-23
4325,57.33362221567786,4.6617332756247896e-24,57.640610143101185,1.8219855891148414e-23
4326,53.38493983127592,4.827296132047538e-22,57.051358487500906,6.64302881745623e-23
4327,59.30860476809011,6.42523231505919e-25,57.088308766149716,6.636790036077693e-23
4328,58.741048205924514,6.075093503211643e-25,57.30407147866274,6.537148183672832e-23
4329,58.28621697148682,3.059306820330085e-24,57.503562285233066,6.431787657349577e-23
4330,55.8372886130641,4.0693720018495134e-23,57.107505566311445,6.831736239983229e-23
4331,57.793943339282336,3.401163301866568e-24,56.911004165100636,6.859964484587763e-23
4332,57.65245605849512,4.735376379167692e-24,57.23237022427503,5.793688341526144e-23
4333,58.56343841952715,1.7559580844232233e-24,57.22631683743508,5.791701150339142e-23
4334,61.239895354189514,1.2398082912134189e-25,57.81414537770136,5.424108844956097e-23
4335,55.28134228502971,4.7536962221649396e-23,57.60891738463654,5.852861134416344e-23
4336,56.53904809772234,1.6681795847325193e-23,57.92432821128117,1.192382960842057e-23
4337,53.51549890237422,2.5657364168368904e-22,57.34501762470959,3.751694145363888e-23
4338,50.54734011963312,2.4089082727660695e-21,56.52564681608044,2.783470177952137e-22
4339,59.2026474824663,8.454797738655646e-25,56.617289867178386,2.781256350905673e-22
4340,56.41461344817155,1.3603526263737864e-23,56.67502235068914,2.754166157150915e-22
4341,54.80493856439382,9.062850467426721e-23,56.37612187320029,2.841393498523316e-22
4342,59.379520684343056,9.347104175454291e-25,56.54882833578508,2.8375928325616937e-22
4343,60.08820709386317,5.581346818372912e-25,56.70130520321868,2.8363950091591076e-22
4344,55.42564989045674,3.918526397616384e-23,56.11988065684541,2.87545629230615e-22
4345,55.5972058764772,2.6301963736198895e-23,56.15146701599015,2.8542212938206997e-22
4346,57.865999394275015,3.666661241111286e-24,56.28416214564542,2.8412061592144857e-22
4347,61.05835355397776,1.8742023997293767e-25,57.03844761080578,2.5848199377707698e-22
4348,55.316831163431516,4.2357772530090313e-23,57.51539671518562,2.1826943753479062e-23
4349,56.85944898908599,9.637039967449175e-24,57.28107686584758,2.2706099772837425e-23
4350,53.19381473047803,4.5736377907691555e-22,56.958996994078234,6.708212505415519e-23
4351,56.82889180381017,7.081079265703383e-24,57.161392318019864,5.87273825132988e-23
4352,57.24260796279741,5.6817180215935134e-24,56.9477010458653,5.920208327370362e-23
4353,56.630368417708326,1.1256359949309052e-23,56.60191717824982,6.027190580045078e-23
4354,58.64446360563671,1.3827724726878296e-24,56.923798549767824,5.649165665010319e-23
4355,58.784819747272834,1.819477656909897e-24,57.242559936847385,5.404340804217429e-23
4356,60.61081346313185,3.1274716925932346e-25,57.51704134373307,5.37080166349891e-23
4357,54.365773694866085,1.441568474460275e-22,56.84778335782189,6.810495935559455e-23
4358,56.33203248517422,1.2584056268719533e-23,56.949303489996154,6.512758772945748e-23
4359,56.781368702762904,9.883351085864212e-24,56.94149546136384,6.515221884129898e-23
4360,58.72708248582384,1.7541610541463835e-24,57.494822236898436,1.9591257039022063e-23
4361,63.24797357138644,1.24832161333454e-26,58.13673041365606,1.8884397434065055e-23
4362,53.435078230238034,1.6318076504807797e-22,57.75597744040012,3.4634302136713505e-23
4363,54.96343537471992,6.485573610246435e-23,57.58928413610128,3.999423975202903e-23
4364,47.7831428377148,8.815551784367326e-20,56.503152059309095,8.855407746872087e-21
4365,57.60819642407301,4.7934339475779434e-24,56.385489726989114,8.855705142501153e-21
4366,58.23048096473604,2.717376339086352e-24,56.147456477149525,8.855945605418137e-21
4367,57.232484877677265,3.982699341328238e-24,56.43412759543064,8.841928190607666e-21
4368,54.123437939049424,7.527203818171041e-23,56.21326814081817,8.848196988798967e-21
4369,55.368939463520135,3.649075701389184e-23,56.07202521689389,8.850857729391769e-21
4370,53.80732227550217,2.782459402970499e-22,55.58004919586172,8.87850690731606e-21
4371,53.36815404610756,3.3087663957330937e-22,54.59206724333384,8.911593322951776e-21
4372,55.40006753262223,5.529728388912683e-23,54.788566173572256,8.900804974835882e-21
4373,54.265217790186995,6.94587576548394e-23,54.71874441511896,8.901265276991118e-21
4374,58.058146304695235,3.7976709916269044e-24,55.746244761817,8.609325972295472e-23
4375,54.835668263965,4.4067904986723994e-23,55.4689919458062,9.002070682686934e-23
4376,57.27174719922029,8.206843224691405e-24,55.37311856925463,9.056965351542983e-23
4377,56.889508066153226,7.212782593301707e-24,55.33882088810223,9.089266184062717e-23
4378,58.69415826387256,1.8696324884699455e-24,55.795892920584535,8.355242127130312e-23
4379,61.112104520145095,1.0582744567330044e-25,56.37020942624704,7.991392831448128e-23
4380,53.34117197417029,2.3837075811912647e-22,56.32359439611385,7.592641009668893e-23
4381,55.23855610366214,5.76851861065171e-23,56.51063460186931,4.8607264750009703e-23
4382,58.627861949853916,2.1833483213209443e-24,56.83341404359247,4.3295871193229116e-23
4383,56.717452811425105,1.1395874306997936e-23,57.07863754571629,3.748958285844497e-23
4384,57.65828870645018,6.4659094230251864e-24,57.03865178589179,3.77564067015848e-23
4385,52.87990651002242,4.352159631590855e-22,56.84307561049752,7.687121251882095e-23
4386,54.22850798284388,4.827105867432113e-23,56.538751688859875,8.087763406378392e-23
4387,60.14885653783599,3.691040871361518e-25,56.86468653602816,8.019326621316737e-23
4388,61.548250642486444,1.0063115032606759e-25,57.15009577388954,8.001636607935299e-23
4389,60.03838697259821,3.4679143950770584e-25,57.04272401913486,8.004046247873644e-23
4390,58.385326167726035,1.4106871693826997e-24,57.54713943849043,5.634445538376205e-23
4391,53.068477984490436,4.1843558511992643e-22,57.330131626573255,9.241949528510297e-23
4392,53.84963683612358,5.010688520854655e-23,56.85230911520023,9.721184897382556e-23
4393,58.31544911334612,6.388461611664675e-25,57.01210874539233,9.613614615924241e-23
4394,52.67046080629644,8.248679178854689e-22,56.513325955376956,1.7797634700548678e-22
4395,62.033780867966314,5.63109862616919e-26,57.42871339117134,1.3446038178820437e-22
4396,60.23507988478886,3.9672310967836164e-25,58.029370581365846,1.296729482317401e-22
4397,61.56017113092595,6.687053762674867e-26,58.17050204067484,1.2964272487678914e-22
4398,63.36225813888323,5.90899105743501e-27,58.351902790314526,1.2963325266086231e-22
4399,59.11658547875371,1.1591051057654646e-24,58.259722640930065,1.2971448402748808e-22
4400,56.52016497742305,1.3187556506415225e-23,58.07320652189977,1.3089217096119135e-22
4401,53.52903289184416,4.1104468534652063e-22,58.11926201263515,1.3015308098385075e-22
4402,57.67282860562994,5.0388231941822675e-24,58.50158118958577,1.2564627478241432e-22
4403,59.52500747847893,7.437356624755627e-25,58.62253702609907,1.2565676373254524e-22
4404,59.86558764239358,2.908423840177695e-25,59.34204970970878,4.3199056182400106e-23
4405,56.94722083323169,7.76875348204102e-24,58.83339370623531,4.3970300431978056e-23
4406,58.11760405808532,2.558716224888385e-24,58.62164612356496,4.418649974349906e-23
4407,54.550722139320264,1.0731565790180404e-22,57.92070122440439,5.491137847991679e-23
4408,59.482096227015724,4.0172340027171e-25,57.53268503321764,5.495095992083821e-23
4409,61.534167090009205,1.4261375514531734e-25,57.77444319434319,5.48493107857762e-23
4410,64.78874731668978,5.297627452200912e-27,58.601301428269856,5.353108489787989e-23
4411,57.478579240637416,3.983990517457459e-24,58.996256063149175,1.2825015414973574e-23
4412,58.2679858089984,2.750953150804723e-24,59.05577178348604,1.2596228410635818e-23
4413,56.21117446086263,1.8426526961007053e-23,58.7243884817244,1.4364507540488967e-23
4414,61.73160319109498,4.9157950274107913e-26,58.91099003659455,1.43403390971146e-23
4415,56.25001919061505,2.4266306753255764e-23,58.84126987233287,1.5990094424236077e-23
4416,61.31656030874177,1.2237806054680908e-25,59.16116549739852,1.5746460607801918e-23
4417,56.765420789401674,9.840012143591835e-24,59.38263536240667,5.9988960319806975e-24
4418,62.7165441546043,3.5175945784875963e-26,59.70608015516552,5.962241286532015e-24
4419,56.0527680366545,1.900947424529434e-23,59.15794024983005,7.848927335546917e-24
4420,63.045007666013774,1.8850847079771198e-26,58.98356628476246,7.850282657509673e-24
4421,64.31350467414262,5.1188560650132804e-27,59.66705882811298,7.45239549137043e-24
4422,55.93978278624502,3.00222734863671e-23,59.434238525837635,1.0179527524926668e-23
4423,63.52261802290211,1.566019550720839e-26,60.16538288204157,8.33844084837668e-24
4424,60.479582833857584,2.1258018134360293e-25,60.04018084631783,8.354783071483632e-24
4425,59.255121428278834,8.074966667226295e-25,60.34069107008421,6.008902062830319e-24
4426,56.852643703706455,1.1066730039774813e-23,59.89429940958068,7.103337260753118e-24
4427,57.703360408235625,4.625262960377227e-24,59.98809337146408,6.581862342431657e-24
4428,58.05773833924327,4.5866200594653035e-24,59.522212789927984,7.0370067537997e-24
4429,63.71962678630253,1.2927850035604235e-26,60.28889866489279,5.137352114273827e-24
4430,47.53853779562935,1.0464801004504039e-19,58.73825167785435,1.0469936471533605e-20
4431,55.29065140534985,3.507523068214418e-23,57.83596635097507,1.0473443482716214e-20
4432,61.61922706833517,9.127841689518743e-26,58.40391077918407,1.0470450383209267e-20
4433,60.947592424817195,1.7019558012987868e-25,58.14640821937559,1.0470465836747729e-20
4434,55.36553476588508,2.923085607495138e-23,57.63500341257834,1.0473367664337089e-20
4435,59.88129781850952,5.086845632675685e-25,57.697621051601416,1.0473337783126743e-20
4436,56.422813085782664,1.2270100353222221e-23,57.65463798980902,1.0473458120158088e-20
4437,58.69406241879295,2.2457095278572523e-24,57.75370819086477,1.0473220164814837e-20
4438,57.2628609907916,5.42997062310662e-24,57.6742204560196,1.04733044998712e-20
4439,56.631957822846175,1.418081444521654e-23,56.96545355967396,1.0474721288530718e-20
4440,62.53326318007551,4.0837939971534646e-26,58.464926098118575,9.924367820676236e-24
4441,62.64996537174379,2.2846329414276295e-26,59.20085749475796,6.419129385403245e-24
4442,60.17756566107594,4.7594725985960965e-25,59.05669135403205,6.457596269699688e-24
4443,53.46391582349051,2.1983133298709133e-22,58.308323693899375,2.842371001039584e-23
4444,63.307342290373604,1.4073731577393015e-26,59.102504446348235,2.550203177605843e-23
4445,59.6340626781801,6.680218041591738e-25,59.07778093231529,2.5517965500147598e-23
4446,64.23793910905839,6.524003879766471e-27,59.85929353464286,2.4291607865213347e-23
4447,59.188749145361285,8.7334750548226e-25,59.90876220729969,2.415437166297585e-23
4448,55.487225230047144,3.9419778070777056e-23,59.73119863122524,2.755335240774289e-23
4449,65.81194595932257,1.3858523661614477e-27,60.64919744487288,2.613540954845786e-23
4450,65.63166177138382,2.2190261173382053e-27,60.95903730400372,2.6131547657072435e-23
4451,61.85250370181778,9.385793846492458e-26,60.879291137011116,2.61386488179775e-23
4452,66.60837818390672,4.670599125656007e-28,61.5223723892942,2.6091100797982793e-23
4453,60.14340527272763,1.6324221066653322e-25,62.1903213342179,4.124291720340318e-24
4454,53.698439554871705,2.6473265185660485e-22,61.22943106066772,3.0596149532843066e-23
4455,62.05154993634727,4.7884027707962373e-26,61.471179786484434,3.053413575519794e-23
4456,60.45280980636472,2.8726293279094413e-25,61.09266685621507,3.0562209648089057e-23
4457,64.41108650457906,5.2965542196187694e-27,61.61490059213685,3.0475404552962794e-23
4458,63.16518358651552,1.7990341148398808e-26,62.38269642778367,2.653522577999993e-23
4459,58.228187957907735,2.0101831015072217e-24,61.62432062764219,2.673610550491404e-23
4460,56.576525594508404,9.484217220276911e-24,60.71880700995466,2.768430532432999e-23
4461,62.03509419459112,2.884660913619224e-26,60.737066059231985,2.767780419139712e-23
4462,61.546040458860325,8.332749690358343e-26,60.230832286727356,2.768609023509622e-23
4463,57.92916677772109,4.156270913091171e-24,60.009408437226696,2.8085393105338686e-23
4464,63.73866541415395,9.942247615440224e-27,61.01343102315492,1.6131221444397444e-24
4465,60.7865367698697,2.06419402744513e-25,60.88692970650716,1.6289756819433995e-24
4466,56.876210448598655,7.604995989984537e-24,60.52926977073055,2.3607489876627587e-24
4467,60.36417124887267,1.754776336680106e-25,60.12457824515991,2.3777670956075978e-24
4468,63.619903918936004,1.2944562070476416e-26,60.17005027840196,2.3772625176998057e-24
4469,57.298171933499944,4.492228176411565e-24,60.07704867596118,2.6254670251902406e-24
4470,60.677026406644856,2.171430998751718e-25,60.48709875717483,1.698759613150066e-24
4471,58.87181001764495,1.0409757094830354e-24,60.170770339480214,1.7999725231847503e-24
4472,56.70013133768497,1.2026813998461812e-23,59.68617942736269,2.9943211733405735e-24
4473,57.06815510014816,8.054505305042236e-24,59.60007825960538,3.38414461253568e-24
4474,65.42936496260725,1.9214828757310445e-27,59.769148214450716,3.383342536061709e-24
4475,55.98888170326398,2.1659142785380287e-23,59.28938270779014,5.5286148743252866e-24
4476,61.11254328087604,1.0007016837046627e-25,59.71301599101788,4.7781222921638794e-24
4477,60.92480986754416,1.4513350153390017e-25,59.76907985288502,4.775087878950469e-24
4478,60.360655701141376,3.588574254785905e-25,59.44315503110556,4.80967916529128e-24
4479,62.75402658848636,2.4614124264511085e-26,59.9887404966042,4.362917760076575e-24
4480,65.32590032405241,2.8398769612752974e-27,60.45362788834497,4.3414874377851855e-24
4481,57.444401452771295,5.5089477747974695e-24,60.31088703185761,4.788284644316628e-24
4482,61.20712843536999,1.1744225245279792e-25,60.761586741626104,3.597347469715727e-24
4483,57.3540393925416,6.925857124128706e-24,60.79017517086545,3.484482651624373e-24
4484,60.718829051317734,2.9931920113918237e-25,60.31912157973649,3.5142224234507186e-24
4485,61.437506037540786,1.4132350622940198e-25,60.86398401316417,1.36244049553563e-24
4486,59.23746872469722,6.704076108300127e-25,60.67647655754629,1.4194742397815847e-24
4487,60.60534357659586,1.5365553233245537e-25,60.64452992845146,1.4203264428614404e-24
4488,51.25161557427832,1.903329323506896e-21,59.73362591576515,1.9171737305100318e-22
4489,60.87616262439232,1.305163834435932e-25,59.54583951935575,1.9172796327692112e-22
4490,63.21756376520149,2.302222861689426e-26,59.33500586347067,1.9172998151208665e-22
4491,63.544062383886974,1.2500130394363003e-26,59.94497195658223,1.9118033674764634e-22
4492,59.02954584609097,1.1807175732736578e-24,59.72721369765433,1.912866642797284e-22
4493,60.817804730579034,1.1058254765799414e-25,60.073590231458084,1.9060513682208134e-22
4494,57.45430593009265,5.773156496216102e-24,59.74713791933557,1.91152520551589e-22
4495,58.75321703814526,1.4219606912995881e-24,59.478709019396014,1.9128058427009607e-22
4496,56.010261355977505,1.50222872010416e-23,59.155988282524035,1.9271577222911723e-22
4497,55.994116529787455,1.9093061018971085e-23,58.6948655778432,1.946097127777811e-22
4498,56.61373996946934,7.239591235712257e-24,59.2310780173623,5.000739550662714e-24
4499,62.38539608995871,4.0463101410869726e-26,59.38200136391894,4.9917342224594396e-24
4500,63.21672779776446,1.830693260754029e-26,59.38191776717524,4.991262692858506e-24
4501,58.80535205890946,1.3824162517606456e-24,58.908046734677484,5.1282543049951334e-24
4502,56.97309781046086,7.149481754504438e-24,58.70240193111448,5.725130723118211e-24
4503,57.82000990093309,2.3841789806113326e-24,58.402622448149884,5.9524903664135454e-24
4504,62.43471244541094,3.436404667031275e-26,58.90066309968171,5.378611121458968e-24
4505,57.82853109556727,5.0444419981416796e-24,58.80819450542391,5.740859252143176e-24
4506,60.03705962011479,2.7846335829918832e-25,59.21087433183764,4.266476867868936e-24
4507,62.615663197901576,4.608597720932494e-26,59.87302899864905,2.3617793636927587e-24
4508,65.66926738278192,1.857880888940122e-27,60.77858173998031,1.6380060282104276e-24
4509,60.6066047557621,3.0368506494469845e-25,60.60070260656065,1.66432822456381e-24
4510,61.57811364464024,1.074038516924345e-25,60.43684119124822,1.6732379164722996e-24
4511,63.39190692711772,1.6742448750373206e-26,60.89549667806905,1.5366705361712723e-24
4512,56.065329708359556,1.2436010218549104e-23,60.80471986785891,2.065323382575739e-24
4513,60.85719602580148,1.8351370236320057e-25,61.10843848034576,1.8452568547509258e-24
4514,60.39522106564122,3.9200082076117506e-25,60.90448934236879,1.8810205321600123e-24
4515,58.527120182194466,2.570384533129828e-24,60.97434825103151,1.6336147856588267e-24
4516,62.26911990579612,4.9552569240601964e-26,61.19755427959965,1.6107237067529682e-24
4517,56.20543584465292,1.601221128739112e-23,60.556531544274776,3.2073362377711477e-24
4518,58.99194612539128,6.547150999640485e-25,59.8887994185357,3.2726219596786594e-24
4519,60.507852824018336,2.637550059776597e-25,59.87892422536133,3.268628953781955e-24
4520,58.94029591865919,1.520250866569749e-24,59.61514245276324,3.409913655269686e-24
4521,61.40214479191029,9.67122339693791e-26,59.416166239242486,3.417910633791587e-24
4522,60.186207134915755,3.7742117432205767e-25,59.8282539818981,2.212051729368882e-24
4523,60.86778076731534,9.947995975912461e-26,59.82931245604949,2.2036483551084747e-24
4524,58.89383563525274,6.532525239858233e-25,59.679173913010644,2.2297735254309392e-24
4525,63.227841525432375,2.5481681107906012e-26,60.14924604733443,1.975283240228747e-24
4526,61.527419179787536,1.085291801437252e-25,60.07507597473358,1.9811809013190594e-24
4527,56.92395834527212,7.956756222536347e-24,60.1469282247955,1.175635394833582e-24
4528,61.1046505080676,1.3736087767535836e-25,60.35819866306313,1.123899972604713e-24
4529,61.028446642434126,1.2001081484910742e-25,60.41025804490471,1.1095255534918578e-24
4530,64.17466037211459,6.377571052696987e-27,60.93369449025024,9.581382239401526e-25
4531,65.19221331230239,1.5238961961301712e-27,61.31270134228946,9.486193901628274e-25
4532,63.8789909761163,1.2409139697125733e-26,61.68197972640951,9.121181867003344e-25
4533,59.91660616071359,6.421115478459136e-25,61.58686226574933,9.663813455090134e-25
4534,62.9511301871843,2.3364603782453847e-26,61.99259172094249,9.033925534886766e-25
4535,62.538016268844785,1.996468945469833e-26,61.92360919528373,9.028408543233556e-25
4536,62.700646892625834,1.3939675941199357e-26,62.04093196656756,8.933819039031029e-25
4537,68.52855066257716,7.726597495024809e-29,63.20139119829806,9.771400824696339e-26
4538,60.48675304594738,3.0351007697526864e-25,63.13960145208604,1.1432892817695442e-25
4539,53.702436737539344,1.699251344492363e-22,62.40700046159657,1.7094841291615673e-23
4540,61.47965979682937,1.1359374729286245e-25,62.137500404068035,1.7105562909239688e-23
4541,59.83213606341451,5.267193631006458e-25,61.60149267917925,1.7158082455930143e-23
4542,59.641490029538446,2.554552107653037e-25,61.17774258452147,1.7182387063036957e-23
4543,59.88187918368892,4.1116404255383808e-25,61.17426988681901,1.715929231250775e-23
4544,59.64326063937061,6.418137946520822e-25,60.84348293203764,1.722113723159471e-23
4545,57.735895156348256,2.0387072150410778e-24,60.36327082078799,1.7423011484153356e-23
4546,59.19979313392254,8.156164804037916e-25,60.01318544491765,1.750317916459961e-23
4547,59.32869022817587,4.687503837206599e-25,59.09319940147752,1.7550046476374183e-23
4548,59.10969152036877,1.3127918513226852e-24,58.955493248919666,1.7650974653808927e-23
4549,62.192886413859895,2.647721517529714e-26,59.80453821655173,6.611089304028244e-25
4550,58.93995561413693,1.1949694786965917e-24,59.55056779828247,7.692465035431973e-25
4551,57.14028263246804,8.460039604037929e-24,59.281382455187824,1.5625785276369257e-24
4552,59.57064505498243,6.601815097929976e-25,59.27429795773222,1.603051157539695e-24
4553,56.00878872238295,1.1789856806732666e-23,58.886988911601634,2.7409204339575778e-24
4554,62.259473024017446,1.7386263785996732e-26,59.14861015006632,2.678477680870969e-24
4555,59.05848997604336,1.2298673372578536e-24,59.28086963203582,2.5975936930926467e-24
4556,60.65256341217096,2.070865309254645e-25,59.42614665986066,2.536740698144814e-24
4557,55.92009709527995,2.3251452039865547e-23,59.08528734657108,4.815010863759302e-24
4558,62.28274777539746,7.050421313761003e-26,59.40259297207393,4.6907820999407955e-24
4559,56.33233157207903,2.2194195666252443e-23,58.81653748789586,6.90755394504851e-24
4560,59.19957313200801,1.0409057728118792e-24,58.842499239682965,6.892147574460039e-24
4561,60.86406671737746,2.8851017395452898e-25,59.21487764817391,6.0749946314516994e-24
4562,60.00672104527122,4.712916454772085e-25,59.258485247202785,6.05610564502012e-24
4563,59.7593830037473,4.58420855345115e-25,59.63354467533922,4.9229620498813635e-24
4564,64.38577373609807,5.226456911517801e-27,59.84617474654728,4.921746069193917e-24
4565,62.30828354665013,4.2059017754760545e-26,60.171154103607954,4.8029652372436075e-24
4566,61.29482130484532,9.997265914862068e-26,60.23537989287539,4.792253850065923e-24
4567,61.85779761120284,6.073281147959693e-26,60.82914994446769,2.4731819272273277e-24
4568,63.75239803558989,8.485561486171697e-27,60.97611497048693,2.4669800620621843e-24
4569,58.08344914609384,3.588885516497972e-24,61.151226727888414,6.064490470867371e-25
4570,55.589862838009196,3.07060908006064e-23,60.79025569848852,3.57296754986619e-24
4571,60.19108525496441,4.643528091266009e-25,60.722957552247216,3.590551813383396e-24
4572,52.190551923755606,1.2160508744794606e-21,59.94134064009567,1.2514851009678174e-22
4573,53.682634993339676,2.310274339969995e-22,59.3336658390549,1.4820541141094715e-22
4574,61.054126170219405,1.4706916516086077e-25,59.00050108246703,1.482195956817721e-22
4575,59.73975170866802,4.891249156291092e-25,58.743647898668826,1.4826430227155956e-22
4576,54.33409469649144,1.5232070925780125e-22,58.04757523783343,1.6348637593142482e-22
4577,61.18149943098899,8.537410840915104e-26,57.97994541981204,1.6348884006111773e-22
4578,62.09026520956972,3.032078455457882e-26,57.813732137210025,1.6349102358342458e-22
4579,59.48868915023907,1.02876095436344e-24,57.954256137624554,1.6323501112721115e-22
4580,63.38193448709962,1.822311186294365e-26,58.73346330253359,1.6016622435833682e-22
4581,61.511113987576806,8.533723442057142e-26,58.865466175794836,1.601283228008662e-22
4582,63.5476100360893,8.371903040399983e-27,60.0011719870282,3.852407254322418e-23
4583,64.07958956514335,8.016475585254435e-27,61.04086744420857,1.5422130791082755e-23
4584,60.683815069746466,2.8679854152967986e-25,61.00383633416128,1.5436103728719637e-23
4585,63.266044454512496,1.6818937097121018e-26,61.35646560874572,1.538887313086644e-23
4586,65.0737732877347,3.464184268422445e-27,62.43043346787006,1.5714862351315626e-25
4587,58.09004576231419,2.310136049487602e-24,62.12128810100256,3.7962481762100143e-25
4588,61.17917942807532,1.4361477430407783e-25,62.03017952285313,3.909542165959513e-25
4589,58.383500635350885,8.911568183859213e-25,61.91966067136432,3.771938029981994e-25
4590,59.22149891309025,8.072492637640633e-25,61.50361711396338,4.560964181883114e-25
4591,62.49322673533513,2.0984305266951987e-26,61.601828388739214,4.496611252729495e-25
4592,52.81129569314564,6.5207507031341785e-22,60.528196954444844,6.56563309663107e-23
4593,57.96604637543047,2.8944915632205465e-24,59.91684263547355,6.594497847507422e-23
4594,59.084421345062644,8.399113077825696e-25,59.756903263005164,6.60002897516995e-23
4595,57.82838215499818,4.716666090380088e-24,59.21313703305374,6.647027446702781e-23
4596,61.88414146584844,4.8090918296791963e-26,58.894173850865116,6.647473714043064e-23
4597,64.40342790335836,4.4984151784159756e-27,59.52551206496953,6.624417337699974e-23
4598,66.4716475477833,6.632424071355284e-28,60.05475887694033,6.622987822381003e-23
4599,60.14376696562893,4.734144885228232e-25,60.23078550996813,6.618810399082372e-23
4600,57.94746359640688,2.0903974856381334e-24,60.10338197829981,6.631641881301113e-23
4601,58.04717169644511,5.035702730943347e-24,59.6587764744108,6.681789065557878e-23
4602,57.02592410522251,4.509076646665801e-24,60.080239315618485,2.0612912889035655e-24
4603,57.68029768096137,5.2623548131758216e-24,60.051664446171586,2.2980776138990925e-24
4604,53.01969550508898,3.350509434614197e-22,59.445191862174205,3.57191808292628e-23
4605,54.997946410197756,7.206113162916135e-23,59.162148287694166,4.245362738314093e-23
4606,57.444764921516736,5.719580886161329e-24,58.718210633260995,4.302077637992738e-23
4607,61.82186533707302,5.1454766999823895e-26,58.460054376632456,4.302547201510952e-23
4608,63.242565344724895,2.4101467126699415e-26,58.137146156326615,4.3027815837581485e-23
4609,58.137653677912205,2.5310084519958146e-24,57.93653482755495,4.323357523392879e-23
4610,62.89644163132208,2.073147930575654e-26,58.43143263104647,4.302660863329555e-23
4611,54.6752162111006,7.367636638457425e-23,58.09423708251202,4.989067499865863e-23
4612,57.73412749468204,4.2428116186693196e-24,58.16505742145797,4.986404849585898e-23
4613,62.65595849477179,2.161655969581715e-26,58.662623502839004,4.933997467051099e-23
4614,61.19351154676095,1.0475663977934478e-25,59.48000510700621,1.5845355988346952e-23
4615,59.63324210110166,6.341980505164626e-25,59.943534676096604,8.702662630482463e-24
4616,66.18836517806751,1.1232825534249884e-27,60.81789470175168,8.130816870121671e-24
4617,58.32216678710484,2.5859787699329e-24,60.46792484675486,8.384269270414979e-24
4618,57.937781836006884,3.510509991103157e-24,59.93744649588306,8.732910122812625e-24
4619,58.8175370591987,1.3217598874067288e-24,60.0054348340117,8.611985266353717e-24
4620,63.011646703858766,1.7069197586872325e-26,60.01695534126539,8.61161903818183e-24
4621,57.17386757779056,7.101861976119877e-24,60.26682047793438,1.9541685973363904e-24
4622,56.18777569213597,1.4104269552150497e-23,60.11218529767975,2.940314390684508e-24
4623,61.65677732954864,8.300304771500726e-26,60.01226718115744,2.946453039486427e-24
4624,66.42980730253593,1.1764419009422387e-27,60.53589675673494,2.936095019698587e-24
4625,61.38788240017719,1.2526305727202351e-25,60.7113607866425,2.8852015203741433e-24
4626,64.28320511764596,6.606477736656804e-27,60.52084478060034,2.8857498398924666e-24
4627,59.57663046033261,1.0463295680495411e-24,60.646291147923115,2.7317849197041302e-24
4628,62.25526110849993,5.52199041969145e-26,61.07803907517242,2.3862559110135063e-24
4629,59.020583328071275,6.846411740939021e-25,61.09834370205969,2.3225440396822234e-24
4630,57.635121276281865,4.396896478063638e-24,60.560691159301996,2.7605267677298997e-24
4631,54.373775225693194,1.6954983494308172e-22,60.28068192409226,1.9005324064426083e-23
4632,57.36209887264049,6.722974456855878e-24,60.3981142421427,1.8267194554896623e-23
4633,56.67939322948801,1.0555271378204775e-23,59.900375832136646,1.93144213879456e-23
4634,57.17938912382925,4.595641431740097e-24,58.97533401426597,1.9773867886929514e-23
4635,61.94137025947918,7.451673737530922e-26,59.030682800196175,1.9768793254939843e-23
4636,60.0737462563303,3.304103675379942e-25,58.609736914064605,1.9801173643919978e-23
4637,56.804224532819916,1.0319168134656311e-23,58.33249632131334,2.0728457500580657e-23
4638,64.20450173838636,6.159524347510855e-27,58.52742038430199,2.0723551462595715e-23
4639,57.175574394961316,3.534085446283549e-24,58.342919490990994,2.1008495889814678e-23
4640,58.81328567433823,6.949330191525011e-25,58.46073593079662,2.0638299543923564e-23
4641,59.92620236418074,5.315003110486253e-25,59.01597864464539,3.736466080720255e-24
4642,59.847844003379684,6.240301220802323e-25,59.2645531577193,3.1265716472426907e-24
4643,55.153113915631955,2.3592478156711457e-23,59.11192522633369,4.430292325093359e-24
4644,64.29936037281242,4.6507209784745395e-27,59.823922351232014,3.9711932540171965e-24
4645,54.82187973173698,7.973593113496145e-23,59.11197329845779,1.193733469377581e-23
4646,53.78938006799917,1.4951511244066013e-22,58.483536679624684,2.685580490108802e-23
4647,63.442352134687184,1.8512359012196225e-26,59.14734943981141,2.5825739323523612e-23
4648,57.88723961990473,5.2688389046773675e-24,58.51562322796324,2.6352007261556598e-23
4649,60.73980966989387,2.218274463169414e-25,58.872046755456495,2.6020781461559934e-23
4650,61.42959472120862,5.293113675881699e-26,59.13367766014354,2.595658127332057e-23
4651,53.87212237205443,2.1197257207693735e-22,58.5282696609309,4.710068844990944e-23
4652,57.8730335108443,3.534462732995384e-24,58.33078861167736,4.739173171100095e-23
4653,61.119189150387385,1.886406699275648e-25,58.927396135152904,4.5051347962322564e-23
4654,61.56376698579669,7.144540130396393e-26,58.65383679645133,4.505802743035512e-23
4655,60.806832131680466,1.5226822598786722e-25,59.25233203644568,3.7099661139457756e-23
4656,57.50171045188782,7.948977215148707e-24,59.62356507483455,2.294304761690662e-23
4657,56.12554672170747,2.158357822287416e-23,58.891884533536576,2.5099554203292815e-23
4658,60.459506879255486,2.8057851504614365e-25,59.14911125947166,2.460072816432969e-23
4659,61.32417540220694,1.3220182683725696e-25,59.20754783270296,2.459176560238172e-23
4660,62.855630715089326,2.5546435855617995e-26,59.350151432091025,2.4589027132291407e-23
4661,54.7382999597249,4.7212657337596565e-23,59.43676919085808,8.113035658357323e-24
4662,60.16962388748123,3.3271832792069276e-25,59.666428228521774,7.792861217849854e-24
4663,62.66554694588611,2.892127009084365e-26,59.821064008071644,7.776889277866183e-24
4664,62.04468138414357,5.809493216804074e-26,59.86915544790634,7.77555423095259e-24
4665,68.33975561183897,7.684226482053994e-29,60.622447795922184,7.760335092580285e-24
4666,58.42597657843707,2.3174528051905012e-24,60.7148744085771,7.197182651584463e-24
4667,64.67819040277392,3.9122324905558675e-27,61.57013877668375,5.039216052546104e-24
4668,61.64816629057498,1.0177220592130722e-25,61.689004717815706,5.021335421633621e-24
4669,61.185203196962796,1.1573015037345847e-25,61.675107497291286,5.01968825398724e-24
4670,62.80390429803456,2.0370770057694257e-26,61.669934855585815,5.0191706874074476e-24
4671,62.50324914029747,3.4222009822802234e-26,62.44642977364307,3.0132715463007166e-25
4672,59.90456725399005,3.2301592490799595e-25,62.41992411029395,3.00356914328802e-25
4673,57.298341631273566,4.51028045738971e-24,61.88320357883269,7.484928330586887e-25
4674,63.929252572197036,7.651150055200932e-27,62.07166069763805,7.434484548474047e-25
4675,61.410240368473055,1.085006344635714e-25,61.378709173301445,7.542908340672798e-25
4676,58.587674926227926,1.3991889422927633e-24,61.39487900808054,6.6246444777750595e-25
4677,60.63860589450953,1.559735262090967e-25,60.99092055725409,6.776705771493601e-25
4678,49.23286223994147,1.473090320072358e-20,59.74939015219074,1.4737578134289154e-21
4679,61.386128580264206,1.287595509121415e-25,59.76948269052089,1.4737591163689692e-21
4680,58.1799490135187,2.657427910689185e-24,59.307087162069294,1.4740228220830322e-21
4681,57.62693820283528,3.314865424255232e-24,58.819456068323085,1.4743508864244757e-21
4682,55.032781357550675,5.775963546252155e-23,58.332277478679146,1.4800945483782372e-21
4683,59.50322804328128,8.232666165582509e-25,58.55276611987991,1.4797258469941537e-21
4684,51.41174058434349,3.062697320181306e-21,57.30101492109456,1.7859948138972786e-21
4685,62.60139782663457,2.882586050616688e-26,57.42013066691071,1.785986846419883e-21
4686,55.605730503781345,3.913303559120483e-23,57.12193622466606,1.7897602310847744e-21
4687,58.839994217358196,1.7565044219812724e-24,56.94207505695092,1.7899202841743513e-21
4688,61.43248656545806,9.900567094921619e-26,58.16203748950257,3.168398646690884e-22
4689,57.974443233912694,3.451945763896442e-24,57.82086895486742,3.1717218329038683e-22
4690,56.869313572970654,9.874034558387004e-24,57.68980541081263,3.178938439551566e-22
4691,62.35212511578734,5.586780150388759e-26,58.16232410210783,3.175679441928815e-22
4692,56.818108280791265,1.3266233608107087e-23,58.3408567944319,3.1311860400744e-22
4693,55.57983337233171,3.956599400720215e-23,57.94851732733692,3.1699287674650438e-22
4694,63.956403542770296,9.877617580424453e-27,59.20298362317961,1.0724132490131848e-23
4695,61.28996940531851,7.878760861983632e-26,59.07184078104801,1.0729128664943217e-23
4696,60.1867278993331,2.6456738068280937e-25,59.529940520603176,6.842281843891013e-24
4697,60.26854136991074,3.612610197994368e-25,59.67279523585843,6.70275750367283e-24
4698,60.6594572588666,2.469129537880923e-25,59.5954923051993,6.717548231956717e-24
4699,46.424274698636324,3.648729031479962e-19,58.440475451671645,3.6493662668455183e-20
4700,57.820977222029065,4.4813053355877154e-24,58.5356418165775,3.64931233955329e-20
4701,67.96129663271901,8.826950592433271e-29,59.096558968270664,3.6493117817579703e-20
4702,62.91762949848971,1.948988140606026e-26,59.70651109004051,3.6491793143207036e-20
4703,60.42778300847664,2.442573328834863e-25,60.19130605365501,3.6487860969539603e-20
4704,59.64949434700207,5.1009897122430225e-25,59.76061513407817,3.648791099167496e-20
4705,61.929081311282935,6.565619585320007e-26,59.824526324674615,3.648790967853369e-20
4706,56.59835413089425,1.9710755906326656e-23,59.465688947830735,3.648985429738625e-20
4707,63.140341706114356,1.1539965733270103e-26,59.752868981451094,3.648981932528085e-20
4708,57.43806112988965,2.821719352106556e-24,59.4307293685534,3.6490076805920675e-20
4709,61.677330201966775,8.250935723500371e-26,60.95603491888645,2.794742056786217e-24
4710,62.02815229355916,6.56736717025935e-26,61.37675242603946,2.353178890397705e-24
4711,57.28492821862687,3.0511539900480236e-24,60.30911558463024,2.6582854624519154e-24
4712,63.82329553882508,6.091025584284688e-27,60.39968218866377,2.6569455768697378e-24
4713,61.67708786960396,5.816134557258478e-26,60.524612674776506,2.6383359781386476e-24
4714,57.54782462705902,3.896334263405069e-24,60.31444570278221,2.976959507356725e-24
4715,60.06649772481148,4.592491574248867e-25,60.128187344135064,3.016318803513893e-24
4716,60.630521917403705,1.961004731181703e-25,60.531404122786,1.0648532601930443e-24
4717,61.47128037863906,9.47815755484401e-26,60.36449799003848,1.0731774211745614e-24
4718,59.27729176995211,6.258614336928704e-25,60.54842105404472,8.535916293331927e-25
4719,57.911795612250486,4.271934798909356e-24,60.17186759507308,1.272534173500628e-24
4720,60.496185070936065,3.5240248159591673e-25,60.01867087281077,1.3012070544899603e-24
4721,62.67803952755732,3.7784609910742607e-26,60.55798200370382,9.998701164762323e-25
4722,58.79369779131041,1.068957004303634e-24,60.05502222895236,1.1061567143481672e-24
4723,57.171529957442814,8.313943966116351e-24,59.60446643773624,1.9317349764025436e-24
4724,57.45275651002078,4.030433404650445e-24,59.59495962603243,1.9451448905270814e-24
4725,61.488681435235726,1.531703706740825e-25,59.73717799707485,1.914537011852001e-24
4726,56.02300608880395,3.00553524202844e-23,59.27642641421488,4.900462206568624e-24
4727,57.43869261606284,5.439592041240353e-24,58.87316763795725,5.434943253137816e-24
4728,64.13641607656642,6.177300368871744e-27,59.359080068618674,5.372974839805415e-24
4729,63.06904485792512,2.7897989031355495e-26,59.874804993186146,4.9485711588176155e-24
4730,62.866690269442124,2.3998081488907267e-26,60.111855513036744,4.915730718806914e-24
4731,62.319226191803395,4.386275596074744e-26,60.075974179461355,4.916338533411914e-24
4732,60.31640858588159,2.4611273651340405e-25,60.22824525891848,4.834054106632891e-24
4733,61.98205897336974,6.721830766556019e-26,60.70929816051116,4.009381540787812e-24
4734,51.867398159055575,1.5249360676691232e-21,60.15076232541465,1.560999449672351e-22
4735,61.21043253734054,1.4769201923814056e-25,60.12293743562513,1.560993971320915e-22
4736,63.400833214703894,1.2818274987122212e-26,60.86072014821512,1.5309514371756177e-22
4737,64.84578183028131,3.1899606096947368e-27,61.60142906963697,1.5255150350949869e-22
4738,60.68310257909592,2.2598271300887547e-25,61.25609771988992,1.525734840507627e-22
4739,61.112549868322965,1.8914458062683989e-25,61.06044822092971,1.5258960870992225e-22
4740,58.61890761259121,2.1818908480864684e-24,60.63566995524461,1.52805397986582e-22
4741,57.26511648262961,6.968267443048893e-24,60.130258984327234,1.5349783845529084e-22
4742,66.01499717770113,8.443847151979054e-28,60.700117843509204,1.53473311620111e-22
4743,56.09663510420637,7.052713126190286e-24,60.11157545659286,1.5417186110196348e-22
4744,59.34781321553009,1.0522484713623745e-24,60.85961696224031,1.783479182187389e-24
4745,57.85053287578656,3.411960469065164e-24,60.52362699608491,2.109906027170092e-24
4746,63.80799159193257,4.8224579233016156e-27,60.56434283380778,2.1091064454637094e-24
4747,61.14885563820393,1.9508134777878933e-25,60.19465021460004,2.128295584180619e-24
4748,62.679468075608504,2.928147192989445e-26,60.3942867642513,2.1086254600727208e-24
4749,55.468552717317934,4.7472453148881056e-23,59.8298870491508,6.836956316898142e-24
4750,66.16658774451082,1.150392224029014e-27,60.584655062342755,6.618882271311898e-24
4751,65.43834045612914,9.606515676643659e-28,61.4019774596927,5.922151592163776e-24
4752,60.170498015167446,1.2771962593129993e-25,60.81752754343935,5.934839116285386e-24
4753,60.026101185164094,4.859943467320886e-25,61.21047415153511,5.278167238339566e-24
4754,59.14426907583627,1.3145413664236683e-24,61.19011973756572,5.304396527845695e-24
4755,59.89534538643085,3.8607663333147917e-25,61.39460098863017,5.0018081442723276e-24
4756,63.87384680205745,9.789553311201943e-27,61.40118650964264,5.002304853811117e-24
4757,58.90704238582547,5.605158749514993e-25,61.17700518440479,5.0388483065283885e-24
4758,66.19124919318644,1.082933729822921e-27,61.52818329616258,5.03602845270838e-24
4759,58.94319531804163,1.0503409353408362e-24,61.87564755623496,3.93817231354359e-25
4760,59.90613530217578,4.198144703790792e-25,61.24960231200146,4.356836391698641e-25
4761,61.82666788755795,7.948177263606041e-26,60.88843505514434,4.435357512767036e-25
4762,61.825361168484385,3.2017226522017315e-26,61.05392137047603,4.339655113357754e-25
4763,63.07563682396764,1.5865604892575962e-26,61.35887493435639,3.8695263715182412e-25
4764,59.846601611563926,3.511459039902917e-25,61.42910818792916,2.9061309090848643e-25
4765,61.685371005496435,9.437462382983499e-26,61.60811074983572,2.6144288995832205e-25
4766,56.66669395774742,1.2189856622763864e-23,60.8873954654047,1.4794495969035882e-24
4767,68.06323176593966,1.6678646734840772e-28,61.80301440341613,1.4234146880551732e-24
4768,65.50678011308968,1.61951985022582e-27,61.73456749540645,1.4234683466672133e-24
4769,63.42637407332067,1.311530417204044e-26,62.18288537093436,1.3197457835503338e-24
4770,66.38698932594868,3.0286470516669777e-28,62.83097077331164,1.2777946229829425e-24
4771,55.893642139756096,2.912018370590771e-23,62.23766819853146,4.181864816310107e-24
4772,63.28311481831256,9.745340834944522e-27,62.38344356351428,4.1796376277413996e-24
4773,60.99472391639553,2.210511440341292e-25,62.17535227275706,4.2001561816555545e-24
4774,60.52199932865589,2.756823364306358e-25,62.24289204446626,4.192609824899589e-24
4775,55.72460114689867,3.688411222852279e-23,61.64681505860648,7.871583585368884e-24
4776,58.949002757160855,9.354877173655417e-25,61.87504593854783,6.746146694829053e-24
4777,59.03977696066019,1.0802615988959535e-24,60.97270045801988,6.854156176071912e-24
4778,59.090839165426225,1.3392221935955672e-24,60.33110636325354,6.987916443446446e-24
4779,63.53262681448481,1.4703066941689002e-26,60.34173163736996,6.988075219723414e-24
4780,60.41746268720467,1.5733895592408432e-25,59.74477897349554,7.003778828845304e-24
4781,56.67475968304029,1.221315890184481e-23,59.822890727823975,5.313076348439014e-24
4782,56.95102361544462,8.832155437576998e-24,59.18968160753717,6.195317358113219e-24
4783,62.989497189280996,2.59387954800289e-26,59.389158934825716,6.1758061232578104e-24
4784,56.43726118407482,1.1188447328810722e-23,58.98068512036762,7.267082622495819e-24
4785,56.84860358403105,7.853158567279114e-24,59.093085364080856,4.3639872563714506e-24
4786,57.012041567206204,8.680524838857197e-24,58.89938924508539,5.138490968520616e-24
4787,58.91479759699051,9.628323984938998e-25,58.88689130871842,5.126748048480411e-24
4788,64.16662830994565,4.406982758850844e-27,59.394470223170366,4.9932665273967394e-24
4789,61.588234998645596,9.871439600911086e-26,59.20003104158644,5.001667660303482e-24
4790,56.64144050172253,1.1328954510510621e-23,58.82242882303823,6.118829215762136e-24
4791,57.16671790885466,7.478430950134608e-24,58.87162464561967,5.645356420591115e-24
4792,64.66272042244623,2.502537625616884e-27,59.64279432631984,4.762391130595978e-24
4793,62.35851545599743,2.926016788968703e-26,59.579696152991474,4.7627232678369424e-24
4794,62.52075747887588,3.095928377329246e-26,60.188045782471576,3.6469744633332e-24
4795,61.11595933206931,2.1240393607330897e-25,60.6147813572754,2.8828990002126188e-24
4796,60.791725935611815,1.9993474689702251e-25,60.99274979411596,2.0348399910166017e-24
4797,53.787527615216185,2.762949768462847e-22,60.480022795938524,2.956805443579568e-23
4798,63.93173455610255,8.191879139518379e-27,60.456533420554216,2.9568432925433746e-23
4799,59.600447746457604,9.857697288744535e-25,60.257754695335414,2.965713845872028e-23
4800,58.70411803056591,1.3704411848811398e-24,60.46402244821976,2.866128712615734e-23
4801,59.01662549478173,1.25003843383119e-24,60.64901320681247,2.8038447874526995e-23
4802,63.96434468810699,1.0564004884918381e-26,60.57917563337853,2.803925402125292e-23
4803,57.12227626268153,7.307721010002724e-24,60.055551714046956,2.876710010546422e-23
4804,54.30236423819734,9.559889175461635e-23,59.2337123899791,3.832389335254853e-23
4805,56.44588060640854,1.6300069971476866e-23,58.76670451741302,3.993265995608889e-23
4806,59.89982374923804,2.8308991215474586e-25,58.67751429877565,3.9940975472614656e-23
4807,54.73531009607766,3.8711977935297624e-23,58.7722925468618,1.6182675581515954e-23
4808,59.48858440576697,4.861254442046376e-25,58.32797753182824,1.6230468938022468e-23
4809,58.80332551214034,4.720331165617058e-25,58.248265308396505,1.6179095276791192e-23
4810,54.300184632823935,1.4595459692124952e-22,57.80787196862231,3.063751085042803e-23
4811,52.69692116185764,7.616902588282944e-22,57.1759015353299,1.0668153288987436e-22
4812,58.34133016233345,1.728897258358983e-24,56.61360008275254,1.0685336621522175e-22
4813,54.688767706646416,6.672197268272926e-23,56.37024922714903,1.1279479138249441e-22
4814,50.82276981331813,4.763996672973776e-21,56.02228978466111,5.796345695044104e-22
4815,52.43422686739354,6.835842770706933e-22,55.62112441075961,6.46362990214332e-22
4816,50.361258534912956,5.357058702363245e-21,54.66726788932711,1.182040551459441e-21
4817,57.58238551514165,3.1620798738002655e-24,54.95197543123349,1.1784855616532914e-21
4818,53.81203429116852,4.564571206323172e-23,54.384320419773665,1.183001520315194e-21
4819,56.91749147442153,6.334453617373029e-24,54.195737016001786,1.1835877623652752e-21
4820,53.817755850649256,1.899441100283567e-22,54.14749413778431,1.187986713675986e-21
4821,54.83256191437751,6.065936290473084e-23,54.36105821303629,1.1178836240836296e-21
4822,53.52314057140738,3.643893219819388e-22,53.87923925394368,1.1541496665559875e-21
4823,55.705428339164754,2.9155362257995865e-23,53.98090531719553,1.1503930055135143e-21
4824,52.48313679934731,4.1614217484820133e-22,54.146942015798444,7.156075557009567e-22
4825,49.38614131896583,1.6486022119970944e-20,53.842133460955665,2.2958513399909816e-21
4826,57.90125044440722,1.911918175213812e-24,54.5961326519051,1.760336661572179e-21
4827,49.68050247622874,1.2078941311491581e-20,53.8059443480138,2.967914584733957e-21
4828,58.517537945956995,1.447881381092702e-24,54.27649471349265,2.9634948016657427e-21
4829,66.05378194553273,9.33573524664561e-28,55.19012376060376,2.962861449661358e-21
4830,57.699287871096466,4.920563937384543e-24,55.57827696264849,2.944359095052261e-21
4831,53.88504469238269,1.9441268416982518e-22,55.48352524044901,2.9577344271787703e-21
4832,55.268902440721234,4.128719031349125e-23,55.658101427380394,2.9254242140119255e-21
4833,59.859983714396684,4.144375966724153e-25,56.073556964903595,2.9225501215457932e-21
4834,48.01039796291271,9.327444077085892e-20,55.626283081260134,1.2208379981146866e-20
4835,63.79872277030822,1.1306435553740504e-26,57.06754122639437,1.0559778899793325e-20
4836,62.84008355116603,2.4988158159490227e-26,57.56142453707025,1.0559590206791621e-20
4837,53.92683824063607,2.559710632553653e-22,57.98605811351099,9.377293181967999e-21
4838,53.34076034397391,4.0906049656949215e-22,57.46838035331268,9.418054443486839e-21
4839,63.563908842722086,1.1310395019984e-26,57.21939304303161,9.418055481168988e-21
4840,57.406257911690055,4.2391534508487755e-24,57.190090047090976,9.417987340120334e-21
4841,59.38362548699984,8.947950697524976e-25,57.739948126552676,9.398635551210328e-21
4842,58.578638648605576,1.6150848515201098e-24,58.07092174734112,9.39466834066413e-21
4843,61.025812160130435,1.3986140347799845e-25,58.18750459191449,9.39464088304481e-21
4844,62.199889064532094,3.769164519446547e-26,59.60645370207642,6.720057512343845e-23
4845,57.7121756885062,4.31759385214043e-24,58.99779899389623,6.763120386509711e-23
4846,62.116642877212726,6.79931025993742e-26,58.925454926500905,6.763550435954111e-23
4847,58.73883870783219,1.9825322743346463e-24,59.40665497322051,4.223665126143804e-23
4848,58.62034440888014,1.2576203708203124e-24,59.93461337971113,1.4563636415708595e-24
4849,56.50777388163136,1.356310692110787e-23,59.22899988360206,2.811543294179648e-24
4850,61.31447803624215,7.855290149793774e-26,59.619821896057275,2.395483239244564e-24
4851,63.32863451832658,7.964390389913621e-27,60.01432279918994,2.306800171308306e-24
4852,60.25424108381742,2.538167258774387e-25,60.18188304271113,2.1706733587440387e-24
4853,59.07906415306848,1.250554965559148e-24,59.98720824200493,2.281742714952154e-24
4854,62.62194429266165,2.6754675295512644e-26,60.02941376481789,2.2806490179622586e-24
4855,53.80649403888246,1.399306313671921e-22,59.638845599855514,1.5841952769467423e-23
4856,56.75934334747536,8.7797623623811e-24,59.10311564688178,1.6713129695445597e-23
4857,60.299913142481856,3.793449230275218e-25,59.259223090346744,1.6552810960314884e-23
4858,63.30786575621262,2.2345639447023482e-26,59.72797522508,1.6429283487177555e-23
4859,63.87609932051023,9.629660896685758e-27,60.46480776896789,1.5073935761156435e-23
4860,55.40988524675842,4.507077096774534e-23,59.87434849001951,1.9573157567781177e-23
4861,53.901862639542564,1.122663043277125e-22,58.931671302141105,3.0798991561513435e-23
4862,54.66888267661571,7.376960135167505e-23,58.37313546142093,3.815057002409319e-23
4863,54.24676320866131,1.6611075948727437e-22,57.889905366980216,5.463659047626472e-23
4864,55.820722650990376,2.8819755908897596e-23,57.209783202813085,5.751589059962492e-23
4865,55.75762911858019,3.8593328314666425e-23,57.404896710782864,4.7382160294372345e-23
4866,58.532610138170526,1.963658211508728e-24,57.58222338985238,4.6700549879285127e-23
4867,59.72608692642791,7.065204430435031e-25,57.52484076824699,4.673326743128672e-23
4868,59.941637987415774,5.59131261955419e-25,57.188217991367296,4.6786945993537567e-23
4869,62.352210689612484,5.639588745812309e-26,57.03582912827752,4.67916226161937e-23
4870,63.51054011551522,6.611178744427413e-27,57.8458946151532,4.228520663729362e-23
4871,66.73417026643608,6.29860871007011e-28,59.129125377842556,3.105863919060947e-23
4872,54.38906574979515,9.090900482122877e-23,59.1011436851605,3.277257953756484e-23
4873,56.755260852327574,4.694403697205528e-24,59.351993449527114,1.6630943958557953e-23
4874,60.873334598686576,1.3272758801696335e-25,59.857254644296745,1.376224112646989e-23
4875,59.73355879145472,4.873364570289329e-25,60.2548476115842,9.95164194070614e-24
4876,60.764458174397916,2.342452166505807e-25,60.47803241520694,9.778700641220325e-24
4877,61.144916720894216,8.955148925227225e-26,60.619915394653574,9.717003745841202e-24
4878,60.577975563632016,3.119671187270879e-25,60.68354915227519,9.692287331518368e-24
4879,61.92392522159538,7.082742864581273e-26,60.64072060547348,9.693730485637138e-24
4880,63.20798857676355,2.0278399515249697e-26,60.610465451598316,9.69509720771422e-24
4881,55.81109566043859,2.2125112725106086e-23,59.51815799099857,1.1907545494137727e-23
4882,61.237362340164346,1.2220290526121748e-25,60.202987650035496,2.828865302540973e-24
4883,63.28017655398705,1.6737346858626717e-26,60.855479220201445,2.361098667506283e-24
4884,58.44886360289261,2.5027561379965403e-24,60.61303212062204,2.5981015225042406e-24
4885,61.14282244534781,1.482198920036722e-25,60.753958486011356,2.564189866001715e-24
4886,62.25181431564051,5.808690601525227e-26,60.90269410013561,2.5465740349381817e-24
4887,57.74407930000931,4.2699197374319315e-24,60.56261035804712,2.964610859756148e-24
4888,56.144162022369244,2.324585413399234e-23,60.11922900392083,5.257999561282673e-24
4889,64.50615338419252,3.1291432537353983e-27,60.37745182018055,5.251229732743465e-24
4890,60.063454727877165,3.959070374811498e-25,60.06299843529191,5.2887925965400554e-24
4891,61.93603094664776,2.9089376493277973e-26,60.675491963912826,3.0791902616787744e-24
4892,61.789451774059735,2.689100968439446e-26,60.73070090730238,3.0696590721210922e-24
4893,58.62176321573831,1.3227256461723536e-24,60.264859573477494,3.200257902052465e-24
4894,58.69603108156097,2.0771654424068207e-24,60.28957632134433,3.157698832493493e-24
4895,57.92040514388174,4.587535690485308e-24,59.967334591197734,3.601630412341657e-24
4896,61.244496926884445,1.4877998140910408e-25,59.866602852322124,3.610699719881042e-24
4897,60.813175407349156,1.6328415097133383e-25,60.1735124630561,3.2000361612349822e-24
4898,66.80394644277479,5.352802979131015e-28,61.23949090509666,8.75504275865539e-25
4899,62.40972593162149,3.81833003626651e-26,61.029848159839545,8.79009691576432e-25
4900,62.01341830027046,3.334488021335562e-26,61.224844517078886,8.427534758496528e-25
4901,62.40363202215825,2.2598623083169832e-26,61.27160462462994,8.42104400508642e-25
4902,56.30360238862497,1.441972417974404e-23,60.72301968608646,2.2813877175146065e-24
4903,55.88761932445262,1.239633250311301e-23,60.4496052969579,3.3887484032086716e-24
4904,61.1315312991262,1.426335345458924e-25,60.69315531871441,3.1952952124225796e-24
4905,64.81224946822599,1.9704099063763366e-27,61.38233975114885,2.7367386843646868e-24
4906,58.802114041761804,9.93294691439158e-25,61.13810146263658,2.8211901553676917e-24
4907,55.81817263037383,3.066581504882061e-23,60.63860118493905,5.87144324515262e-24
4908,62.26895920995878,5.651318370883294e-26,60.185102461657436,5.8770410354937114e-24
4909,56.77175261661693,9.08027166708514e-24,59.62130513015698,6.78124987216596e-24
4910,47.90773765527097,6.921278004665555e-20,58.21073706565703,6.9280559200497e-21
4911,64.60470797045718,3.4014806787852005e-27,58.430844660486926,6.92805400033546e-21
4912,60.17447879539195,4.298241420909762e-25,58.817932301163616,6.926655010331693e-21
4913,60.94623809651641,8.342436845825915e-26,59.323794178369994,6.925423719518228e-21
4914,62.90498774048902,2.21459500433289e-26,59.501139822506275,6.925411670759777e-21
4915,66.96284074913002,3.709930350371735e-28,59.716198950596684,6.925411510818092e-21
4916,58.61814069574488,2.2940958535916798e-24,59.69780161599499,6.925541590934307e-21
4917,60.51146904930709,3.083102702200758e-25,60.16713125788832,6.922505840456447e-21
4918,60.88965211790366,1.7759309523875306e-25,60.02920054868281,6.922517948447598e-21
4919,50.94965532464375,3.999172218316353e-21,59.44699081948549,7.321527143112526e-21
4920,58.540059413663684,2.1863029360443704e-24,60.510222995324774,4.0046776874057547e-22
4921,63.629389356086214,7.630686921921667e-27,60.41269113388766,4.0046819166119977e-22
4922,54.6332288627377,4.2942814275446535e-23,59.858566140622244,4.047194906745354e-22
4923,43.01889820093915,7.36025855740819e-18,58.06583215106451,7.364305668890566e-19
4924,55.04789080423543,7.267688044255571e-23,57.280122457439155,7.364378323625058e-19
4925,56.32707933756176,1.5087199809978926e-23,56.216546316282326,7.364393410453873e-19
4926,59.84258661720246,2.9295552153736914e-25,56.338990908428094,7.364391409313542e-19
4927,61.17744593479881,1.3708559868325801e-25,56.40558859697726,7.36439123808887e-19
4928,62.10110524569272,6.942432359618573e-26,56.52673390975616,7.364391129920099e-19
4929,54.616803700821784,1.0551228669125849e-22,56.893448747373974,7.360497469988473e-19
4930,61.84575196517561,5.612952380837908e-26,57.224018002525156,7.360495339815062e-19
4931,23.749620851838195,1.9094316005398373e-09,53.23604115210037,1.9094316079003328e-10
4932,60.15020751866576,4.203724550235827e-25,53.78773901769317,1.9094316079002901e-10
4933,57.38947803508361,5.684608391421605e-24,55.22479700110762,1.909431600540037e-10
4934,54.01376938803709,1.935041654476298e-22,55.121384859487776,1.9094316005401583e-10
4935,64.10532688771545,8.693226562123805e-27,55.89920961450315,1.909431600540143e-10
4936,57.08440429959255,6.611584615756993e-24,55.623391382742156,1.9094316005401495e-10
4937,58.87754701496706,1.348172540337091e-24,55.39340149075898,1.9094316005401503e-10
4938,50.850385920990405,4.679367473780522e-21,54.26832955828875,1.9094316005448298e-10
4939,56.66484841208163,7.787217704500652e-24,54.47313402941474,1.909431600544732e-10
4940,59.61411773978745,4.539375494685832e-25,54.24997060687592,1.9094316005447326e-10
4941,64.81863901829388,2.2295238274574112e-27,58.35687242352149,4.89518845523505e-22
4942,50.03928875982858,8.641996961265715e-21,57.345780547637766,1.3536765044045742e-21
4943,61.62162144886045,1.1342838072173455e-25,57.768994889015445,1.353119386403504e-21
4944,54.72367731623489,1.328800607377492e-22,57.83998568183523,1.347056975932516e-21
4945,53.05585292160173,4.396996360004845e-22,56.73503828522386,1.3910260702099082e-21
4946,57.18075019466962,6.781500972209277e-24,56.74467287473156,1.3910430618455536e-21
4947,50.65130685160422,3.174988871873649e-21,55.922048858395286,1.7084071317788846e-21
4948,58.44514737490127,9.872201239101324e-25,56.681525003786376,1.2405691064132236e-21
4949,60.3845662773278,3.4066609035384297e-25,57.05349679031099,1.2398244512518088e-21
4950,58.900678107416034,7.550083469430609e-25,56.98215282707385,1.2398545583315562e-21
4951,57.593759471903134,3.626038807474484e-24,56.25966487243477,1.2402169392599212e-21
4952,63.88494058978228,1.0304168844307967e-26,57.64423005543015,3.7601827355023393e-22
4953,60.37047364267216,3.423946226336706e-25,57.51911527481131,3.7604117017442515e-22
4954,62.464247778746625,3.7885329883698375e-26,58.29317232106249,3.627569526336386e-22
4955,61.09359148863837,1.224547227276523e-25,59.096946177766156,3.1879923450586287e-22
4956,62.51150720853621,2.8038746796970173e-26,59.63002187915281,3.1812388828332166e-22
4957,55.966764716401336,1.402432457056294e-23,60.161567665632525,2.0274335530130757e-24
4958,62.044533257845586,2.82592414531981e-26,60.521506253926965,1.9315374647673826e-24
4959,59.764857128153885,7.2362967830869835e-25,60.45953533900956,1.969833823562868e-24
4960,60.50331876564571,2.32669852745449e-25,60.619799404832534,1.917599974143107e-24
4961,61.638359010631056,4.9850264981155354e-26,61.02425935870532,1.5599811198937743e-24
4962,63.535220363556746,1.6330819774248022e-26,60.98928733608276,1.5605837849867681e-24
4963,53.58479153324733,2.322684676428169e-22,60.31071912514028,2.475319108700509e-23
4964,55.009052395793724,5.0588686460411e-23,59.565199586845,2.980827120005782e-23
4965,63.989660960075646,5.524004993886553e-27,59.85480653398872,2.979657812828444e-23
4966,56.50312358255233,8.275719398494594e-24,59.25396817139034,3.062134619345421e-23
4967,62.57500983625192,3.3826145618177605e-26,59.91479268337539,2.922229635095973e-23
4968,56.03169026626077,1.5875226119302088e-23,59.3135083842169,3.0806993038744615e-23
4969,63.45821560760144,1.5164700833403975e-26,59.68284423216166,3.0736146540997086e-23
4970,57.86747508811857,2.5891281823536516e-24,59.41925986440894,3.0971792373957906e-23
4971,66.87216787774427,4.447914255763094e-28,59.942640751120265,3.0966851826602355e-23
4972,66.48035844328726,7.990151423985356e-28,60.23715455909333,3.0965298646139164e-23
4973,58.68664943229939,1.3844608973060321e-24,60.747340348998534,7.87689797158808e-24
4974,58.064308384523194,2.4605517129386394e-24,61.052865947871474,3.0640844968408445e-24
4975,58.1372491389963,1.6243749851278957e-24,60.46762476576354,3.225969594854246e-24
4976,62.35003812558527,3.1809866715717126e-26,61.05231622006683,2.401578641676358e-24
4977,57.33452902158074,6.229639979539611e-24,60.52826813859972,3.0211600250685012e-24
4978,59.9675686911756,3.0064283399688027e-25,60.9218559810912,1.4637016965379804e-24
4979,58.75984860045256,1.422556640812397e-24,60.45201928037632,1.6044408905358798e-24
4980,57.664306491075976,3.9548857884902536e-24,60.43170242067206,1.7410166511495402e-24
4981,62.00170931911068,7.136568277179517e-26,59.94465656480869,1.748108740284162e-24
4982,61.09835533540965,1.2983012285047546e-25,59.40645625402094,1.7610118510549697e-24
4983,62.814860682572494,2.5284878832615297e-26,59.81927737904825,1.6250942492076278e-24
4984,58.171477448649036,9.96102114044085e-25,59.82999428546084,1.4786492893181726e-24
4985,59.559126932123746,7.47717505617211e-25,59.97218206477358,1.3909835413671041e-24
4986,65.35377457241009,2.554422062974748e-27,60.27255570945606,1.3880579969018298e-24
4987,58.700017806808816,1.2220478874508905e-24,60.40910458797886,8.872987876929578e-25
4988,62.27184173894558,3.0803509357535054e-26,60.63953189275586,8.603148552290233e-25
4989,60.42596367119043,2.6087889850843395e-25,60.80614339982965,7.44147080998627e-25
4990,61.50041323675706,4.666727917884098e-26,61.189754074397754,3.533252300674857e-25
4991,56.56751126581824,1.0225863575865906e-23,60.646334269068504,1.3687750193768967e-24
4992,54.192273100903265,7.452963009792075e-23,59.95572604561787,8.808755016883924e-24
4993,65.54991263639977,1.3672190064439014e-27,60.229231241000605,8.806363250901307e-24
4994,61.2963074003938,1.1664988690163649e-25,60.54171423617508,8.718418028187063e-24
4995,64.87544380631886,2.3921729340327413e-27,61.073345923594594,8.643885494918743e-24
4996,60.44632483686894,1.538396356866219e-25,60.582600950040465,8.65901401628111e-24
4997,51.50832619098392,2.0480112764931252e-21,59.86343178845799,2.1333793687684856e-22
4998,60.90331643891044,1.5051026033535696e-25,59.726579258454464,2.133499075519463e-22
4999,60.153004127911416,4.390341188703638e-25,59.699283304126574,2.1336772307398253e-22
5000,59.858345156619066,4.511512770199616e-25,59.53507649611278,2.134081714737666e-22
